# Blender 4.5.5 LTS
# www.blender.org
o cake
v 0.147217 0.014431 0.501428
v 0.147064 0.014859 0.484793
v 0.145325 0.00906 0.501823
v 0.144196 0.008908 0.484213
v 0.143768 0.018673 0.497284
v 0.143127 0.025387 0.493057
v 0.142609 0.017361 0.480719
v 0.141418 0.009366 0.537613
v 0.141388 0.022427 0.477591
v 0.140472 0.02258 0.507299
v 0.139038 0.009976 0.505107
v 0.138977 0.009243 0.544498
v 0.137909 0.009488 0.51688
v 0.137787 0.016049 0.524204
v 0.137543 0.009213 0.471655
v 0.136871 0.014279 0.547962
v 0.134827 0.01376 0.515244
v 0.134705 0.013943 0.470123
v 0.133636 0.009274 0.526171
v 0.133118 0.009304 0.549068
v 0.13205 0.023007 0.536022
v 0.131683 0.016385 0.536278
v 0.131439 0.034329 0.484335
v 0.131287 0.035275 0.492677
v 0.131256 0.027066 0.471937
v 0.130157 0.007382 0.549931
v 0.130005 0.018856 0.555496
v 0.12973 0.022885 0.506897
v 0.129089 0.020565 0.512607
v 0.128815 0.017483 0.516865
v 0.128082 0.009701 0.559658
v 0.127594 0.016812 0.464329
v 0.127228 0.021084 0.543655
v 0.126648 0.038601 0.48114
v 0.126068 0.013485 0.556622
v 0.125671 0.009182 0.466026
v 0.124969 0.036129 0.530767
v 0.124603 0.024777 0.557037
v 0.124084 0.03674 0.49799
v 0.122711 0.007138 0.465649
v 0.121918 0.010586 0.570862
v 0.121368 0.049954 0.48455
v 0.121246 0.028897 0.5256
v 0.119995 0.025082 0.514207
v 0.119812 0.028958 0.542973
v 0.119781 0.01788 0.559841
v 0.119202 0.047665 0.538685
v 0.11908 0.009732 0.465126
v 0.118958 0.018582 0.469671
v 0.118927 0.027218 0.559883
v 0.118835 0.028592 0.533722
v 0.118805 0.03555 0.549133
v 0.118378 0.041989 0.529224
v 0.118164 0.049618 0.487739
v 0.117798 0.042294 0.51955
v 0.117004 0.032742 0.473337
v 0.116882 0.034543 0.522551
v 0.116791 0.011105 0.572708
v 0.116272 0.03677 0.498315
v 0.115723 0.041104 0.544586
v 0.115326 0.050106 0.533859
v 0.114807 0.035122 0.512867
v 0.113251 0.010525 0.470615
v 0.113129 0.024594 0.508337
v 0.113068 0.028683 0.518757
v 0.112885 0.038449 0.47996
v 0.11264 0.030362 0.550953
v 0.111084 0.036648 0.49487
v 0.110199 0.02734 0.47595
v 0.109436 0.020138 0.573807
v 0.109314 0.043454 0.517885
v 0.109253 0.058987 0.532539
v 0.108459 0.029568 0.510382
v 0.108398 0.057583 0.540829
v 0.108246 0.025143 0.560825
v 0.107727 0.035885 0.488032
v 0.107697 0.019314 0.4687
v 0.107605 0.045224 0.55547
v 0.107605 0.017239 0.458214
v 0.107391 0.017483 0.452156
v 0.107147 0.018582 0.461464
v 0.106812 0.032406 0.558216
v 0.106323 0.02258 0.458218
v 0.10614 0.017819 0.469965
v 0.106079 0.027737 0.506073
v 0.105927 0.021023 0.449924
v 0.105499 0.012021 0.569565
v 0.105103 0.011136 0.470926
v 0.104828 0.012783 0.45517
v 0.104675 0.047635 0.512984
v 0.104034 0.025052 0.453892
v 0.10376 0.061612 0.527275
v 0.103577 0.024685 0.459873
v 0.103241 0.011319 0.451374
v 0.103088 0.018216 0.476395
v 0.102722 0.04147 0.556637
v 0.102478 0.024868 0.501673
v 0.102051 0.027554 0.477486
v 0.10202 0.018338 0.467064
v 0.101837 0.011776 0.463791
v 0.101624 0.011319 0.474833
v 0.101288 0.01672 0.570122
v 0.101044 0.033474 0.51101
v 0.100739 0.059445 0.544247
v 0.100586 0.016324 0.444805
v 0.100433 0.070187 0.532063
v 0.10025 0.029904 0.491581
v 0.099609 0.023312 0.466103
v 0.099182 0.023648 0.487856
v 0.098755 0.022091 0.444374
v 0.098663 0.04971 0.516403
v 0.098572 0.02847 0.509811
v 0.09787 0.038296 0.563797
v 0.097748 0.02435 0.481712
v 0.097382 0.069638 0.537052
v 0.097046 0.015805 0.493899
v 0.096924 0.060574 0.522863
v 0.096924 0.027798 0.570152
v 0.096344 0.036953 0.506098
v 0.096008 0.022122 0.500874
v 0.095947 0.031674 0.559025
v 0.095947 0.011837 0.44569
v 0.095825 0.017788 0.469811
v 0.095795 0.026974 0.454292
v 0.09552 0.018765 0.483076
v 0.095337 0.026211 0.448586
v 0.095032 0.026486 0.457806
v 0.094421 0.012204 0.491796
v 0.094116 0.01199 0.488073
v 0.093781 0.068142 0.532154
v 0.093536 0.017758 0.442436
v 0.093506 0.022915 0.568207
v 0.092957 0.041836 0.510679
v 0.092865 0.022702 0.502842
v 0.092865 0.01199 0.4678
v 0.09198 0.019741 0.571114
v 0.091766 0.024044 0.466457
v 0.090881 0.013394 0.580696
v 0.090637 0.026303 0.4863
v 0.090607 0.02966 0.509209
v 0.090271 0.04913 0.5102
v 0.09021 0.020413 0.478577
v 0.090179 0.018765 0.48661
v 0.090057 0.026486 0.458157
v 0.089569 0.047848 0.558811
v 0.089203 0.059353 0.544498
v 0.089142 0.022824 0.490341
v 0.089081 0.021939 0.444714
v 0.088257 0.030117 0.47957
v 0.088196 0.012661 0.445515
v 0.088104 0.01727 0.468863
v 0.087891 0.022519 0.493847
v 0.08786 0.036282 0.509109
v 0.08786 0.033047 0.561073
v 0.08783 0.058712 0.522697
v 0.087738 0.018063 0.499668
v 0.087433 0.017361 0.491778
v 0.087097 0.024228 0.472164
v 0.086731 0.031765 0.486376
v 0.086548 0.025082 0.504368
v 0.086548 0.01318 0.466099
v 0.086029 0.041348 0.558323
v 0.085907 0.060299 0.529428
v 0.085846 0.014279 0.48733
v 0.085785 0.02673 0.495556
v 0.085754 0.017727 0.44466
v 0.085632 0.012692 0.48184
v 0.085144 0.023343 0.449123
v 0.084747 0.013546 0.476513
v 0.084656 0.027401 0.563866
v 0.084534 0.012936 0.490341
v 0.084473 0.02438 0.45499
v 0.084106 0.019741 0.445168
v 0.083862 0.031796 0.559635
v 0.083771 0.022335 0.463322
v 0.083313 0.032681 0.476145
v 0.08316 0.014065 0.579941
v 0.083038 0.01727 0.47016
v 0.08252 0.012845 0.461144
v 0.082489 0.030423 0.510694
v 0.082489 0.017636 0.46455
v 0.082275 0.047635 0.51535
v 0.082001 0.019711 0.577721
v 0.08194 0.033078 0.491646
v 0.081696 0.019406 0.498371
v 0.081177 0.020779 0.501599
v 0.081055 0.01318 0.449554
v 0.080994 0.049679 0.550941
v 0.080688 0.025967 0.467102
v 0.0802 0.014157 0.496101
v 0.079865 0.013394 0.499128
v 0.079834 0.01968 0.452126
v 0.079651 0.039242 0.506028
v 0.07962 0.018521 0.456608
v 0.079529 0.038662 0.560795
v 0.078583 0.024197 0.5065
v 0.0784 0.03439 0.483782
v 0.07785 0.026333 0.466518
v 0.077148 0.033535 0.55476
v 0.07666 0.040402 0.50843
v 0.07663 0.025082 0.499599
v 0.076508 0.015347 0.467815
v 0.075958 0.020077 0.464375
v 0.075806 0.020932 0.575226
v 0.075562 0.049527 0.525633
v 0.07547 0.031277 0.469997
v 0.075104 0.014553 0.500214
v 0.075043 0.032101 0.509361
v 0.074646 0.015347 0.498735
v 0.074493 0.044796 0.555496
v 0.074341 0.022244 0.499877
v 0.07428 0.051236 0.538681
v 0.074249 0.015011 0.570297
v 0.074036 0.051388 0.546021
v 0.073792 0.039761 0.515684
v 0.0737 0.023739 0.506936
v 0.073334 0.032803 0.491193
v 0.072968 0.048733 0.517931
v 0.072906 0.040036 0.549477
v 0.072906 0.032711 0.485912
v 0.072845 0.027157 0.568642
v 0.072815 0.032864 0.510594
v 0.072784 0.028592 0.497132
v 0.072418 0.030789 0.558186
v 0.072052 0.020413 0.505826
v 0.071899 0.0332 0.47504
v 0.071808 0.013974 0.500029
v 0.071777 0.032376 0.520369
v 0.071716 0.028378 0.466011
v 0.070557 0.032071 0.548168
v 0.070496 0.050686 0.53231
v 0.069916 0.031491 0.483391
v 0.069763 0.038296 0.51877
v 0.069763 0.026913 0.497077
v 0.069672 0.032711 0.475824
v 0.069611 0.042141 0.530132
v 0.069305 0.033444 0.535767
v 0.069061 0.021054 0.565552
v 0.068817 0.023922 0.46452
v 0.068512 0.026059 0.506424
v 0.068146 0.019284 0.500931
v 0.068115 0.029568 0.468266
v 0.067505 0.014737 0.499508
v 0.067474 0.033596 0.542938
v 0.067017 0.026425 0.497347
v 0.066956 0.038174 0.544586
v 0.066071 0.015316 0.466148
v 0.065979 0.032742 0.525839
v 0.065918 0.03262 0.529293
v 0.065887 0.026486 0.558479
v 0.065796 0.018216 0.464542
v 0.06543 0.01846 0.507122
v 0.065338 0.042294 0.538933
v 0.064697 0.039792 0.523829
v 0.06427 0.031155 0.484293
v 0.063385 0.030178 0.473104
v 0.063141 0.026181 0.468273
v 0.062714 0.02026 0.49782
v 0.062622 0.027584 0.491339
v 0.062561 0.015744 0.568863
v 0.062317 0.015133 0.496561
v 0.062286 0.027279 0.519825
v 0.062195 0.028164 0.538948
v 0.062195 0.015194 0.468658
v 0.062012 0.015072 0.507071
v 0.060333 0.022152 0.493181
v 0.060242 0.017117 0.472765
v 0.060181 0.030941 0.547905
v 0.06015 0.015774 0.557739
v 0.06012 0.026303 0.513544
v 0.059509 0.015835 0.565109
v 0.059326 0.015225 0.491158
v 0.059082 0.02081 0.506493
v 0.058624 0.015286 0.47464
v 0.058533 0.027615 0.480591
v 0.058472 0.025814 0.475218
v 0.058441 0.020626 0.551159
v 0.058411 0.029538 0.525442
v 0.058319 0.028744 0.550015
v 0.058105 0.021908 0.473677
v 0.0578 0.021878 0.47168
v 0.057648 0.024441 0.55851
v 0.057281 0.016324 0.482225
v 0.057159 0.022152 0.487039
v 0.056396 0.015377 0.482819
v 0.056122 0.02026 0.481882
v 0.056122 0.016385 0.508479
v 0.054108 0.020749 0.509476
v 0.053101 0.020382 0.526566
v 0.049927 0.02438 0.530983
v 0.049622 0.016873 0.51039
v 0.049042 0.02377 0.535305
v 0.048828 0.016354 0.531464
v 0.048798 0.016171 0.508801
v 0.045532 0.017331 0.538834
v 0.045349 0.016781 0.546524
v 0.04422 0.016659 0.519623
v 0.430527 0.039761 0.0672
v 0.430038 0.034115 0.051727
v 0.425385 0.03909 0.102875
v 0.423859 0.023861 0.021606
v 0.423065 0.027462 0.023865
v 0.421997 0.041684 0.104675
v 0.40876 0.026699 0.041718
v 0.404823 0.032803 0.085175
v 0.40464 0.023587 0.072357
v 0.403175 0.028561 0.09906
v 0.399078 0.0238 0.056793
v 0.398247 0.037869 0.134583
v 0.397156 0.041134 0.134949
v 0.39695 0.028225 0.081848
v 0.391617 0.031063 0.107178
v 0.389694 0.025814 0.11026
v 0.388817 0.037625 0.147522
v 0.388374 0.03265 0.101227
v 0.388184 0.033871 0.131622
v 0.385963 0.036282 0.126282
v 0.385963 0.029232 0.102844
v 0.385155 0.034665 0.144592
v 0.384293 0.01791 0.074585
v 0.383461 0.02142 0.099304
v 0.378983 0.035641 0.143311
v 0.371155 0.037167 0.147766
v 0.368988 0.036038 0.136261
v 0.368805 0.028042 0.123199
v 0.36441 0.034146 0.13208
v 0.364319 0.030209 0.148834
v 0.364212 0.035977 0.161316
v 0.36412 0.031125 0.124573
v 0.363419 0.028408 0.138123
v 0.362289 0.016964 0.092926
v 0.361588 0.025143 0.133209
v 0.360611 0.03851 0.162781
v 0.360413 0.015042 0.10144
v 0.360229 0.026333 0.129089
v 0.352585 0.024563 0.092896
v 0.352524 0.026211 0.098724
v 0.3479 0.030209 0.06369
v 0.347824 0.028958 0.150299
v 0.346802 0.025814 0.130554
v 0.346573 0.022091 0.132477
v 0.344238 0.023007 0.148254
v 0.343109 0.02789 0.052704
v 0.341324 0.030301 0.080444
v 0.341049 0.015103 0.133698
v 0.339951 0.028286 0.16037
v 0.339539 0.018734 0.13266
v 0.339203 0.032498 0.158447
v 0.338242 0.031369 0.173676
v 0.336975 0.028103 0.095306
v 0.336685 0.033505 0.171722
v 0.336212 0.023007 0.098694
v 0.335632 0.02496 0.15213
v 0.33551 0.025631 0.074158
v 0.33223 0.030301 0.093384
v 0.332214 0.029263 0.045136
v 0.331604 0.014767 0.147553
v 0.331329 0.023098 0.127564
v 0.329651 0.027432 0.081482
v 0.329208 0.017849 0.132599
v 0.328888 0.026883 0.031738
v 0.328064 0.023526 0.032349
v 0.327362 0.052365 0.187866
v 0.326202 0.032528 0.058563
v 0.325989 0.011105 0.1492
v 0.325867 0.055722 0.184692
v 0.32576 0.018826 0.123444
v 0.324295 0.029599 0.062164
v 0.3237 0.027401 0.177582
v 0.322922 0.032284 0.181671
v 0.322021 0.03027 0.086365
v 0.320541 0.027646 0.089233
v 0.319443 0.014645 0.158417
v 0.31813 0.019589 0.140991
v 0.317886 0.0126 0.15033
v 0.317841 0.015072 0.155762
v 0.317078 0.041623 0.174683
v 0.316696 0.02261 0.174255
v 0.315186 0.023648 0.108124
v 0.314621 0.023983 0.137207
v 0.314468 0.020047 0.134369
v 0.313675 0.026455 0.110809
v 0.312531 0.021939 0.177734
v 0.311005 0.04913 0.172089
v 0.309219 0.016659 0.169159
v 0.30835 0.047268 0.173981
v 0.308212 0.018307 0.175262
v 0.308121 0.010952 0.151337
v 0.306747 0.011044 0.166962
v 0.305878 0.035855 0.169678
v 0.305832 0.022305 0.12854
v 0.303085 0.036557 0.172943
v 0.302261 0.012967 0.179169
v 0.302216 0.012112 0.155609
v 0.300964 0.023953 0.13913
v 0.298828 0.018948 0.144775
v 0.297333 0.013241 0.164337
v 0.29657 0.012539 0.15686
v 0.295609 0.043698 0.161682
v 0.295578 0.009152 0.176575
v 0.295258 0.015194 0.145447
v 0.294891 0.011685 0.155884
v 0.294449 0.011776 0.14624
v 0.291641 0.016018 0.133728
v 0.29068 0.018399 0.172119
v 0.290543 0.019253 0.129272
v 0.28891 0.01907 0.174896
v 0.288147 0.012356 0.172913
v 0.287857 0.009121 0.208191
v 0.287674 0.03793 0.155243
v 0.287399 0.009488 0.171967
v 0.28688 0.020138 0.200958
v 0.286728 0.01611 0.212524
v 0.286224 0.009427 0.175568
v 0.285553 0.022244 0.11264
v 0.285294 0.041134 0.15744
v 0.284836 0.017239 0.207459
v 0.284668 0.009274 0.19577
v 0.284012 0.033017 0.157715
v 0.283585 0.012783 0.14621
v 0.283401 0.01791 0.191589
v 0.282837 0.007077 0.191223
v 0.282425 0.03381 0.160797
v 0.28241 0.009457 0.214752
v 0.281479 0.020382 0.107025
v 0.28064 0.028225 0.15448
v 0.279907 0.009488 0.186737
v 0.2798 0.015591 0.219605
v 0.279617 0.016568 0.148285
v 0.279129 0.012753 0.168152
v 0.278915 0.027432 0.208344
v 0.278488 0.023159 0.104614
v 0.278351 0.025479 0.216949
v 0.278 0.022915 0.192108
v 0.276642 0.018216 0.227905
v 0.274292 0.023373 0.151764
v 0.273926 0.030209 0.201996
v 0.273895 0.012844 0.144318
v 0.273376 0.044064 0.145477
v 0.273178 0.014218 0.139648
v 0.272934 0.020535 0.18335
v 0.2715 0.013546 0.22821
v 0.271088 0.008572 0.185577
v 0.271057 0.025662 0.152344
v 0.270645 0.019589 0.140869
v 0.269958 0.037198 0.198425
v 0.269775 0.0238 0.225098
v 0.269287 0.022488 0.125458
v 0.269028 0.018277 0.121918
v 0.268478 0.009457 0.233276
v 0.268433 0.014737 0.174011
v 0.267761 0.019192 0.174133
v 0.267593 0.009671 0.180573
v 0.267563 0.015408 0.160797
v 0.267548 0.020413 0.166382
v 0.267532 0.009182 0.239929
v 0.266876 0.011288 0.161316
v 0.266769 0.011898 0.156403
v 0.266739 0.043698 0.144043
v 0.266663 0.021756 0.185852
v 0.266144 0.021481 0.128449
v 0.26532 0.023373 0.098206
v 0.265106 0.010617 0.174377
v 0.264633 0.039944 0.140106
v 0.26416 0.016476 0.179749
v 0.263901 0.046902 0.200775
v 0.263718 0.036801 0.193543
v 0.263458 0.028866 0.186249
v 0.263367 0.023556 0.175262
v 0.263214 0.033749 0.21582
v 0.263123 0.020535 0.098877
v 0.261414 0.025204 0.167603
v 0.26123 0.048214 0.204803
v 0.260727 0.021298 0.158539
v 0.259048 0.017849 0.122192
v 0.258484 0.019589 0.181885
v 0.258331 0.031094 0.192505
v 0.258011 0.010037 0.182465
v 0.257462 0.0108 0.179688
v 0.257339 0.014126 0.15387
v 0.257111 0.014981 0.182434
v 0.25676 0.025021 0.169403
v 0.255737 0.01669 0.15387
v 0.255493 0.036557 0.19516
v 0.255386 0.034573 0.213318
v 0.255234 0.024746 0.226044
v 0.255051 0.025509 0.176361
v 0.254486 0.021328 0.182098
v 0.253662 0.023526 0.161774
v 0.253281 0.025052 0.188507
v 0.253189 0.009335 0.230103
v 0.253082 0.024014 0.106415
v 0.252991 0.017392 0.226746
v 0.252701 0.021206 0.157318
v 0.251694 0.016293 0.182526
v 0.250717 0.012417 0.153687
v 0.250565 0.02023 0.103241
v 0.250351 0.025082 0.16684
v 0.249969 0.02966 0.211151
v 0.249512 0.011136 0.183685
v 0.249023 0.033505 0.201019
v 0.248779 0.009488 0.255081
v 0.247955 0.011441 0.17804
v 0.247833 0.01968 0.142273
v 0.246521 0.010861 0.190277
v 0.246307 0.016049 0.155396
v 0.246094 0.018185 0.259598
v 0.24585 0.021176 0.160339
v 0.245514 0.023434 0.174103
v 0.245514 0.008999 0.230133
v 0.243713 0.013791 0.253449
v 0.243561 0.021847 0.190125
v 0.243286 0.019284 0.212891
v 0.243164 0.013852 0.158722
v 0.243011 0.019009 0.161194
v 0.242981 0.025967 0.091217
v 0.242889 0.023068 0.245026
v 0.242767 0.017117 0.176239
v 0.242218 0.01199 0.21698
v 0.242157 0.022915 0.219574
v 0.242126 0.017209 0.226166
v 0.242004 0.00906 0.238586
v 0.241913 0.020352 0.196045
v 0.241455 0.02322 0.089264
v 0.241394 0.012112 0.170197
v 0.241302 0.019375 0.164948
v 0.241089 0.012448 0.165131
v 0.240356 0.026486 0.187927
v 0.239838 0.017819 0.185638
v 0.239502 0.020535 0.129974
v 0.239044 0.023465 0.181397
v 0.238983 0.011654 0.194794
v 0.238617 0.01846 0.195679
v 0.238525 0.027127 0.196655
v 0.237671 0.017514 0.250977
v 0.237671 0.017361 0.181152
v 0.237457 0.010312 0.210236
v 0.237152 0.021206 0.201874
v 0.236145 0.03146 0.185638
v 0.235657 0.02554 0.177582
v 0.235565 0.023495 0.098572
v 0.235168 0.012112 0.18808
v 0.235077 0.021084 0.227081
v 0.234924 0.021817 0.202759
v 0.234222 0.025265 0.120728
v 0.23407 0.022091 0.273697
v 0.233734 0.020626 0.174255
v 0.233459 0.017178 0.272034
v 0.233093 0.019558 0.095734
v 0.23288 0.027768 0.245605
v 0.232208 0.017239 0.174469
v 0.232086 0.029324 0.202545
v 0.232025 0.012783 0.178528
v 0.23175 0.029812 0.177704
v 0.231537 0.0397 0.246674
v 0.23056 0.023495 0.11499
v 0.230286 0.012021 0.20047
v 0.229675 0.030697 0.241882
v 0.229523 0.033627 0.197632
v 0.22934 0.019436 0.206177
v 0.229065 0.026822 0.224823
v 0.228973 0.017605 0.216064
v 0.227966 0.015438 0.175446
v 0.227905 0.026272 0.174255
v 0.2276 0.033963 0.185272
v 0.2276 0.022976 0.214386
v 0.227509 0.038021 0.239136
v 0.226501 0.022366 0.100769
v 0.226044 0.026638 0.207275
v 0.225983 0.047604 0.239502
v 0.225922 0.029995 0.257736
v 0.225708 0.026242 0.102173
v 0.225464 0.038327 0.228577
v 0.225281 0.033078 0.181885
v 0.22525 0.032437 0.252472
v 0.224731 0.019955 0.173126
v 0.224701 0.014401 0.175476
v 0.223724 0.017819 0.286682
v 0.223694 0.033963 0.198639
v 0.223541 0.033078 0.185486
v 0.22345 0.026791 0.275208
v 0.223419 0.036068 0.264832
v 0.223022 0.049984 0.254013
v 0.222961 0.046902 0.246429
v 0.222809 0.021939 0.276794
v 0.222656 0.027981 0.260742
v 0.222565 0.031247 0.232086
v 0.222168 0.03027 0.177368
v 0.221893 0.025448 0.173676
v 0.221893 0.011166 0.211487
v 0.220337 0.031735 0.187927
v 0.219971 0.012967 0.204315
v 0.219757 0.019864 0.082123
v 0.219482 0.008633 0.281906
v 0.218903 0.022519 0.081543
v 0.218567 0.033261 0.198883
v 0.218079 0.048336 0.235199
v 0.217804 0.014706 0.286011
v 0.217773 0.01257 0.284424
v 0.217285 0.045681 0.260101
v 0.216858 0.017147 0.206665
v 0.215912 0.031979 0.187622
v 0.215576 0.014645 0.177551
v 0.215515 0.026028 0.2211
v 0.21524 0.029446 0.179596
v 0.214569 0.022183 0.206116
v 0.214142 0.039822 0.226166
v 0.214142 0.029171 0.223755
v 0.213898 0.012509 0.202393
v 0.213745 0.027279 0.203766
v 0.213745 0.022549 0.176147
v 0.212616 0.044674 0.22287
v 0.211578 0.031613 0.272018
v 0.211273 0.049221 0.266068
v 0.2099 0.017605 0.209259
v 0.209747 0.063412 0.246185
v 0.209686 0.029141 0.18869
v 0.209534 0.013333 0.183228
v 0.209503 0.025662 0.201721
v 0.209259 0.028408 0.195313
v 0.209045 0.020077 0.179993
v 0.208405 0.048397 0.228088
v 0.208405 0.012967 0.198303
v 0.207977 0.041226 0.270432
v 0.207947 0.028195 0.21106
v 0.207855 0.025845 0.184509
v 0.207092 0.01669 0.201752
v 0.207001 0.013943 0.190155
v 0.206787 0.0397 0.217163
v 0.205933 0.025662 0.191406
v 0.205597 0.019619 0.186066
v 0.205566 0.018582 0.208527
v 0.205414 0.068509 0.247437
v 0.205109 0.065945 0.253357
v 0.204712 0.032101 0.219513
v 0.204559 0.023312 0.195679
v 0.204468 0.026913 0.283981
v 0.204315 0.01611 0.191315
v 0.203461 0.011715 0.205444
v 0.203308 0.009121 0.294571
v 0.203278 0.022671 0.205597
v 0.202545 0.020108 0.281326
v 0.202423 0.051297 0.224518
v 0.201691 0.027066 0.208221
v 0.201599 0.062191 0.239014
v 0.201172 0.070309 0.249115
v 0.20108 0.030819 0.272949
v 0.199768 0.039639 0.276291
v 0.199585 0.039761 0.221252
v 0.199066 0.03088 0.217468
v 0.195465 0.019009 0.202087
v 0.194885 0.013272 0.203888
v 0.194183 0.030484 0.273376
v 0.194092 0.009121 0.289322
v 0.193573 0.043393 0.217957
v 0.193451 0.05563 0.259903
v 0.192902 0.019009 0.289627
v 0.190765 0.059262 0.242889
v 0.190704 0.040646 0.269684
v 0.190613 0.060025 0.249634
v 0.189636 0.046292 0.227234
v 0.189484 0.051388 0.230133
v 0.188873 0.031765 0.221985
v 0.188568 0.019406 0.203369
v 0.187408 0.049374 0.261368
v 0.187378 0.009488 0.284729
v 0.186829 0.038113 0.218872
v 0.185455 0.030148 0.268402
v 0.185089 0.019986 0.285812
v 0.184387 0.013241 0.200653
v 0.184082 0.036251 0.271866
v 0.183838 0.030728 0.224426
v 0.183716 0.022274 0.211945
v 0.182434 0.032101 0.232178
v 0.180664 0.049771 0.258316
v 0.180237 0.027432 0.275635
v 0.179749 0.043271 0.265671
v 0.179138 0.046048 0.239563
v 0.178497 0.031552 0.262665
v 0.178467 0.037716 0.261581
v 0.177917 0.044552 0.230469
v 0.177582 0.028408 0.215424
v 0.177338 0.044461 0.255447
v 0.177246 0.019223 0.275803
v 0.176666 0.049862 0.243866
v 0.175659 0.013546 0.204865
v 0.175201 0.036496 0.246246
v 0.174896 0.031948 0.235718
v 0.174866 0.030606 0.244934
v 0.174042 0.02554 0.267014
v 0.173981 0.025937 0.230774
v 0.173889 0.031796 0.256088
v 0.173798 0.01025 0.28595
v 0.173553 0.018185 0.214203
v 0.173523 0.037198 0.236755
v 0.171753 0.013272 0.21106
v 0.171387 0.023922 0.214844
v 0.171082 0.038205 0.254318
v 0.170532 0.014248 0.216766
v 0.169586 0.015988 0.209381
v 0.16861 0.018338 0.275925
v 0.168457 0.021328 0.235107
v 0.167908 0.025052 0.250443
v 0.16745 0.016446 0.216522
v 0.167267 0.014279 0.199219
v 0.166595 0.011288 0.2798
v 0.165863 0.012906 0.264542
v 0.165741 0.021298 0.255417
v 0.165497 0.026516 0.261917
v 0.164429 0.021267 0.219086
v 0.164124 0.021176 0.226135
v 0.164124 0.01376 0.261063
v 0.163849 0.020474 0.268295
v 0.163513 0.027798 0.23941
v 0.162964 0.015805 0.241943
v 0.16275 0.012143 0.277206
v 0.160889 0.02322 0.240784
v 0.160278 0.016751 0.220093
v 0.158417 0.016903 0.228577
v 0.158142 0.016323 0.247009
v 0.15686 0.016629 0.251297
v 0.501802 0.046933 0.095215
v 0.502875 0.040921 0.085327
v 0.50297 0.020169 0.124298
v 0.503022 0.025357 0.077271
v 0.504502 0.015316 0.131317
v 0.504817 0.026761 0.116547
v 0.505466 0.01376 0.071564
v 0.505936 0.025662 0.104858
v 0.506157 0.0238 0.130951
v 0.506637 0.009823 0.133057
v 0.507304 0.025967 0.092621
v 0.507853 0.025753 0.112091
v 0.508281 0.012082 0.085907
v 0.5087 0.015652 0.140076
v 0.509039 0.021573 0.071747
v 0.509151 0.019772 0.092407
v 0.509312 0.018826 0.082397
v 0.509483 0.020443 0.078766
v 0.510646 0.013577 0.071991
v 0.510789 0.023617 0.102264
v 0.510947 0.020962 0.063171
v 0.511203 0.015072 0.062378
v 0.51167 0.027646 0.070862
v 0.511848 0.018277 0.094605
v 0.512168 0.008725 0.141663
v 0.51289 0.028744 0.080902
v 0.513492 0.02435 0.086151
v 0.513939 0.017941 0.139343
v 0.514235 0.030117 0.127228
v 0.515412 0.012326 0.083069
v 0.515613 0.017331 0.086243
v 0.515755 0.025967 0.062866
v 0.516611 0.018856 0.059174
v 0.517324 0.039486 0.115906
v 0.517454 0.023434 0.095612
v 0.517778 0.012936 0.093903
v 0.517784 0.021878 0.088867
v 0.518082 0.023404 0.141693
v 0.518263 0.033139 0.075134
v 0.518665 0.035366 0.108643
v 0.519472 0.031155 0.084656
v 0.521114 0.010159 0.143066
v 0.523312 0.02496 0.135498
v 0.523682 0.034756 0.106018
v 0.523794 0.047268 0.114807
v 0.523935 0.017361 0.089722
v 0.524048 0.011441 0.092773
v 0.52421 0.025875 0.058685
v 0.524256 0.032925 0.082977
v 0.524357 0.032193 0.073334
v 0.524637 0.014737 0.057892
v 0.524662 0.029019 0.088684
v 0.525209 0.014584 0.145294
v 0.525257 0.040554 0.124054
v 0.525284 0.046322 0.120239
v 0.525459 0.012051 0.085114
v 0.525879 0.030087 0.062714
v 0.525913 0.034268 0.077881
v 0.526499 0.029202 0.103241
v 0.527046 0.025662 0.090302
v 0.527321 0.02142 0.056427
v 0.529097 0.010769 0.143951
v 0.529345 0.017392 0.088928
v 0.529451 0.02615 0.136597
v 0.529903 0.045803 0.117035
v 0.529997 0.015774 0.139526
v 0.530085 0.032742 0.069855
v 0.530914 0.038784 0.123047
v 0.530973 0.011044 0.097229
v 0.531326 0.021847 0.09491
v 0.531834 0.036679 0.109192
v 0.532887 0.033413 0.080475
v 0.533382 0.03796 0.116669
v 0.533531 0.012448 0.083344
v 0.533733 0.030575 0.08551
v 0.534763 0.032406 0.068085
v 0.534824 0.02026 0.088196
v 0.535519 0.026181 0.059876
v 0.535679 0.015347 0.060181
v 0.536076 0.009213 0.136719
v 0.536896 0.012906 0.0802
v 0.537304 0.022732 0.130768
v 0.537373 0.026181 0.086304
v 0.537895 0.015316 0.062225
v 0.538322 0.024105 0.104462
v 0.538464 0.015927 0.09552
v 0.538475 0.015866 0.090729
v 0.539375 0.021237 0.092865
v 0.539661 0.021786 0.060547
v 0.539932 0.027005 0.063721
v 0.540096 0.015744 0.138733
v 0.540367 0.030636 0.07724
v 0.540409 0.015622 0.084412
v 0.540554 0.030331 0.07193
v 0.540623 0.011654 0.092346
v 0.541164 0.010952 0.10144
v 0.541233 0.013791 0.074036
v 0.541271 0.023281 0.117035
v 0.54137 0.018063 0.079926
v 0.541519 0.019345 0.08252
v 0.542015 0.025753 0.129028
v 0.542019 0.019833 0.10022
v 0.542217 0.021756 0.085571
v 0.542225 0.028805 0.112305
v 0.542328 0.02319 0.096954
v 0.542583 0.01437 0.06842
v 0.543194 0.025631 0.079132
v 0.543251 0.014401 0.129456
v 0.543453 0.011471 0.110901
v 0.543987 0.017727 0.065949
v 0.544136 0.012448 0.082306
v 0.544308 0.018399 0.080536
v 0.544353 0.017941 0.074982
v 0.544365 0.02145 0.106415
v 0.545082 0.010952 0.100678
v 0.545189 0.023983 0.071411
v 0.545437 0.009274 0.124939
v 0.54636 0.01669 0.104614
v 0.546848 0.02554 0.091949
v 0.547241 0.009488 0.117554
v 0.547874 0.025448 0.087219
v 0.548046 0.018612 0.124847
v 0.548531 0.025113 0.100555
v 0.549004 0.012478 0.080505
v 0.549129 0.022152 0.104492
v 0.549328 0.022671 0.08075
v 0.55146 0.016354 0.105896
v 0.551945 0.016903 0.078522
v 0.553249 0.027096 0.095825
v 0.554615 0.023465 0.104004
v 0.555248 0.011105 0.101746
v 0.55592 0.012478 0.081116
v 0.557056 0.02612 0.084656
v 0.557194 0.04147 0.081329
v 0.557266 0.03439 0.088928
v 0.55809 0.033078 0.086334
v 0.558262 0.015561 0.104218
v 0.558609 0.051388 0.078278
v 0.558704 0.026486 0.092346
v 0.559044 0.02612 0.097046
v 0.5592 0.018307 0.079834
v 0.560871 0.02319 0.08316
v 0.560917 0.011959 0.09848
v 0.561127 0.018032 0.103027
v 0.561672 0.060635 0.076843
v 0.561684 0.039761 0.093048
v 0.562267 0.05093 0.086487
v 0.562321 0.014035 0.099518
v 0.562321 0.012478 0.085663
v 0.562744 0.04559 0.091248
v 0.563454 0.010525 0.110046
v 0.563683 0.024838 0.091949
v 0.564255 0.058468 0.084534
v 0.564255 0.012387 0.089447
v 0.564369 0.016323 0.085449
v 0.565285 0.038357 0.10083
v 0.56591 0.011593 0.107605
v 0.566154 0.020108 0.096741
v 0.56633 0.020108 0.086456
v 0.566879 0.030423 0.108643
v 0.567352 0.017147 0.090973
v 0.568283 0.077267 0.077881
v 0.568436 0.009671 0.121155
v 0.568565 0.054898 0.094574
v 0.569229 0.064297 0.089142
v 0.570328 0.069485 0.088928
v 0.570419 0.052151 0.100037
v 0.57058 0.04443 0.105347
v 0.570885 0.035672 0.112305
v 0.570953 0.013455 0.125977
v 0.571533 0.074826 0.087952
v 0.571892 0.068356 0.07489
v 0.572136 0.027157 0.1203
v 0.572617 0.06094 0.071259
v 0.573166 0.062802 0.099182
v 0.573242 0.013485 0.12851
v 0.574211 0.042782 0.113312
v 0.574265 0.034054 0.119873
v 0.576187 0.063595 0.079285
v 0.576363 0.054379 0.110626
v 0.576614 0.030087 0.12793
v 0.576683 0.018429 0.13446
v 0.576897 0.073544 0.097565
v 0.577225 0.04263 0.119782
v 0.578079 0.049832 0.069428
v 0.578369 0.071988 0.104401
v 0.57843 0.069333 0.094452
v 0.578484 0.065792 0.10849
v 0.578583 0.053738 0.070404
v 0.578857 0.010952 0.120483
v 0.580368 0.025082 0.138855
v 0.580444 0.012265 0.10144
v 0.580795 0.054287 0.078339
v 0.582329 0.036709 0.135101
v 0.582367 0.065976 0.100983
v 0.582764 0.043881 0.131073
v 0.582916 0.056912 0.122162
v 0.582939 0.053738 0.085053
v 0.584244 0.047116 0.076569
v 0.584808 0.038113 0.072845
v 0.585686 0.072079 0.115936
v 0.586304 0.051938 0.132416
v 0.586609 0.071652 0.121491
v 0.586655 0.065335 0.110901
v 0.58667 0.050106 0.09256
v 0.586784 0.039517 0.073914
v 0.58696 0.034481 0.141724
v 0.587234 0.04675 0.137634
v 0.587555 0.042599 0.141327
v 0.588409 0.054226 0.104157
v 0.589279 0.011044 0.116638
v 0.589333 0.030392 0.077484
v 0.589447 0.058072 0.135284
v 0.589508 0.017208 0.126678
v 0.589989 0.042813 0.14267
v 0.590187 0.012692 0.097748
v 0.590897 0.013485 0.120667
v 0.592537 0.040707 0.095917
v 0.592705 0.035794 0.087952
v 0.592873 0.022793 0.083832
v 0.592957 0.014065 0.082184
v 0.593239 0.070462 0.135132
v 0.593338 0.059231 0.139923
v 0.593498 0.016537 0.091278
v 0.593689 0.071072 0.133026
v 0.59388 0.021084 0.077179
v 0.594147 0.064175 0.127716
v 0.594513 0.023312 0.130432
v 0.59481 0.031369 0.135895
v 0.594948 0.051327 0.117218
v 0.595146 0.024777 0.084076
v 0.596825 0.025326 0.089691
v 0.596931 0.036068 0.105225
v 0.597069 0.014523 0.075928
v 0.598 0.030545 0.102203
v 0.598328 0.026242 0.080292
v 0.59903 0.011898 0.114655
v 0.599312 0.0509 0.126129
v 0.599586 0.021176 0.097046
v 0.599701 0.017849 0.07254
v 0.59977 0.02377 0.074432
v 0.60022 0.056637 0.13623
v 0.600296 0.052517 0.13797
v 0.600601 0.040554 0.120209
v 0.600616 0.015377 0.096283
v 0.601227 0.049435 0.130676
v 0.601547 0.012204 0.098084
v 0.601601 0.026974 0.082672
v 0.60183 0.031277 0.113678
v 0.602188 0.019375 0.097961
v 0.602768 0.025723 0.091797
v 0.603264 0.018917 0.106659
v 0.603668 0.036587 0.123627
v 0.604919 0.011837 0.112274
v 0.60508 0.039975 0.134705
v 0.605522 0.023922 0.095917
v 0.605881 0.011258 0.108887
v 0.606224 0.026455 0.08194
v 0.606384 0.026944 0.128082
v 0.606544 0.036831 0.131287
v 0.60659 0.017086 0.119751
v 0.607513 0.015957 0.115601
v 0.607941 0.015744 0.098084
v 0.608284 0.023617 0.123199
v 0.608315 0.015042 0.071381
v 0.608368 0.023922 0.073425
v 0.608589 0.019253 0.070313
v 0.608871 0.026577 0.091034
v 0.609779 0.020291 0.097992
v 0.610886 0.025937 0.079529
v 0.613319 0.015164 0.075562
v 0.6138 0.012814 0.093048
v 0.613937 0.020291 0.074677
v 0.61554 0.018185 0.094696
v 0.616463 0.022519 0.089874
v 0.616531 0.014523 0.079376
v 0.616554 0.023068 0.081055
v 0.617119 0.013516 0.086365
v 0.618279 0.018429 0.080811
v 0.61837 0.017208 0.088348
v 0.499757 0.029293 0.101013
v 0.49975 0.038998 0.107849
v 0.499229 0.021908 0.060303
v 0.499062 0.015561 0.06311
v 0.498919 0.037503 0.095856
v 0.498221 0.032162 0.079956
v 0.497686 0.034695 0.077576
v 0.496261 0.016415 0.134583
v 0.495686 0.031216 0.119659
v 0.495408 0.015438 0.054199
v 0.494114 0.049801 0.090607
v 0.493804 0.046414 0.113647
v 0.493677 0.039975 0.116547
v 0.492615 0.047543 0.105438
v 0.49211 0.009854 0.131683
v 0.491763 0.026272 0.060791
v 0.491631 0.037503 0.123077
v 0.490636 0.040097 0.077881
v 0.490392 0.016873 0.050507
v 0.489108 0.048367 0.074829
v 0.486472 0.042172 0.068604
v 0.486233 0.032406 0.074249
v 0.486058 0.059567 0.093445
v 0.485805 0.059414 0.10495
v 0.485778 0.027707 0.066284
v 0.484804 0.030301 0.121491
v 0.482626 0.009182 0.143158
v 0.482252 0.048153 0.075867
v 0.480663 0.015469 0.047485
v 0.47987 0.046597 0.123383
v 0.47979 0.033444 0.067535
v 0.478819 0.026669 0.13269
v 0.478785 0.0621 0.090424
v 0.477491 0.023526 0.058136
v 0.476748 0.020688 0.131592
v 0.476488 0.019375 0.055786
v 0.476469 0.052548 0.075317
v 0.475964 0.055355 0.114716
v 0.475924 0.02966 0.0578
v 0.475798 0.030758 0.125519
v 0.475 0.070584 0.098663
v 0.473402 0.044461 0.120544
v 0.472889 0.017941 0.137482
v 0.472826 0.071621 0.101349
v 0.471178 0.052975 0.079956
v 0.470167 0.046139 0.069428
v 0.470087 0.061306 0.086884
v 0.469887 0.038998 0.126495
v 0.469648 0.032986 0.071625
v 0.468708 0.061123 0.107758
v 0.468681 0.029354 0.120239
v 0.466625 0.062802 0.093079
v 0.465683 0.014676 0.055267
v 0.465023 0.050137 0.117859
v 0.463924 0.022671 0.05188
v 0.463833 0.028469 0.066345
v 0.463444 0.038144 0.069244
v 0.463135 0.01611 0.137848
v 0.462727 0.056637 0.105347
v 0.46257 0.009335 0.131531
v 0.461899 0.039273 0.116882
v 0.460762 0.041806 0.075073
v 0.460171 0.033078 0.071625
v 0.459179 0.023922 0.057404
v 0.458164 0.029263 0.117767
v 0.457817 0.015774 0.05191
v 0.456833 0.049252 0.077148
v 0.455673 0.023281 0.064941
v 0.455654 0.023831 0.128052
v 0.455223 0.049252 0.097351
v 0.455074 0.031765 0.079041
v 0.453587 0.018399 0.124756
v 0.453407 0.052029 0.087708
v 0.453381 0.030117 0.066834
v 0.453342 0.035366 0.117279
v 0.452103 0.027157 0.114197
v 0.452095 0.038998 0.105072
v 0.4519 0.046048 0.107208
v 0.451344 0.043423 0.085663
v 0.44957 0.039425 0.080566
v 0.449425 0.014676 0.05481
v 0.447273 0.032833 0.084717
v 0.446598 0.031582 0.10202
v 0.446568 0.025662 0.077728
v 0.44471 0.013485 0.069153
v 0.444298 0.040646 0.094574
v 0.442997 0.024014 0.066681
v 0.441734 0.007321 0.121368
v 0.441334 0.009365 0.131744
v 0.440716 0.026333 0.098267
v 0.439857 0.01965 0.081238
v 0.438354 0.009335 0.125458
v 0.437939 0.026944 0.084015
v 0.436447 0.018277 0.112061
v 0.435143 0.009915 0.11792
v 0.434807 0.011898 0.089905
v 0.434715 0.01315 0.072754
v 0.434402 0.024167 0.111633
v 0.434105 0.015988 0.122833
v 0.432129 0.022885 0.090942
v 0.429565 0.010647 0.112335
v 0.429405 0.011105 0.103577
v 0.429207 0.016415 0.102722
v 0.500465 0.047238 0.900452
v 0.50118 0.044461 0.914887
v 0.501965 0.025204 0.865753
v 0.502038 0.033352 0.872894
v 0.502903 0.035672 0.911285
v 0.502995 0.02203 0.930481
v 0.503611 0.022122 0.854462
v 0.503671 0.039669 0.875641
v 0.503831 0.031735 0.926056
v 0.503911 0.04852 0.877319
v 0.504875 0.048855 0.884003
v 0.505599 0.056057 0.899628
v 0.505607 0.02734 0.932983
v 0.505691 0.034451 0.917877
v 0.505734 0.032498 0.868256
v 0.50585 0.040127 0.918396
v 0.507379 0.040158 0.86554
v 0.507588 0.057095 0.887421
v 0.507827 0.017758 0.935669
v 0.509391 0.049771 0.909271
v 0.510686 0.008633 0.844543
v 0.511392 0.030484 0.865784
v 0.512763 0.053555 0.913849
v 0.512785 0.062252 0.895966
v 0.51311 0.020352 0.940582
v 0.513407 0.033535 0.868042
v 0.513583 0.049374 0.873505
v 0.51367 0.014065 0.937561
v 0.513732 0.039212 0.915863
v 0.513792 0.012021 0.846558
v 0.514926 0.017788 0.855194
v 0.515526 0.063229 0.888123
v 0.515667 0.027646 0.856445
v 0.515886 0.047818 0.86618
v 0.516342 0.033505 0.916992
v 0.517294 0.039639 0.86731
v 0.517359 0.064053 0.900177
v 0.517435 0.042111 0.922852
v 0.517607 0.047757 0.920776
v 0.519287 0.018887 0.942444
v 0.519411 0.015652 0.942749
v 0.519432 0.013241 0.844757
v 0.519691 0.02734 0.925934
v 0.520159 0.009121 0.841522
v 0.520765 0.053494 0.913696
v 0.520784 0.032193 0.864258
v 0.521837 0.034054 0.921661
v 0.523083 0.05679 0.874481
v 0.52342 0.040341 0.923248
v 0.523472 0.063199 0.881836
v 0.523834 0.014767 0.944458
v 0.523876 0.012295 0.844513
v 0.524143 0.019955 0.939911
v 0.524843 0.057003 0.912018
v 0.524876 0.072873 0.895905
v 0.524912 0.039029 0.863373
v 0.525007 0.051815 0.915131
v 0.525831 0.049801 0.871491
v 0.5261 0.033719 0.92215
v 0.526241 0.074063 0.892181
v 0.52632 0.026181 0.861481
v 0.528738 0.021206 0.932861
v 0.529009 0.031491 0.870117
v 0.529076 0.041378 0.918823
v 0.529184 0.065518 0.885651
v 0.531006 0.063839 0.904388
v 0.531025 0.014584 0.942474
v 0.531181 0.053982 0.912537
v 0.532253 0.020871 0.933685
v 0.532578 0.056851 0.876465
v 0.532639 0.027585 0.933868
v 0.533001 0.048184 0.869873
v 0.533569 0.009549 0.856018
v 0.533752 0.02969 0.930756
v 0.533951 0.033749 0.918091
v 0.534115 0.063199 0.889893
v 0.534618 0.040005 0.871002
v 0.535431 0.045804 0.921936
v 0.535896 0.062405 0.900574
v 0.537025 0.057827 0.911652
v 0.537537 0.053585 0.881622
v 0.537773 0.02081 0.851013
v 0.538483 0.042202 0.921509
v 0.53854 0.014004 0.93335
v 0.538727 0.045804 0.913696
v 0.539322 0.031735 0.870178
v 0.542065 0.027859 0.924683
v 0.542328 0.033719 0.91684
v 0.54245 0.032589 0.878632
v 0.542778 0.027554 0.861359
v 0.542904 0.016873 0.860626
v 0.543022 0.024838 0.932709
v 0.543365 0.03909 0.872345
v 0.543793 0.020016 0.935272
v 0.544415 0.049099 0.889862
v 0.544613 0.035489 0.910248
v 0.545292 0.049405 0.881409
v 0.545753 0.039792 0.88266
v 0.546093 0.025906 0.871521
v 0.546139 0.014096 0.933716
v 0.547668 0.023709 0.925781
v 0.547951 0.046322 0.911133
v 0.548351 0.043698 0.901855
v 0.548367 0.050778 0.899109
v 0.549725 0.034237 0.897064
v 0.550148 0.009396 0.855469
v 0.550198 0.019009 0.930481
v 0.550251 0.029385 0.920074
v 0.551289 0.020504 0.924164
v 0.551815 0.014126 0.931549
v 0.5522 0.034909 0.904724
v 0.552559 0.006619 0.867188
v 0.552814 0.033749 0.886108
v 0.553772 0.02496 0.908508
v 0.554195 0.043667 0.891144
v 0.554817 0.013638 0.927582
v 0.55484 0.024563 0.921204
v 0.555351 0.01492 0.870789
v 0.555573 0.025937 0.872314
v 0.555695 0.028836 0.894409
v 0.556534 0.018002 0.862457
v 0.556793 0.030758 0.885223
v 0.557281 0.013119 0.918304
v 0.558205 0.019406 0.877533
v 0.559227 0.02847 0.903351
v 0.559612 0.041165 0.934479
v 0.560585 0.018795 0.904205
v 0.560726 0.038876 0.935516
v 0.561161 0.01907 0.899963
v 0.561501 0.020016 0.915314
v 0.562737 0.041531 0.928375
v 0.562866 0.009091 0.87085
v 0.563553 0.012448 0.913635
v 0.563866 0.034909 0.895691
v 0.56414 0.011227 0.894562
v 0.564217 0.011746 0.890747
v 0.564453 0.036557 0.911774
v 0.564606 0.036465 0.893768
v 0.564751 0.027554 0.875977
v 0.564926 0.032132 0.867401
v 0.565857 0.037167 0.863953
v 0.566063 0.026486 0.873962
v 0.566467 0.035763 0.898712
v 0.566513 0.038723 0.911285
v 0.56665 0.011837 0.907105
v 0.566833 0.037259 0.950867
v 0.567146 0.029293 0.875183
v 0.568504 0.011136 0.880676
v 0.56852 0.020047 0.88858
v 0.568787 0.016934 0.883881
v 0.568932 0.039029 0.951355
v 0.56926 0.009945 0.878387
v 0.569427 0.035122 0.950165
v 0.571724 0.03793 0.8526
v 0.574562 0.039334 0.853943
v 0.574837 0.036038 0.963348
v 0.575241 0.027554 0.880127
v 0.575943 0.035641 0.851898
v 0.576538 0.02911 0.91687
v 0.577293 0.029843 0.888031
v 0.577629 0.033505 0.886963
v 0.578461 0.024441 0.88092
v 0.578766 0.030758 0.863403
v 0.579048 0.028286 0.870789
v 0.580055 0.033535 0.926697
v 0.580582 0.026059 0.862335
v 0.580704 0.035977 0.856293
v 0.580719 0.038998 0.850678
v 0.580772 0.040432 0.845795
v 0.583351 0.030453 0.890595
v 0.583572 0.03088 0.965454
v 0.585472 0.03439 0.971069
v 0.585831 0.025631 0.880981
v 0.586372 0.029904 0.908478
v 0.588951 0.02847 0.896973
v 0.589157 0.022213 0.873688
v 0.589287 0.030697 0.931427
v 0.589302 0.035611 0.8396
v 0.59005 0.028866 0.974152
v 0.590714 0.022549 0.9039
v 0.590813 0.022702 0.882874
v 0.591217 0.028683 0.921997
v 0.59182 0.020382 0.878998
v 0.591843 0.023068 0.93457
v 0.592491 0.02496 0.877747
v 0.592651 0.02731 0.859619
v 0.593597 0.03735 0.847046
v 0.593674 0.026333 0.900391
v 0.594345 0.030148 0.848328
v 0.594948 0.038754 0.838379
v 0.595398 0.027737 0.916199
v 0.598351 0.017758 0.881775
v 0.59845 0.021542 0.857697
v 0.598816 0.025204 0.981476
v 0.598862 0.016964 0.877838
v 0.599297 0.02435 0.868378
v 0.599586 0.027646 0.980347
v 0.601418 0.017575 0.881226
v 0.602074 0.03088 0.851563
v 0.602722 0.01141 0.881897
v 0.602882 0.020321 0.944397
v 0.604233 0.018307 0.963348
v 0.604797 0.036831 0.833862
v 0.604851 0.019162 0.877228
v 0.605019 0.022427 0.960388
v 0.605026 0.023434 0.944977
v 0.605034 0.023159 0.860413
v 0.605293 0.035611 0.842835
v 0.606003 0.016995 0.935059
v 0.606079 0.011288 0.883637
v 0.606735 0.015316 0.879578
v 0.607323 0.030819 0.8396
v 0.60804 0.020504 0.870453
v 0.608215 0.016934 0.879456
v 0.609039 0.01434 0.923981
v 0.609047 0.014889 0.937073
v 0.609604 0.018582 0.95462
v 0.609619 0.018216 0.96225
v 0.60994 0.015408 0.941986
v 0.610069 0.016507 0.946289
v 0.610603 0.018734 0.942658
v 0.610771 0.02145 0.9599
v 0.610802 0.01318 0.913818
v 0.61097 0.017971 0.931976
v 0.611794 0.01849 0.873291
v 0.612091 0.015286 0.938629
v 0.612106 0.012539 0.905579
v 0.612144 0.028286 0.849243
v 0.612434 0.01138 0.879791
v 0.61274 0.016507 0.988892
v 0.612778 0.02026 0.970306
v 0.612953 0.016934 0.980072
v 0.613052 0.012051 0.898193
v 0.614639 0.0155 0.910004
v 0.614647 0.011715 0.889313
v 0.614777 0.019436 0.865601
v 0.614861 0.014798 0.888123
v 0.61515 0.018277 0.989655
v 0.615158 0.014218 0.925201
v 0.615364 0.031643 0.841431
v 0.615784 0.01672 0.871735
v 0.616127 0.029751 0.830902
v 0.617188 0.012204 0.868958
v 0.618622 0.014157 0.863739
v 0.618973 0.031857 0.833771
v 0.619026 0.011654 0.890259
v 0.619469 0.017239 0.865875
v 0.620049 0.018765 0.851624
v 0.620255 0.012417 0.899536
v 0.620445 0.011136 0.875305
v 0.62159 0.025906 0.846008
v 0.621643 0.013302 0.870605
v 0.62291 0.010556 0.863495
v 0.622971 0.020138 0.856323
v 0.624542 0.027615 0.82962
v 0.624847 0.017361 0.861176
v 0.626785 0.014035 0.864441
v 0.628693 0.024472 0.840698
v 0.629013 0.017605 0.854645
v 0.629318 0.021176 0.848663
v 0.630112 0.010983 0.86554
v 0.631454 0.014798 0.858307
v 0.63237 0.014462 0.846039
v 0.633041 0.016446 0.852692
v 0.633667 0.022519 0.832459
v 0.634506 0.010586 0.848572
v 0.63623 0.016598 0.830627
v 0.636673 0.017147 0.844391
v 0.637527 0.010922 0.855713
v 0.641922 0.013668 0.834473
v 0.64212 0.008786 0.834747
v 0.645355 0.009518 0.841156
v 0.712112 0.00964 0.190979
v 0.712372 0.009671 0.781616
v 0.713593 0.019375 0.791657
v 0.71402 0.017636 0.205139
v 0.714417 0.014981 0.188141
v 0.7146 0.016629 0.775177
v 0.714615 0.012631 0.796448
v 0.714615 0.010373 0.184174
v 0.715393 0.020565 0.199402
v 0.715454 0.015408 0.200867
v 0.71553 0.010739 0.215454
v 0.715897 0.015652 0.798096
v 0.715942 0.009579 0.790192
v 0.715988 0.013119 0.216003
v 0.716522 0.020016 0.207459
v 0.716675 0.016781 0.783539
v 0.716858 0.016598 0.180634
v 0.717209 0.009335 0.207367
v 0.717972 0.025937 0.786865
v 0.718735 0.008877 0.773438
v 0.71904 0.009762 0.802216
v 0.719528 0.014004 0.195251
v 0.719711 0.007718 0.203095
v 0.720001 0.044217 0.870483
v 0.720444 0.039517 0.864471
v 0.721191 0.045346 0.887634
v 0.721237 0.012417 0.766296
v 0.721252 0.014065 0.21872
v 0.721375 0.010983 0.177216
v 0.721527 0.023831 0.778534
v 0.722031 0.021206 0.796082
v 0.722595 0.02319 0.176605
v 0.722656 0.018856 0.187683
v 0.723816 0.027981 0.194305
v 0.723969 0.040646 0.860474
v 0.724075 0.024624 0.801086
v 0.724213 0.026211 0.77243
v 0.72438 0.025448 0.188019
v 0.724487 0.015347 0.761139
v 0.724976 0.011776 0.167725
v 0.725327 0.024197 0.173218
v 0.72551 0.011349 0.802795
v 0.725983 0.021298 0.769043
v 0.726105 0.026394 0.215607
v 0.726379 0.020901 0.210663
v 0.726593 0.017422 0.17392
v 0.726807 0.015744 0.807037
v 0.72731 0.034298 0.852509
v 0.727448 0.016934 0.224548
v 0.727875 0.051114 0.90506
v 0.728043 0.008969 0.762756
v 0.728821 0.034848 0.782867
v 0.729172 0.012387 0.159699
v 0.729645 0.026333 0.20224
v 0.730164 0.011776 0.224243
v 0.730286 0.018307 0.169983
v 0.730316 0.048031 0.910339
v 0.730438 0.010678 0.80835
v 0.730499 0.0173 0.232178
v 0.730698 0.036801 0.792755
v 0.730804 0.016873 0.823853
v 0.73085 0.026486 0.181946
v 0.731293 0.046017 0.840118
v 0.731461 0.038174 0.200501
v 0.731689 0.042935 0.841126
v 0.73201 0.023526 0.762146
v 0.732391 0.019162 0.816132
v 0.732635 0.024319 0.802185
v 0.733795 0.032498 0.18634
v 0.733826 0.022305 0.827179
v 0.733871 0.011715 0.817352
v 0.73407 0.035031 0.778259
v 0.734131 0.042477 0.835297
v 0.734131 0.018399 0.160248
v 0.734146 0.011807 0.828033
v 0.73436 0.047146 0.190491
v 0.734482 0.038968 0.181793
v 0.73497 0.021145 0.814484
v 0.735138 0.01788 0.806
v 0.735199 0.031308 0.20575
v 0.735397 0.043484 0.793396
v 0.735596 0.036129 0.799408
v 0.735657 0.029324 0.169983
v 0.735855 0.015011 0.810272
v 0.736237 0.046139 0.787781
v 0.736679 0.038815 0.176453
v 0.73674 0.017605 0.834198
v 0.737427 0.009213 0.758301
v 0.737564 0.039395 0.189056
v 0.737747 0.026211 0.168457
v 0.7379 0.012204 0.833221
v 0.738129 0.031125 0.196228
v 0.738754 0.016507 0.808105
v 0.738846 0.020535 0.761444
v 0.738876 0.026028 0.836731
v 0.738907 0.028561 0.837524
v 0.739029 0.032193 0.868073
v 0.739059 0.027585 0.807495
v 0.73912 0.039792 0.205475
v 0.739288 0.011685 0.810333
v 0.739624 0.043118 0.7948
v 0.73996 0.021695 0.834381
v 0.740067 0.032376 0.178253
v 0.740112 0.025265 0.166534
v 0.740234 0.045498 0.173981
v 0.740372 0.03323 0.797882
v 0.740387 0.025509 0.817658
v 0.740387 0.011258 0.807526
v 0.740768 0.035336 0.776764
v 0.74086 0.03909 0.217224
v 0.740891 0.023953 0.223572
v 0.740921 0.048428 0.926605
v 0.740936 0.021115 0.809418
v 0.74118 0.058621 0.196503
v 0.741592 0.046719 0.791199
v 0.741638 0.041226 0.882019
v 0.741669 0.023434 0.833618
v 0.74176 0.015652 0.758057
v 0.741776 0.045254 0.786469
v 0.741791 0.036709 0.174774
v 0.741837 0.014218 0.15094
v 0.741867 0.058438 0.186523
v 0.741943 0.022763 0.158844
v 0.741943 0.016903 0.243408
v 0.741974 0.015042 0.235718
v 0.742538 0.025448 0.827576
v 0.742554 0.049771 0.181763
v 0.742599 0.012783 0.835968
v 0.742966 0.031094 0.211639
v 0.743881 0.018673 0.837738
v 0.744095 0.0332 0.171112
v 0.744263 0.036587 0.796906
v 0.74469 0.060757 0.190155
v 0.744781 0.028927 0.166809
v 0.744934 0.024563 0.831604
v 0.745255 0.024838 0.820099
v 0.745392 0.026272 0.844666
v 0.745834 0.041623 0.171722
v 0.745972 0.024197 0.803253
v 0.746063 0.041531 0.834503
v 0.74614 0.028592 0.816986
v 0.74617 0.027646 0.230835
v 0.74646 0.031613 0.219971
v 0.746918 0.031949 0.879761
v 0.746918 0.012875 0.839539
v 0.747437 0.043911 0.920654
v 0.74765 0.051724 0.173492
v 0.747726 0.011563 0.808777
v 0.74794 0.031796 0.852722
v 0.747971 0.018185 0.838196
v 0.748001 0.022 0.811432
v 0.748077 0.032223 0.827637
v 0.748123 0.008969 0.240906
v 0.748138 0.031094 0.817322
v 0.748184 0.01672 0.807709
v 0.74826 0.025448 0.81601
v 0.74881 0.039212 0.165588
v 0.74881 0.036465 0.878662
v 0.748825 0.044461 0.942627
v 0.749054 0.029171 0.801605
v 0.749161 0.025235 0.765869
v 0.749283 0.033841 0.780975
v 0.749359 0.043301 0.779358
v 0.749481 0.01315 0.836426
v 0.749619 0.014737 0.150513
v 0.749725 0.025906 0.824463
v 0.749771 0.061795 0.203033
v 0.749817 0.034665 0.168579
v 0.749985 0.0751 0.187042
v 0.750122 0.03851 0.834168
v 0.750183 0.036465 0.78833
v 0.750214 0.021664 0.836121
v 0.750275 0.019802 0.15036
v 0.750916 0.039914 0.219666
v 0.751587 0.019131 0.808777
v 0.75174 0.017331 0.83725
v 0.751801 0.013089 0.246002
v 0.752258 0.029324 0.852844
v 0.752258 0.018795 0.254318
v 0.752289 0.017331 0.765717
v 0.752319 0.033505 0.885986
v 0.752319 0.033047 0.16806
v 0.752319 0.016232 0.803101
v 0.75238 0.024563 0.855255
v 0.752441 0.034237 0.785828
v 0.752869 0.060269 0.180634
v 0.752869 0.048733 0.220764
v 0.752899 0.021023 0.237366
v 0.75293 0.018185 0.803375
v 0.753052 0.072781 0.191376
v 0.753113 0.025326 0.825501
v 0.75354 0.022458 0.831085
v 0.753754 0.032864 0.863068
v 0.753754 0.011349 0.237
v 0.754242 0.024014 0.247986
v 0.754425 0.071194 0.178803
v 0.754456 0.022213 0.771759
v 0.754639 0.028561 0.81488
v 0.754639 0.028225 0.159851
v 0.754852 0.050778 0.172302
v 0.754944 0.039334 0.909943
v 0.755188 0.012661 0.83255
v 0.755341 0.01138 0.801666
v 0.755371 0.031155 0.219849
v 0.755402 0.071865 0.196228
v 0.755707 0.030087 0.783691
v 0.755768 0.017361 0.832855
v 0.755768 0.014431 0.154449
v 0.756104 0.011837 0.813049
v 0.756561 0.009366 0.744522
v 0.756744 0.046261 0.165588
v 0.756866 0.018856 0.830231
v 0.756958 0.020993 0.816681
v 0.757202 0.074154 0.203003
v 0.757202 0.034604 0.169128
v 0.757263 0.036068 0.829681
v 0.757355 0.020779 0.151276
v 0.757446 0.063107 0.772247
v 0.757538 0.009396 0.763947
v 0.757568 0.061306 0.770142
v 0.757599 0.025265 0.152771
v 0.757904 0.023129 0.240143
v 0.758179 0.013424 0.154999
v 0.75827 0.076443 0.203949
v 0.758759 0.072232 0.195618
v 0.759064 0.019741 0.826752
v 0.759125 0.039181 0.226593
v 0.759155 0.014615 0.799164
v 0.759186 0.012509 0.824005
v 0.759216 0.03796 0.898926
v 0.759369 0.058316 0.210205
v 0.759491 0.071835 0.190094
v 0.759552 0.023983 0.253449
v 0.759583 0.032834 0.892578
v 0.759583 0.022427 0.798798
v 0.759644 0.009579 0.773376
v 0.759857 0.017331 0.820984
v 0.760162 0.038296 0.168243
v 0.760254 0.021054 0.811035
v 0.760803 0.016079 0.780243
v 0.760803 0.011013 0.729752
v 0.760834 0.04913 0.783936
v 0.760864 0.020688 0.786102
v 0.760956 0.017666 0.835236
v 0.761505 0.01788 0.831879
v 0.761719 0.011013 0.796021
v 0.762054 0.027951 0.155945
v 0.762177 0.019986 0.788757
v 0.762207 0.009976 0.769745
v 0.762238 0.019925 0.833801
v 0.762238 0.012539 0.827423
v 0.76239 0.021847 0.753632
v 0.762451 0.023861 0.261688
v 0.762878 0.018856 0.156158
v 0.763031 0.063992 0.183472
v 0.763184 0.041256 0.782837
v 0.763306 0.05447 0.171265
v 0.763306 0.015225 0.830139
v 0.763458 0.041623 0.168152
v 0.763672 0.020627 0.835785
v 0.763794 0.018124 0.773651
v 0.763885 0.026028 0.155121
v 0.764038 0.015835 0.267151
v 0.764191 0.033078 0.16626
v 0.764191 0.032437 0.224793
v 0.764191 0.015072 0.769592
v 0.764221 0.040493 0.225342
v 0.764374 0.009335 0.753052
v 0.764435 0.045956 0.219605
v 0.764465 0.022488 0.864166
v 0.764587 0.071652 0.205627
v 0.764893 0.023465 0.229248
v 0.764923 0.011532 0.787933
v 0.765076 0.075924 0.192169
v 0.765076 0.063076 0.202698
v 0.7659 0.020871 0.728439
v 0.765991 0.031002 0.817169
v 0.766266 0.014859 0.720123
v 0.76651 0.010952 0.785187
v 0.766632 0.022671 0.158966
v 0.766693 0.034329 0.241394
v 0.766693 0.024411 0.85614
v 0.766724 0.054104 0.209045
v 0.766724 0.040768 0.790009
v 0.766815 0.026364 0.742844
v 0.766815 0.017178 0.743835
v 0.767578 0.018887 0.15509
v 0.767609 0.032803 0.166901
v 0.767975 0.04974 0.218506
v 0.768005 0.064969 0.195648
v 0.768097 0.072506 0.221039
v 0.768097 0.069607 0.222656
v 0.76825 0.035946 0.24823
v 0.768311 0.015683 0.838715
v 0.768311 0.01437 0.147858
v 0.768463 0.048336 0.172089
v 0.768738 0.045834 0.784576
v 0.76886 0.062283 0.189423
v 0.76889 0.034268 0.222107
v 0.768921 0.028225 0.786408
v 0.769043 0.032803 0.234558
v 0.769318 0.010891 0.77887
v 0.76944 0.03973 0.220001
v 0.76944 0.025265 0.874664
v 0.769531 0.054135 0.17868
v 0.769623 0.054165 0.786346
v 0.769714 0.025692 0.163086
v 0.769745 0.021847 0.263626
v 0.769928 0.022671 0.805817
v 0.770172 0.074215 0.200134
v 0.770233 0.025296 0.862335
v 0.770599 0.056088 0.782501
v 0.77066 0.021237 0.807953
v 0.770966 0.040615 0.165344
v 0.771301 0.025967 0.870331
v 0.771332 0.075772 0.208008
v 0.771545 0.028347 0.863892
v 0.771637 0.012112 0.807465
v 0.771729 0.019803 0.840271
v 0.771912 0.039608 0.743759
v 0.772125 0.01492 0.816071
v 0.7724 0.034909 0.170654
v 0.77243 0.048367 0.21637
v 0.772797 0.020657 0.152008
v 0.772858 0.02377 0.858612
v 0.77301 0.057736 0.199768
v 0.773071 0.04797 0.209869
v 0.773132 0.039273 0.166779
v 0.773224 0.013913 0.8237
v 0.773285 0.012722 0.801117
v 0.773346 0.022366 0.762695
v 0.773499 0.036679 0.254334
v 0.773529 0.01315 0.71817
v 0.773712 0.032254 0.215118
v 0.773865 0.029171 0.226929
v 0.773865 0.017086 0.844574
v 0.774078 0.033566 0.171875
v 0.77417 0.049557 0.172455
v 0.77417 0.02496 0.733322
v 0.774719 0.046444 0.792999
v 0.774994 0.011837 0.267929
v 0.775146 0.035946 0.792542
v 0.775208 0.01788 0.771637
v 0.775787 0.020382 0.150879
v 0.775909 0.023861 0.267303
v 0.776001 0.015225 0.150391
v 0.776093 0.052456 0.208344
v 0.776215 0.046231 0.248352
v 0.776428 0.031613 0.744308
v 0.776642 0.054257 0.179779
v 0.776764 0.020749 0.840912
v 0.776794 0.03027 0.16568
v 0.777069 0.014096 0.708267
v 0.77713 0.028683 0.766693
v 0.777161 0.053677 0.187531
v 0.777283 0.016598 0.855896
v 0.777313 0.039761 0.750549
v 0.777344 0.057766 0.195984
v 0.777374 0.046475 0.171478
v 0.777496 0.042111 0.174652
v 0.777588 0.019406 0.773834
v 0.777649 0.030972 0.752502
v 0.777679 0.046414 0.736649
v 0.777802 0.036068 0.789124
v 0.777802 0.025448 0.841278
v 0.777863 0.02435 0.716095
v 0.778351 0.049557 0.178375
v 0.778717 0.048703 0.790924
v 0.778748 0.040768 0.175842
v 0.778839 0.019253 0.857361
v 0.779053 0.026577 0.157135
v 0.779114 0.036831 0.253632
v 0.779144 0.034909 0.234039
v 0.779175 0.047787 0.752533
v 0.779175 0.040188 0.216461
v 0.779205 0.048306 0.24353
v 0.779205 0.023983 0.778229
v 0.779236 0.013791 0.828217
v 0.779297 0.018856 0.825256
v 0.77951 0.02496 0.226715
v 0.779541 0.031765 0.210541
v 0.779877 0.047024 0.181213
v 0.779877 0.022091 0.152496
v 0.78006 0.015347 0.155701
v 0.780151 0.039334 0.761353
v 0.780151 0.028042 0.730865
v 0.780243 0.018063 0.791382
v 0.780487 0.051266 0.205536
v 0.780518 0.037014 0.734726
v 0.780548 0.021542 0.788086
v 0.781067 0.01257 0.792297
v 0.781342 0.038815 0.204956
v 0.781525 0.033657 0.171387
v 0.781799 0.037045 0.723892
v 0.782013 0.035824 0.174561
v 0.782196 0.016873 0.835114
v 0.782196 0.012539 0.788452
v 0.782349 0.014187 0.819946
v 0.782654 0.018521 0.783783
v 0.78299 0.019009 0.264526
v 0.78299 0.012631 0.797821
v 0.783051 0.035824 0.799896
v 0.783264 0.033322 0.200531
v 0.783356 0.008969 0.706909
v 0.783539 0.039395 0.250656
v 0.7836 0.027401 0.876709
v 0.7836 0.011898 0.777741
v 0.78363 0.028531 0.161163
v 0.783875 0.009335 0.268982
v 0.783936 0.031735 0.759522
v 0.784027 0.047085 0.19696
v 0.784119 0.029416 0.883087
v 0.784363 0.020108 0.160248
v 0.78479 0.024685 0.158234
v 0.784851 0.040738 0.176849
v 0.785034 0.024075 0.841919
v 0.785126 0.034787 0.236206
v 0.785309 0.028714 0.7995
v 0.785309 0.012112 0.788025
v 0.785339 0.034756 0.176697
v 0.785492 0.025052 0.215332
v 0.785583 0.050808 0.192261
v 0.786285 0.0444 0.205383
v 0.786285 0.013302 0.78595
v 0.786346 0.018185 0.831696
v 0.786407 0.035305 0.183899
v 0.786499 0.045285 0.181763
v 0.78653 0.029263 0.166168
v 0.786652 0.018673 0.161255
v 0.786774 0.035275 0.187531
v 0.786804 0.041378 0.191437
v 0.786835 0.024075 0.262817
v 0.787323 0.024716 0.167542
v 0.787415 0.040219 0.178192
v 0.787506 0.04797 0.186218
v 0.78772 0.02847 0.794952
v 0.787903 0.022885 0.832947
v 0.787964 0.022152 0.222046
v 0.788055 0.047757 0.757355
v 0.788086 0.036129 0.797546
v 0.788177 0.029568 0.199341
v 0.788269 0.009396 0.261993
v 0.78833 0.00903 0.699631
v 0.788361 0.046841 0.729599
v 0.788452 0.02911 0.175354
v 0.788483 0.036801 0.245697
v 0.788818 0.035305 0.196503
v 0.789062 0.019955 0.706589
v 0.789124 0.045071 0.186676
v 0.789124 0.011715 0.223328
v 0.789154 0.02734 0.209198
v 0.789215 0.040371 0.181854
v 0.789246 0.026516 0.227753
v 0.789276 0.022549 0.714218
v 0.789276 0.017086 0.80722
v 0.789612 0.022549 0.853027
v 0.789795 0.036099 0.193359
v 0.789886 0.031125 0.887787
v 0.79007 0.024136 0.771576
v 0.790161 0.041104 0.198364
v 0.790161 0.013913 0.816864
v 0.790222 0.022519 0.257309
v 0.790375 0.025753 0.800903
v 0.790649 0.029416 0.859192
v 0.79068 0.048581 0.763367
v 0.790802 0.015194 0.704575
v 0.790924 0.059018 0.743088
v 0.790985 0.045346 0.801575
v 0.791138 0.028531 0.719788
v 0.791138 0.015439 0.815674
v 0.79126 0.057675 0.735672
v 0.791351 0.019833 0.211212
v 0.791656 0.014676 0.803864
v 0.792053 0.029293 0.254288
v 0.792053 0.028927 0.177582
v 0.792175 0.03204 0.767242
v 0.792542 0.022091 0.230774
v 0.792786 0.018734 0.811096
v 0.792908 0.030819 0.808929
v 0.792999 0.024502 0.864105
v 0.79303 0.013394 0.805267
v 0.793274 0.014676 0.26207
v 0.793396 0.012753 0.787994
v 0.793488 0.009671 0.260025
v 0.793549 0.020962 0.162781
v 0.793854 0.036313 0.76709
v 0.793976 0.027157 0.780975
v 0.794067 0.024502 0.195709
v 0.794067 0.013089 0.215149
v 0.794098 0.039303 0.720947
v 0.794647 0.022915 0.205292
v 0.794647 0.021817 0.210663
v 0.79483 0.018277 0.217468
v 0.79483 0.01376 0.204559
v 0.794861 0.00903 0.695999
v 0.794891 0.049313 0.723801
v 0.794891 0.011898 0.226532
v 0.795166 0.030301 0.193573
v 0.795624 0.025937 0.219025
v 0.795837 0.014065 0.210144
v 0.796021 0.018643 0.82074
v 0.796082 0.041501 0.773682
v 0.796143 0.031949 0.805542
v 0.796204 0.053799 0.75766
v 0.79657 0.016659 0.781342
v 0.796753 0.009884 0.252884
v 0.796783 0.027218 0.177155
v 0.796906 0.011441 0.236023
v 0.79715 0.020626 0.245361
v 0.797516 0.023617 0.252609
v 0.797516 0.021176 0.224884
v 0.797638 0.027737 0.893951
v 0.797668 0.030148 0.214844
v 0.79776 0.020779 0.204102
v 0.798157 0.021603 0.811127
v 0.798676 0.035702 0.713196
v 0.798859 0.018002 0.187592
v 0.799072 0.024106 0.814911
v 0.799072 0.020504 0.838104
v 0.799072 0.012661 0.220245
v 0.799103 0.02966 0.86319
v 0.799103 0.028164 0.20752
v 0.799194 0.020291 0.163178
v 0.799408 0.02261 0.167053
v 0.799469 0.022976 0.236267
v 0.7995 0.019741 0.200989
v 0.799652 0.069149 0.743332
v 0.799713 0.012936 0.784363
v 0.800018 0.010739 0.247192
v 0.800079 0.014065 0.192688
v 0.80011 0.016171 0.249725
v 0.800323 0.028012 0.781128
v 0.800385 0.013546 0.203003
v 0.800568 0.025052 0.844391
v 0.800629 0.038784 0.806091
v 0.800751 0.028714 0.718262
v 0.800995 0.028408 0.22583
v 0.801208 0.015286 0.698242
v 0.801361 0.014462 0.17749
v 0.801392 0.020047 0.788055
v 0.801636 0.023678 0.186371
v 0.801697 0.031796 0.770935
v 0.801941 0.0444 0.767548
v 0.802094 0.053677 0.764618
v 0.802124 0.040524 0.811035
v 0.80249 0.026974 0.886841
v 0.802795 0.024167 0.182037
v 0.80307 0.016476 0.242554
v 0.803101 0.025357 0.201752
v 0.803162 0.009152 0.699326
v 0.803223 0.021389 0.247772
v 0.803497 0.042599 0.807892
v 0.803802 0.024136 0.847107
v 0.804047 0.020108 0.178253
v 0.80426 0.018734 0.170044
v 0.804352 0.01965 0.197052
v 0.804352 0.018917 0.229553
v 0.804352 0.015072 0.168549
v 0.804413 0.020016 0.253525
v 0.804474 0.069302 0.745209
v 0.804626 0.068234 0.738358
v 0.805115 0.032559 0.211853
v 0.805298 0.024289 0.708466
v 0.805969 0.015011 0.254166
v 0.806061 0.021542 0.238464
v 0.806366 0.011197 0.249176
v 0.806549 0.011776 0.240906
v 0.80661 0.01434 0.196838
v 0.806885 0.025235 0.861023
v 0.807404 0.021115 0.257431
v 0.807587 0.020047 0.790649
v 0.807617 0.03262 0.223785
v 0.807617 0.026944 0.230438
v 0.807617 0.012295 0.22641
v 0.807983 0.030209 0.884277
v 0.808014 0.033902 0.771912
v 0.808319 0.029934 0.20401
v 0.808777 0.026425 0.251251
v 0.80899 0.028042 0.90213
v 0.809357 0.03143 0.898041
v 0.80957 0.016293 0.233978
v 0.810333 0.0462 0.718414
v 0.810669 0.023861 0.197998
v 0.81073 0.057644 0.731079
v 0.810822 0.019864 0.196228
v 0.811157 0.045803 0.771423
v 0.811218 0.018094 0.260086
v 0.811249 0.018582 0.197113
v 0.811432 0.026974 0.245697
v 0.811707 0.027188 0.867371
v 0.811829 0.033871 0.218445
v 0.812286 0.031643 0.211395
v 0.812439 0.061703 0.747345
v 0.812592 0.024685 0.236115
v 0.812714 0.026669 0.776306
v 0.812744 0.020688 0.702179
v 0.812836 0.017971 0.230804
v 0.813019 0.025082 0.891022
v 0.81311 0.034604 0.76889
v 0.81311 0.009549 0.707748
v 0.813446 0.011074 0.255173
v 0.813629 0.014004 0.792023
v 0.814209 0.048489 0.761749
v 0.814331 0.039761 0.718781
v 0.814331 0.027554 0.252701
v 0.814667 0.023953 0.259018
v 0.814728 0.012356 0.235107
v 0.815002 0.020962 0.786224
v 0.815277 0.030911 0.227905
v 0.815338 0.038418 0.818939
v 0.815704 0.018948 0.260773
v 0.815765 0.022976 0.231567
v 0.815857 0.026486 0.246368
v 0.815887 0.020199 0.232819
v 0.816162 0.031704 0.77597
v 0.816315 0.037869 0.816376
v 0.816315 0.031033 0.876862
v 0.816376 0.032803 0.214417
v 0.816376 0.014584 0.198212
v 0.816406 0.012356 0.229095
v 0.816589 0.025998 0.199646
v 0.816772 0.026852 0.240479
v 0.817017 0.054196 0.753815
v 0.81723 0.059475 0.739578
v 0.817627 0.052609 0.760193
v 0.818085 0.031308 0.718292
v 0.818695 0.017239 0.708862
v 0.818848 0.039486 0.770874
v 0.819031 0.013882 0.258286
v 0.819153 0.023434 0.234589
v 0.819153 0.020016 0.198242
v 0.81958 0.013852 0.226135
v 0.820251 0.028134 0.88562
v 0.820343 0.01141 0.254669
v 0.820557 0.022702 0.260086
v 0.820709 0.032437 0.220795
v 0.820984 0.026089 0.710159
v 0.821045 0.030575 0.20697
v 0.821381 0.033047 0.767517
v 0.821655 0.040768 0.760925
v 0.822144 0.016537 0.709274
v 0.822388 0.008145 0.70195
v 0.822845 0.032376 0.21698
v 0.823059 0.026272 0.239716
v 0.823364 0.020596 0.777985
v 0.823425 0.026394 0.22757
v 0.823456 0.018032 0.232758
v 0.823669 0.019284 0.22757
v 0.824097 0.027584 0.25061
v 0.824371 0.014248 0.787659
v 0.824432 0.034085 0.758606
v 0.824768 0.049527 0.737869
v 0.82486 0.020749 0.20224
v 0.82486 0.014676 0.203735
v 0.825317 0.030331 0.895233
v 0.825775 0.043942 0.722702
v 0.825806 0.037228 0.727646
v 0.825958 0.012417 0.238281
v 0.826019 0.012509 0.251038
v 0.826111 0.052365 0.747269
v 0.826508 0.027432 0.207306
v 0.826538 0.01669 0.255676
v 0.826874 0.045041 0.748383
v 0.827271 0.025082 0.720551
v 0.827271 0.015194 0.236939
v 0.827789 0.012234 0.243469
v 0.82785 0.021511 0.254379
v 0.827972 0.02789 0.775055
v 0.828003 0.025875 0.223877
v 0.828278 0.024411 0.778473
v 0.828278 0.022122 0.237396
v 0.8284 0.044949 0.758972
v 0.828583 0.024624 0.246277
v 0.828705 0.014157 0.215881
v 0.828766 0.02612 0.211792
v 0.828888 0.022061 0.240814
v 0.82901 0.027035 0.218018
v 0.829102 0.021267 0.22287
v 0.829315 0.019864 0.208832
v 0.829681 0.034817 0.740768
v 0.830017 0.01788 0.241821
v 0.8302 0.033474 0.75351
v 0.830261 0.017819 0.248962
v 0.831116 0.019619 0.218842
v 0.831268 0.019864 0.211945
v 0.83136 0.031338 0.732224
v 0.831482 0.040585 0.754089
v 0.831635 0.028439 0.761108
v 0.831757 0.023495 0.91275
v 0.831787 0.027066 0.912659
v 0.831818 0.032467 0.748535
v 0.832611 0.014584 0.776154
v 0.832855 0.027493 0.765656
v 0.833282 0.016537 0.70929
v 0.833832 0.041073 0.736465
v 0.835052 0.010525 0.70636
v 0.835266 0.029568 0.747345
v 0.835999 0.019894 0.776917
v 0.836914 0.029812 0.756256
v 0.837402 0.022946 0.774353
v 0.837921 0.011044 0.719452
v 0.83844 0.017544 0.714172
v 0.840759 0.02435 0.741287
v 0.841187 0.027127 0.729401
v 0.841217 0.018765 0.753479
v 0.841248 0.028378 0.736404
v 0.841797 0.020779 0.763977
v 0.842316 0.014798 0.773376
v 0.842499 0.019345 0.769989
v 0.843109 0.017788 0.729645
v 0.843781 0.021573 0.7258
v 0.845032 0.025906 0.751709
v 0.845367 0.013211 0.745682
v 0.846039 0.014645 0.767548
v 0.846771 0.014248 0.758698
v 0.849701 0.019833 0.737213
v 0.849792 0.019345 0.743423
v 0.850006 0.012875 0.737885
v 0.850098 0.012082 0.727463
v 0.858093 0.020901 0.499533
v 0.858154 0.00906 0.509264
v 0.859772 0.008908 0.491122
v 0.861877 0.016964 0.494583
v 0.862549 0.018948 0.50816
v 0.86264 0.009396 0.475729
v 0.863281 0.010067 0.46423
v 0.863434 0.017971 0.485896
v 0.863434 0.009396 0.439507
v 0.864716 0.009243 0.514178
v 0.866058 0.021237 0.447876
v 0.866119 0.025937 0.511966
v 0.86618 0.016415 0.52109
v 0.867004 0.009304 0.434128
v 0.869415 0.008969 0.519907
v 0.870239 0.009091 0.45512
v 0.870544 0.016079 0.436424
v 0.871857 0.013607 0.449047
v 0.872894 0.02499 0.514751
v 0.87323 0.020016 0.464291
v 0.87326 0.009518 0.482723
v 0.873535 0.026364 0.442776
v 0.873657 0.026425 0.46974
v 0.873688 0.016446 0.429634
v 0.873779 0.00903 0.431046
v 0.87381 0.019619 0.483765
v 0.874817 0.015225 0.522495
v 0.876556 0.008694 0.524027
v 0.877014 0.021817 0.525835
v 0.877319 0.037411 0.503985
v 0.87735 0.020047 0.44207
v 0.878204 0.00906 0.429993
v 0.878998 0.028622 0.487939
v 0.87915 0.036129 0.512569
v 0.879242 0.035611 0.496295
v 0.880646 0.00784 0.424576
v 0.881134 0.041928 0.450851
v 0.881195 0.008603 0.525639
v 0.882782 0.01373 0.527912
v 0.883331 0.009732 0.418739
v 0.884155 0.007382 0.525558
v 0.884247 0.039578 0.47369
v 0.885101 0.014553 0.426758
v 0.885742 0.032711 0.464428
v 0.885803 0.025174 0.426743
v 0.886047 0.040066 0.513574
v 0.886414 0.031186 0.44236
v 0.886597 0.022122 0.522291
v 0.886627 0.048123 0.508719
v 0.886902 0.025052 0.481394
v 0.886963 0.046658 0.454697
v 0.887146 0.03143 0.451424
v 0.887482 0.051358 0.459335
v 0.887939 0.009701 0.527237
v 0.888824 0.049313 0.504261
v 0.888916 0.038327 0.495595
v 0.889496 0.031491 0.478546
v 0.889587 0.03909 0.44434
v 0.891357 0.010647 0.412224
v 0.89151 0.042935 0.474123
v 0.892456 0.029629 0.438576
v 0.892609 0.039425 0.43325
v 0.892883 0.014279 0.523443
v 0.893372 0.015622 0.414864
v 0.894257 0.027249 0.426445
v 0.89444 0.012326 0.412384
v 0.894714 0.040982 0.503491
v 0.89566 0.035946 0.512404
v 0.895935 0.050503 0.47403
v 0.896515 0.016324 0.535175
v 0.896851 0.01907 0.539124
v 0.89743 0.022641 0.525204
v 0.897888 0.057003 0.445732
v 0.898315 0.017971 0.5278
v 0.898468 0.023831 0.53233
v 0.899567 0.03616 0.434158
v 0.900116 0.027798 0.492137
v 0.900208 0.030697 0.430252
v 0.900696 0.023129 0.423607
v 0.900909 0.022732 0.517477
v 0.901001 0.025876 0.535706
v 0.901154 0.064236 0.45763
v 0.901764 0.011105 0.534916
v 0.901917 0.019864 0.546162
v 0.901978 0.040829 0.484845
v 0.902222 0.015133 0.544605
v 0.902405 0.010983 0.540627
v 0.902954 0.021542 0.415298
v 0.9039 0.01083 0.519178
v 0.904327 0.011654 0.418541
v 0.904358 0.025876 0.5439
v 0.904724 0.019009 0.522827
v 0.904968 0.011471 0.527603
v 0.905823 0.052151 0.43647
v 0.906036 0.02496 0.504201
v 0.906403 0.03619 0.425491
v 0.906525 0.031979 0.482487
v 0.907471 0.026364 0.527298
v 0.908325 0.011074 0.510314
v 0.908447 0.073391 0.453743
v 0.90863 0.046414 0.433853
v 0.90863 0.044705 0.480059
v 0.908966 0.016934 0.548706
v 0.909271 0.024075 0.496705
v 0.909607 0.027615 0.536037
v 0.910248 0.027249 0.542664
v 0.910828 0.012051 0.417603
v 0.910858 0.036435 0.425102
v 0.910858 0.029873 0.482262
v 0.911011 0.030697 0.430252
v 0.911011 0.024197 0.416687
v 0.911163 0.020657 0.510279
v 0.911224 0.050595 0.480534
v 0.91156 0.01199 0.497922
v 0.911652 0.011441 0.544914
v 0.912292 0.018155 0.419601
v 0.912323 0.026547 0.52799
v 0.912842 0.011441 0.524784
v 0.914154 0.027584 0.535854
v 0.914459 0.061673 0.465862
v 0.914612 0.019345 0.521658
v 0.914795 0.022976 0.547997
v 0.915192 0.016049 0.547882
v 0.915802 0.024655 0.50488
v 0.916046 0.025387 0.512375
v 0.916168 0.044156 0.426758
v 0.916626 0.029599 0.422562
v 0.916901 0.020657 0.494145
v 0.917023 0.018216 0.513077
v 0.917572 0.016507 0.509295
v 0.917999 0.011959 0.498208
v 0.918091 0.036251 0.42971
v 0.918579 0.019284 0.50005
v 0.91861 0.062252 0.446293
v 0.91864 0.012875 0.543381
v 0.919434 0.025143 0.542713
v 0.919525 0.026547 0.534748
v 0.919983 0.033505 0.428658
v 0.920044 0.016354 0.524212
v 0.920074 0.032284 0.508528
v 0.92038 0.024868 0.496585
v 0.920502 0.023251 0.526646
v 0.920746 0.022824 0.521614
v 0.920776 0.011868 0.529221
v 0.920807 0.062161 0.453304
v 0.920868 0.019223 0.546108
v 0.920929 0.02554 0.425285
v 0.921234 0.028927 0.519754
v 0.921295 0.013211 0.538876
v 0.921356 0.031979 0.503041
v 0.92157 0.05093 0.432976
v 0.9216 0.01199 0.506262
v 0.922302 0.043484 0.485879
v 0.922485 0.041623 0.431297
v 0.922913 0.012082 0.517168
v 0.923462 0.046597 0.478188
v 0.923553 0.011898 0.494773
v 0.9245 0.02145 0.531189
v 0.924622 0.017025 0.533081
v 0.924652 0.014523 0.488288
v 0.924713 0.016964 0.541302
v 0.924744 0.025601 0.491602
v 0.924774 0.018826 0.523893
v 0.924927 0.021511 0.540058
v 0.925049 0.023526 0.424713
v 0.925629 0.031125 0.433342
v 0.9263 0.048642 0.437561
v 0.926544 0.012906 0.495041
v 0.926727 0.032284 0.481073
v 0.927612 0.013028 0.409264
v 0.92804 0.037777 0.42939
v 0.928253 0.02142 0.526049
v 0.928345 0.018521 0.492213
v 0.928436 0.028561 0.524475
v 0.928497 0.050656 0.474689
v 0.929077 0.028439 0.494373
v 0.930298 0.013028 0.522833
v 0.931427 0.032864 0.437187
v 0.931641 0.033383 0.519554
v 0.931671 0.034543 0.511024
v 0.931793 0.039853 0.475067
v 0.932068 0.013272 0.413773
v 0.932617 0.021481 0.491812
v 0.932617 0.019162 0.528395
v 0.933075 0.042721 0.435478
v 0.933228 0.052212 0.441978
v 0.933258 0.034726 0.479523
v 0.933563 0.050137 0.450943
v 0.933685 0.02908 0.526459
v 0.934082 0.041043 0.441582
v 0.935181 0.031979 0.499914
v 0.935791 0.013485 0.42273
v 0.935852 0.020779 0.416512
v 0.936066 0.045254 0.463791
v 0.93631 0.012997 0.524683
v 0.936401 0.033963 0.47011
v 0.936737 0.012692 0.490192
v 0.937195 0.017758 0.491056
v 0.937317 0.019406 0.489399
v 0.937531 0.032284 0.519381
v 0.937592 0.032132 0.508952
v 0.938507 0.023312 0.484804
v 0.93869 0.049893 0.458435
v 0.938934 0.033047 0.448887
v 0.938965 0.021695 0.528345
v 0.938995 0.043728 0.471636
v 0.939056 0.025845 0.49473
v 0.940399 0.027127 0.427132
v 0.940582 0.028866 0.483862
v 0.940765 0.019558 0.429436
v 0.940857 0.035641 0.46175
v 0.941467 0.014462 0.524942
v 0.941559 0.040554 0.449169
v 0.942078 0.013241 0.494359
v 0.942627 0.025998 0.43927
v 0.943787 0.019253 0.493971
v 0.944672 0.024899 0.49832
v 0.945007 0.029782 0.518362
v 0.945343 0.024105 0.524918
v 0.945709 0.029538 0.507495
v 0.946136 0.01492 0.519953
v 0.946899 0.018185 0.498731
v 0.947632 0.024105 0.501434
v 0.94812 0.027676 0.465271
v 0.948425 0.024319 0.519316
v 0.948425 0.014004 0.513332
v 0.94873 0.014126 0.504937
v 0.949799 0.021145 0.517363
v 0.950012 0.024594 0.509834
v 0.950165 0.022244 0.484196
v 0.950348 0.017971 0.507733
v 0.950409 0.03146 0.459469
v 0.951721 0.013974 0.479563
v 0.953247 0.014126 0.445324
v 0.953461 0.014584 0.426521
v 0.954163 0.020352 0.45599
v 0.954773 0.021634 0.481041
v 0.957306 0.014737 0.432892
v 0.957794 0.023434 0.44302
v 0.95874 0.023739 0.448814
v 0.959686 0.014798 0.476248
v 0.959839 0.021389 0.468079
v 0.965393 0.015072 0.469866
v 0.966675 0.015194 0.458717
v 0.499731 0.041958 0.905518
v 0.499579 0.028439 0.920715
v 0.499501 0.014218 0.940949
v 0.499351 0.030423 0.884735
v 0.499094 0.009152 0.856751
v 0.497832 0.041012 0.89032
v 0.496767 0.032925 0.898621
v 0.495282 0.033749 0.908447
v 0.495156 0.04028 0.882172
v 0.495109 0.031521 0.891937
v 0.495058 0.018979 0.933685
v 0.494696 0.048489 0.894012
v 0.494231 0.021817 0.868652
v 0.493114 0.019375 0.86322
v 0.492698 0.024624 0.889893
v 0.492289 0.027096 0.874054
v 0.492228 0.014828 0.934723
v 0.491957 0.015927 0.857971
v 0.491714 0.020047 0.855957
v 0.491615 0.01376 0.935364
v 0.491339 0.012875 0.92218
v 0.491273 0.040768 0.902832
v 0.490538 0.009701 0.857574
v 0.489823 0.028561 0.915863
v 0.489606 0.024807 0.886993
v 0.489228 0.018246 0.896576
v 0.489151 0.020627 0.912018
v 0.488808 0.023159 0.922882
v 0.488772 0.025174 0.879364
v 0.488677 0.028805 0.865967
v 0.488503 0.02554 0.897736
v 0.488058 0.012204 0.902954
v 0.487396 0.008877 0.848877
v 0.485968 0.019955 0.912537
v 0.485918 0.023098 0.856598
v 0.485779 0.011868 0.910248
v 0.485613 0.020993 0.918976
v 0.485496 0.019528 0.903687
v 0.484835 0.015591 0.89502
v 0.484331 0.021176 0.888458
v 0.483946 0.027829 0.917267
v 0.483614 0.033505 0.875946
v 0.483589 0.01672 0.927673
v 0.483486 0.024991 0.906403
v 0.483467 0.013089 0.914093
v 0.483253 0.013455 0.848969
v 0.483007 0.023739 0.925659
v 0.482914 0.017758 0.906281
v 0.482651 0.027523 0.855164
v 0.482462 0.012967 0.925201
v 0.481365 0.036129 0.870941
v 0.480381 0.010434 0.892242
v 0.480089 0.034268 0.864471
v 0.479948 0.01849 0.903534
v 0.479441 0.03146 0.9086
v 0.47908 0.027981 0.903595
v 0.478703 0.020352 0.845703
v 0.478012 0.021939 0.895264
v 0.477726 0.027523 0.926086
v 0.477674 0.035397 0.881287
v 0.477011 0.032711 0.916229
v 0.476961 0.01849 0.931885
v 0.476429 0.011807 0.907013
v 0.476168 0.023678 0.93045
v 0.476162 0.013852 0.930237
v 0.476143 0.023861 0.899597
v 0.47566 0.031979 0.88385
v 0.474804 0.035183 0.862824
v 0.474577 0.01846 0.93222
v 0.474531 0.023007 0.850739
v 0.473043 0.046536 0.87558
v 0.472876 0.016964 0.892944
v 0.472523 0.033139 0.913696
v 0.472452 0.033719 0.907349
v 0.472435 0.029049 0.890381
v 0.472231 0.008908 0.843506
v 0.471916 0.031491 0.902344
v 0.471516 0.016995 0.900391
v 0.47122 0.028103 0.852692
v 0.470953 0.04675 0.869782
v 0.470346 0.038662 0.881928
v 0.470175 0.012265 0.904938
v 0.469419 0.013607 0.931366
v 0.469255 0.031552 0.918854
v 0.469158 0.023556 0.890228
v 0.468739 0.014584 0.847748
v 0.468189 0.030362 0.926666
v 0.468037 0.010983 0.89621
v 0.4673 0.034237 0.881683
v 0.466988 0.04678 0.875
v 0.466557 0.036496 0.8638
v 0.466328 0.018155 0.932678
v 0.465565 0.025937 0.931305
v 0.465405 0.033596 0.916504
v 0.464935 0.022702 0.899414
v 0.464756 0.024106 0.854889
v 0.464588 0.008877 0.848724
v 0.464123 0.037411 0.879639
v 0.463768 0.038418 0.867004
v 0.46376 0.027829 0.900665
v 0.462978 0.017056 0.846985
v 0.462692 0.0108 0.891632
v 0.462456 0.02261 0.89325
v 0.461716 0.011807 0.90622
v 0.461662 0.037747 0.873261
v 0.460995 0.013546 0.928619
v 0.46096 0.03323 0.908325
v 0.460949 0.029446 0.886292
v 0.460907 0.027035 0.855652
v 0.459946 0.017422 0.903107
v 0.459732 0.032284 0.921448
v 0.459057 0.021817 0.930389
v 0.4589 0.024197 0.884003
v 0.458263 0.009427 0.849274
v 0.457867 0.013974 0.852234
v 0.457069 0.016629 0.927795
v 0.456795 0.023556 0.90387
v 0.455971 0.028439 0.907562
v 0.455914 0.025296 0.873077
v 0.455318 0.016659 0.900574
v 0.454945 0.012143 0.913757
v 0.454845 0.027096 0.9245
v 0.454395 0.02319 0.927124
v 0.454357 0.030179 0.915314
v 0.454147 0.018734 0.908142
v 0.454048 0.010983 0.889069
v 0.453922 0.012631 0.921173
v 0.453712 0.013394 0.91748
v 0.453609 0.018521 0.86142
v 0.453556 0.011227 0.897125
v 0.453484 0.010067 0.88266
v 0.453003 0.016201 0.854828
v 0.452904 0.022458 0.896332
v 0.452732 0.016964 0.877441
v 0.452171 0.008877 0.858978
v 0.452145 0.026364 0.879822
v 0.452114 0.026211 0.864563
v 0.451996 0.016995 0.888245
v 0.451717 0.022213 0.891541
v 0.45163 0.019009 0.88504
v 0.451576 0.0108 0.865356
v 0.451206 0.017422 0.923157
v 0.451042 0.023312 0.901886
v 0.450474 0.020413 0.907715
v 0.450058 0.02557 0.912048
v 0.450035 0.023495 0.920074
v 0.449966 0.018643 0.914581
v 0.449875 0.011715 0.906647
v 0.44754 0.009488 0.872681
v 0.447468 0.01846 0.868469
v 0.44735 0.017056 0.866699
v 0.447254 0.015622 0.909882
v 0.446331 0.025814 0.89563
v 0.446213 0.010647 0.887726
v 0.445362 0.018338 0.883484
v 0.443306 0.024136 0.886597
v 0.442726 0.014431 0.884094
v 0.442318 0.024472 0.906799
v 0.442112 0.025204 0.897339
v 0.440861 0.020016 0.911163
v 0.440548 0.01373 0.90979
v 0.440319 0.026974 0.892822
v 0.438709 0.01968 0.88327
v 0.43866 0.011929 0.909241
v 0.438313 0.010647 0.887482
v 0.436729 0.019711 0.911346
v 0.435837 0.025967 0.902649
v 0.434486 0.02377 0.887146
v 0.433136 0.016629 0.885742
v 0.432655 0.021878 0.907806
v 0.432587 0.012906 0.904999
v 0.432297 0.025479 0.896362
v 0.432259 0.014645 0.908234
v 0.432251 0.011837 0.891968
v 0.429581 0.01611 0.903778
v 0.429489 0.021115 0.903595
v 0.42926 0.016629 0.890991
v 0.429062 0.021786 0.893005
v 0.428421 0.011349 0.897278
v 0.42765 0.016659 0.896545
v 0.291153 0.010006 0.80835
v 0.289536 0.016262 0.791016
v 0.28894 0.009457 0.783905
v 0.287613 0.009396 0.777069
v 0.286728 0.010708 0.814362
v 0.285477 0.017483 0.815949
v 0.285049 0.009243 0.790344
v 0.283936 0.010098 0.793671
v 0.28334 0.018002 0.801697
v 0.283188 0.025235 0.802216
v 0.281387 0.019528 0.806976
v 0.278015 0.021206 0.822418
v 0.277405 0.019925 0.782105
v 0.277008 0.020932 0.768921
v 0.276764 0.014676 0.773254
v 0.275177 0.015591 0.763397
v 0.274445 0.025845 0.792328
v 0.273499 0.026791 0.812012
v 0.273361 0.040036 0.794891
v 0.272659 0.027218 0.823486
v 0.272644 0.011502 0.820862
v 0.27211 0.009091 0.764801
v 0.270554 0.03381 0.808807
v 0.270523 0.01965 0.824982
v 0.270355 0.031979 0.787781
v 0.268646 0.041867 0.805542
v 0.268433 0.012326 0.83609
v 0.268402 0.016385 0.827484
v 0.267944 0.044095 0.816834
v 0.267349 0.032101 0.796753
v 0.267334 0.054257 0.804047
v 0.267334 0.02969 0.826202
v 0.266754 0.053585 0.79184
v 0.266449 0.048703 0.796173
v 0.266418 0.013852 0.757416
v 0.265274 0.009213 0.753418
v 0.264557 0.037228 0.784607
v 0.263412 0.034146 0.81485
v 0.263306 0.038144 0.774475
v 0.263245 0.02438 0.769287
v 0.262543 0.012845 0.840637
v 0.261154 0.031186 0.780396
v 0.260635 0.024838 0.827942
v 0.259521 0.013882 0.839935
v 0.25946 0.018948 0.839996
v 0.259354 0.053616 0.810059
v 0.258987 0.017727 0.761261
v 0.258667 0.048581 0.780548
v 0.257919 0.035855 0.823181
v 0.257462 0.031369 0.770783
v 0.257431 0.012967 0.839203
v 0.256744 0.066281 0.800201
v 0.256454 0.024197 0.757568
v 0.25618 0.060666 0.785645
v 0.254807 0.04678 0.820557
v 0.253052 0.058316 0.812531
v 0.252426 0.074002 0.796539
v 0.251862 0.072628 0.79245
v 0.251358 0.035489 0.770783
v 0.250839 0.032498 0.825409
v 0.250732 0.043271 0.826996
v 0.249237 0.016354 0.751373
v 0.249023 0.017056 0.837463
v 0.24884 0.042721 0.765472
v 0.248779 0.024594 0.839813
v 0.248688 0.073788 0.795166
v 0.248627 0.017758 0.736847
v 0.248474 0.009335 0.743027
v 0.248383 0.013546 0.837952
v 0.248016 0.013516 0.742035
v 0.247131 0.008664 0.752441
v 0.246796 0.035824 0.822693
v 0.246338 0.060635 0.782928
v 0.245819 0.020474 0.755524
v 0.244965 0.024319 0.744949
v 0.244873 0.030423 0.836487
v 0.244598 0.026822 0.763763
v 0.244446 0.043271 0.765533
v 0.243591 0.065274 0.804932
v 0.242859 0.022213 0.750244
v 0.242188 0.024014 0.739548
v 0.242035 0.050656 0.822845
v 0.241852 0.057461 0.818146
v 0.241516 0.018429 0.728394
v 0.241241 0.047238 0.772339
v 0.241211 0.032498 0.764923
v 0.24118 0.024258 0.834534
v 0.241089 0.041806 0.821869
v 0.241028 0.063748 0.787933
v 0.240784 0.025204 0.73439
v 0.240448 0.020535 0.836792
v 0.239624 0.06567 0.79776
v 0.239532 0.015255 0.843475
v 0.239166 0.035885 0.824707
v 0.238037 0.033596 0.764954
v 0.237518 0.049038 0.817902
v 0.237061 0.016568 0.726501
v 0.236755 0.051907 0.773468
v 0.23642 0.057217 0.808991
v 0.236084 0.025235 0.733261
v 0.236084 0.022305 0.761169
v 0.235748 0.019955 0.842041
v 0.235565 0.028927 0.757538
v 0.235199 0.027401 0.830902
v 0.235046 0.052548 0.780396
v 0.234772 0.014065 0.842102
v 0.234283 0.03378 0.82196
v 0.234161 0.039944 0.770386
v 0.234039 0.061428 0.794434
v 0.233826 0.017239 0.722015
v 0.233551 0.024472 0.725784
v 0.232208 0.035641 0.743378
v 0.231964 0.035611 0.749023
v 0.230682 0.046353 0.821808
v 0.230194 0.034695 0.738754
v 0.22995 0.035397 0.818634
v 0.229858 0.030972 0.774353
v 0.229706 0.041317 0.822144
v 0.229706 0.013913 0.836456
v 0.229584 0.022 0.841309
v 0.229279 0.054959 0.783142
v 0.228455 0.027615 0.765289
v 0.228271 0.035794 0.75354
v 0.227936 0.055447 0.808228
v 0.227448 0.022915 0.726074
v 0.227173 0.009549 0.717789
v 0.226898 0.051236 0.816406
v 0.226807 0.028012 0.837036
v 0.226746 0.057339 0.794251
v 0.226715 0.014309 0.720856
v 0.226257 0.041745 0.772064
v 0.226196 0.042691 0.813263
v 0.225494 0.049893 0.807373
v 0.224884 0.013974 0.722137
v 0.224823 0.045041 0.741913
v 0.224548 0.035428 0.734512
v 0.224426 0.044308 0.782043
v 0.223969 0.046475 0.746445
v 0.223785 0.009549 0.722412
v 0.223053 0.028958 0.833618
v 0.222687 0.018612 0.833771
v 0.222321 0.022885 0.766388
v 0.221802 0.023129 0.831909
v 0.221741 0.040188 0.775818
v 0.221527 0.037198 0.814087
v 0.221069 0.048306 0.792511
v 0.220856 0.022152 0.722137
v 0.220795 0.033596 0.825684
v 0.220734 0.010586 0.77066
v 0.22052 0.037106 0.736038
v 0.220184 0.024136 0.774048
v 0.220093 0.034115 0.756775
v 0.21994 0.033291 0.78009
v 0.219635 0.038693 0.786652
v 0.219421 0.027096 0.730454
v 0.219269 0.045895 0.741074
v 0.219147 0.012753 0.713379
v 0.218719 0.046566 0.746964
v 0.218658 0.014828 0.841888
v 0.218262 0.034329 0.789612
v 0.218231 0.036679 0.802979
v 0.217773 0.050869 0.799835
v 0.21759 0.027493 0.823669
v 0.217407 0.041806 0.799713
v 0.216919 0.044369 0.809174
v 0.216675 0.046322 0.785919
v 0.216583 0.020291 0.76947
v 0.21637 0.032376 0.812988
v 0.21637 0.014187 0.7211
v 0.215881 0.023373 0.828613
v 0.21582 0.028225 0.777344
v 0.215729 0.042996 0.807098
v 0.214935 0.009366 0.721939
v 0.214874 0.016415 0.769897
v 0.214844 0.019772 0.777741
v 0.214752 0.034298 0.754578
v 0.213959 0.036892 0.739105
v 0.213776 0.035366 0.796783
v 0.213318 0.015927 0.726395
v 0.213013 0.041195 0.791657
v 0.212616 0.028286 0.734192
v 0.212372 0.009304 0.725708
v 0.212097 0.028683 0.781311
v 0.211853 0.015011 0.842011
v 0.211761 0.029019 0.793518
v 0.211456 0.023037 0.727875
v 0.211273 0.036679 0.745209
v 0.211243 0.02554 0.76413
v 0.21106 0.011166 0.773804
v 0.210663 0.007138 0.729187
v 0.210327 0.017453 0.763916
v 0.208405 0.024411 0.757813
v 0.208374 0.021023 0.8302
v 0.208221 0.011898 0.787048
v 0.20816 0.011227 0.777374
v 0.20813 0.029629 0.736053
v 0.20752 0.023434 0.782684
v 0.206482 0.015103 0.815094
v 0.206268 0.018277 0.734161
v 0.206238 0.015194 0.72876
v 0.205963 0.01373 0.815064
v 0.205872 0.011197 0.76416
v 0.205841 0.025204 0.774689
v 0.20575 0.014828 0.834717
v 0.205597 0.030087 0.804047
v 0.205536 0.015591 0.830505
v 0.205505 0.029019 0.809845
v 0.205292 0.01849 0.771515
v 0.204987 0.02084 0.806793
v 0.204773 0.024319 0.767822
v 0.204742 0.017575 0.778839
v 0.204651 0.009701 0.730209
v 0.204529 0.024746 0.780914
v 0.204468 0.023465 0.743744
v 0.204193 0.020047 0.826935
v 0.204163 0.019009 0.80426
v 0.203766 0.018918 0.785522
v 0.203613 0.0108 0.754944
v 0.203003 0.019253 0.822174
v 0.202393 0.025509 0.811523
v 0.202362 0.017575 0.748428
v 0.202057 0.010006 0.739578
v 0.20163 0.017178 0.764679
v 0.201416 0.012082 0.778015
v 0.200867 0.03143 0.776154
v 0.200836 0.028103 0.782196
v 0.200806 0.021267 0.756744
v 0.200775 0.02145 0.73819
v 0.200653 0.025753 0.785522
v 0.200653 0.018521 0.791229
v 0.200287 0.015805 0.783936
v 0.200012 0.026822 0.762085
v 0.200012 0.012722 0.794434
v 0.199921 0.031613 0.76767
v 0.199432 0.011624 0.768982
v 0.199371 0.010678 0.745132
v 0.199005 0.020993 0.760315
v 0.197662 0.020321 0.788147
v 0.197296 0.013272 0.801117
v 0.197021 0.019803 0.743378
v 0.196686 0.015591 0.746948
v 0.196381 0.012204 0.78537
v 0.195862 0.02026 0.736679
v 0.195557 0.013852 0.739532
v 0.195435 0.019284 0.750946
v 0.19519 0.024655 0.78894
v 0.19519 0.018124 0.789215
v 0.194275 0.025357 0.758606
v 0.194122 0.033932 0.773712
v 0.193756 0.033108 0.765625
v 0.193359 0.011929 0.765778
v 0.193085 0.016598 0.733749
v 0.192841 0.015042 0.761078
v 0.192657 0.025601 0.741653
v 0.192444 0.011044 0.749466
v 0.192017 0.031186 0.783875
v 0.191803 0.010556 0.738297
v 0.191681 0.024624 0.735199
v 0.191467 0.012722 0.787689
v 0.191345 0.032467 0.764526
v 0.190887 0.014676 0.754486
v 0.190399 0.026547 0.746475
v 0.18985 0.021237 0.757263
v 0.188873 0.022397 0.755432
v 0.18866 0.018765 0.729401
v 0.187805 0.01907 0.791107
v 0.187195 0.032162 0.775604
v 0.187195 0.026699 0.789581
v 0.187042 0.010952 0.734818
v 0.185242 0.028653 0.759522
v 0.185242 0.022946 0.729858
v 0.18515 0.015774 0.730484
v 0.184814 0.012875 0.762787
v 0.18396 0.02673 0.743439
v 0.182831 0.033322 0.771332
v 0.182495 0.03027 0.784546
v 0.182373 0.027768 0.737305
v 0.180908 0.020138 0.789978
v 0.180389 0.013363 0.786987
v 0.180237 0.027615 0.747528
v 0.180237 0.011013 0.734818
v 0.179749 0.020199 0.760162
v 0.179718 0.030056 0.76355
v 0.178192 0.018338 0.730148
v 0.177856 0.011868 0.753845
v 0.177826 0.02438 0.732254
v 0.177399 0.018155 0.757263
v 0.177094 0.026944 0.784576
v 0.177063 0.022274 0.755432
v 0.17688 0.019803 0.787262
v 0.176544 0.014065 0.784546
v 0.176147 0.012722 0.768494
v 0.175812 0.029751 0.772919
v 0.175568 0.024075 0.784943
v 0.17453 0.012326 0.739532
v 0.174042 0.018338 0.766785
v 0.173859 0.013302 0.776154
v 0.173309 0.025937 0.777374
v 0.173218 0.016995 0.734497
v 0.173157 0.013516 0.780701
v 0.173096 0.011929 0.74704
v 0.172424 0.023373 0.748917
v 0.172363 0.024197 0.738998
v 0.172272 0.024624 0.771088
v 0.172058 0.019314 0.783234
v 0.171997 0.018399 0.774292
v 0.171722 0.015957 0.752167
v 0.171021 0.016293 0.747971
v 0.170837 0.018612 0.77829
v 0.169983 0.017483 0.741714
v 0.5 0.004968 0.5
v 0.5 0.230131 0.5
v 0.5 0.004968 0.174856
v 0.5 0.230131 0.174856
v 0.183008 0.004968 0.572351
v 0.183008 0.230131 0.572351
v 0.174856 0.004968 0.5
v 0.174856 0.230131 0.5
v 0.183008 0.004968 0.427649
v 0.183008 0.230131 0.427649
v 0.207055 0.004968 0.358925
v 0.207055 0.230131 0.358925
v 0.245792 0.004968 0.297276
v 0.245792 0.230131 0.297276
v 0.297276 0.004968 0.245792
v 0.297276 0.230131 0.245792
v 0.358925 0.004968 0.207055
v 0.358925 0.230131 0.207055
v 0.427649 0.004968 0.183008
v 0.427649 0.230131 0.183008
v 0.5 0.227005 0.5
v 0.5 0.395836 0.5
v 0.5 0.227005 0.256201
v 0.5 0.395836 0.256201
v 0.262314 0.227005 0.55425
v 0.262314 0.395836 0.55425
v 0.256201 0.227005 0.5
v 0.256201 0.395836 0.5
v 0.262314 0.227005 0.44575
v 0.262314 0.395836 0.44575
v 0.280345 0.227005 0.39422
v 0.280345 0.395836 0.39422
v 0.30939 0.227005 0.347994
v 0.30939 0.395836 0.347994
v 0.347994 0.227005 0.30939
v 0.347994 0.395836 0.30939
v 0.39422 0.227005 0.280345
v 0.39422 0.395836 0.280345
v 0.44575 0.227005 0.262314
v 0.44575 0.395836 0.262314
v 0.5 0.01 0.16
v 0.5 0.015878 0.16191
v 0.5 0.019511 0.16691
v 0.5 0.019511 0.17309
v 0.5 0.015878 0.17809
v 0.5 0.01 0.18
v 0.5 0.004122 0.17809
v 0.5 0.000489 0.17309
v 0.5 0.000489 0.16691
v 0.5 0.004122 0.16191
v 0.424343 0.01 0.168524
v 0.424768 0.015878 0.170386
v 0.42588 0.019511 0.175261
v 0.427256 0.019511 0.181286
v 0.428368 0.015878 0.186161
v 0.428793 0.01 0.188023
v 0.428368 0.004122 0.186161
v 0.427256 0.000489 0.181286
v 0.42588 0.000489 0.175261
v 0.424768 0.004122 0.170386
v 0.352479 0.01 0.193671
v 0.353308 0.015878 0.195391
v 0.355478 0.019511 0.199896
v 0.358159 0.019511 0.205464
v 0.360329 0.015878 0.209969
v 0.361157 0.01 0.21169
v 0.360329 0.004122 0.209969
v 0.358159 0.000489 0.205464
v 0.355478 0.000489 0.199896
v 0.353308 0.004122 0.195391
v 0.288013 0.01 0.234177
v 0.289204 0.015878 0.23567
v 0.292322 0.019511 0.23958
v 0.296175 0.019511 0.244412
v 0.299292 0.015878 0.248321
v 0.300483 0.01 0.249814
v 0.299292 0.004122 0.248321
v 0.296175 0.000489 0.244412
v 0.292322 0.000489 0.23958
v 0.289204 0.004122 0.23567
v 0.234177 0.01 0.288014
v 0.23567 0.015878 0.289204
v 0.23958 0.019511 0.292322
v 0.244411 0.019511 0.296175
v 0.248321 0.015878 0.299293
v 0.249814 0.01 0.300483
v 0.248321 0.004122 0.299293
v 0.244411 0.000489 0.296175
v 0.23958 0.000489 0.292322
v 0.23567 0.004122 0.289204
v 0.193671 0.01 0.352479
v 0.195391 0.015878 0.353308
v 0.199896 0.019511 0.355478
v 0.205464 0.019511 0.358159
v 0.209969 0.015878 0.360329
v 0.21169 0.01 0.361157
v 0.209969 0.004122 0.360329
v 0.205464 0.000489 0.358159
v 0.199896 0.000489 0.355478
v 0.195391 0.004122 0.353308
v 0.168524 0.01 0.424343
v 0.170386 0.015878 0.424768
v 0.175261 0.019511 0.42588
v 0.181286 0.019511 0.427256
v 0.186161 0.015878 0.428368
v 0.188023 0.01 0.428793
v 0.186161 0.004122 0.428368
v 0.181286 0.000489 0.427256
v 0.175261 0.000489 0.42588
v 0.170386 0.004122 0.424768
v 0.16 0.01 0.5
v 0.16191 0.015878 0.5
v 0.16691 0.019511 0.5
v 0.17309 0.019511 0.5
v 0.17809 0.015878 0.5
v 0.18 0.01 0.5
v 0.17809 0.004122 0.5
v 0.17309 0.000489 0.5
v 0.16691 0.000489 0.5
v 0.16191 0.004122 0.5
v 0.168524 0.01 0.575657
v 0.170386 0.015878 0.575232
v 0.175261 0.019511 0.574119
v 0.181286 0.019511 0.572744
v 0.186161 0.015878 0.571632
v 0.188023 0.01 0.571207
v 0.186161 0.004122 0.571632
v 0.181286 0.000489 0.572744
v 0.175261 0.000489 0.574119
v 0.170386 0.004122 0.575232
v 0.360822 0.387448 0.322611
v 0.505097 0.575959 0.498522
v 0.492919 0.492035 0.492436
v 0.490065 0.553925 0.490917
v 0.509728 0.570527 0.500624
v 0.50631 0.546677 0.49858
v 0.49588 0.60196 0.493136
v 0.496828 0.657807 0.493455
v 0.49308 0.408562 0.491561
v 0.50635 0.408669 0.498017
v 0.505897 0.491822 0.497614
v 0.372353 0.410748 0.326561
v 0.372491 0.415638 0.326558
v 0.493705 0.392228 0.490872
v 0.422572 0.414013 0.350895
v 0.490606 0.483628 0.489001
v 0.509304 0.583863 0.49808
v 0.508213 0.466523 0.497497
v 0.509829 0.457016 0.498272
v 0.502431 0.65802 0.494438
v 0.490475 0.41404 0.488419
v 0.403505 0.430233 0.340712
v 0.491367 0.400231 0.488707
v 0.502959 0.602173 0.494403
v 0.472834 0.393742 0.470507
v 0.509671 0.44336 0.497371
v 0.469866 0.408589 0.468595
v 0.490248 0.567597 0.487406
v 0.509848 0.501404 0.49677
v 0.360132 0.427777 0.317859
v 0.418448 0.412816 0.442505
v 0.509859 0.416603 0.49664
v 0.507893 0.435402 0.495632
v 0.493265 0.585144 0.488319
v 0.492399 0.624848 0.487552
v 0.494881 0.531601 0.488594
v 0.510632 0.611542 0.496377
v 0.492553 0.523285 0.487339
v 0.505937 0.594635 0.493945
v 0.507173 0.395508 0.494222
v 0.359958 0.438466 0.316151
v 0.432286 0.440915 0.351952
v 0.448719 0.41766 0.45572
v 0.494714 0.513916 0.486662
v 0.50014 0.555329 0.488983
v 0.497908 0.472443 0.487783
v 0.494045 0.497132 0.485611
v 0.51027 0.406517 0.49356
v 0.500813 0.402947 0.488781
v 0.49538 0.594117 0.486018
v 0.495454 0.467102 0.485893
v 0.510043 0.487519 0.493105
v 0.481592 0.410962 0.469891
v 0.495154 0.427193 0.48527
v 0.503834 0.483017 0.489576
v 0.432232 0.394085 0.349247
v 0.435706 0.40128 0.350932
v 0.504471 0.582001 0.489372
v 0.503117 0.539338 0.488696
v 0.434505 0.430127 0.34992
v 0.391651 0.428441 0.32856
v 0.506205 0.563858 0.489903
v 0.501668 0.497589 0.48747
v 0.413995 0.429936 0.339244
v 0.391326 0.43681 0.327808
v 0.499774 0.442185 0.486122
v 0.502987 0.429284 0.487527
v 0.504267 0.45755 0.488089
v 0.500022 0.608155 0.485975
v 0.503453 0.527344 0.487672
v 0.504019 0.414559 0.487682
v 0.458364 0.420315 0.45587
v 0.50846 0.392266 0.489482
v 0.503281 0.516007 0.486597
v 0.508148 0.418709 0.488962
v 0.373855 0.436444 0.317668
v 0.499549 0.452423 0.484565
v 0.430186 0.429089 0.441321
v 0.503057 0.547745 0.486159
v 0.506808 0.501709 0.487871
v 0.4241 0.438672 0.342259
v 0.506093 0.476166 0.487347
v 0.504535 0.576172 0.486362
v 0.431464 0.39378 0.440928
v 0.505532 0.619782 0.486246
v 0.452824 0.424214 0.450867
v 0.421764 0.434765 0.435365
v 0.415211 0.424565 0.336349
v 0.482708 0.405117 0.465479
v 0.502566 0.395546 0.483771
v 0.448563 0.429638 0.352246
v 0.430785 0.406186 0.342212
v 0.511028 0.430764 0.486361
v 0.375262 0.40765 0.314218
v 0.391683 0.426098 0.321119
v 0.370651 0.388653 0.310192
v 0.443195 0.394383 0.346109
v 0.450005 0.438427 0.348896
v 0.407237 0.435391 0.327637
v 0.43884 0.434842 0.438972
v 0.367664 0.402745 0.30787
v 0.378354 0.415562 0.310427
v 0.442934 0.399624 0.438206
v 0.477889 0.426991 0.45519
v 0.44987 0.393788 0.438941
v 0.434857 0.401364 0.431331
v 0.394178 0.424077 0.314619
v 0.467028 0.392209 0.350638
v 0.433354 0.414723 0.333332
v 0.427721 0.436291 0.426027
v 0.468734 0.403729 0.445921
v 0.426019 0.393826 0.424324
v 0.464619 0.400853 0.443488
v 0.476974 0.402203 0.449621
v 0.486513 0.43224 0.45338
v 0.469113 0.437718 0.444086
v 0.418598 0.424061 0.32325
v 0.434363 0.407986 0.330716
v 0.438437 0.449322 0.427159
v 0.472511 0.415379 0.443565
v 0.390845 0.416188 0.306989
v 0.480902 0.411869 0.447225
v 0.441507 0.403981 0.331701
v 0.466819 0.393765 0.43994
v 0.482146 0.39497 0.447267
v 0.390001 0.421895 0.304195
v 0.41637 0.43182 0.317239
v 0.383243 0.403157 0.299928
v 0.490026 0.403721 0.448201
v 0.465144 0.416455 0.435661
v 0.481098 0.419537 0.442464
v 0.475299 0.445996 0.439048
v 0.488548 0.429989 0.445371
v 0.458366 0.405568 0.430065
v 0.427885 0.411404 0.319128
v 0.404091 0.421162 0.307279
v 0.435753 0.432454 0.322737
v 0.45251 0.399136 0.42611
v 0.470617 0.422619 0.435079
v 0.391862 0.413815 0.30024
v 0.452304 0.451062 0.425135
v 0.433627 0.422642 0.32002
v 0.459706 0.397541 0.428669
v 0.373737 0.391255 0.290116
v 0.47726 0.42532 0.437233
v 0.394437 0.429913 0.299858
v 0.487823 0.419713 0.441349
v 0.442238 0.400685 0.417479
v 0.38225 0.3877 0.291945
v 0.495235 0.399083 0.443624
v 0.492964 0.393902 0.442164
v 0.467323 0.444806 0.42749
v 0.495796 0.410275 0.441572
v 0.403301 0.412037 0.299779
v 0.426562 0.415097 0.310196
v 0.437816 0.393338 0.41122
v 0.413669 0.428387 0.303087
v 0.472877 0.429066 0.428169
v 0.479903 0.432118 0.431645
v 0.413731 0.418461 0.302517
v 0.43695 0.399197 0.314012
v 0.421085 0.409672 0.305615
v 0.446598 0.393536 0.317981
v 0.426925 0.428662 0.306756
v 0.452734 0.393765 0.414679
v 0.391618 0.403218 0.288552
v 0.408349 0.406437 0.296612
v 0.395896 0.39655 0.290331
v 0.492802 0.421795 0.434102
v 0.500506 0.402363 0.437889
v 0.461814 0.394299 0.322231
v 0.49903 0.410504 0.436411
v 0.467399 0.393879 0.42033
v 0.46224 0.400204 0.417768
v 0.426843 0.403943 0.303695
v 0.405329 0.416615 0.291612
v 0.437678 0.390583 0.307572
v 0.436166 0.403363 0.306225
v 0.465061 0.416157 0.415843
v 0.473764 0.429226 0.419589
v 0.487474 0.43327 0.426064
v 0.496502 0.393788 0.430483
v 0.414297 0.390286 0.293828
v 0.480301 0.443493 0.421519
v 0.50195 0.408055 0.431731
v 0.403043 0.394246 0.28431
v 0.499949 0.412884 0.427531
v 0.485328 0.437726 0.420135
v 0.406035 0.389851 0.284871
v 0.41052 0.424977 0.286442
v 0.495416 0.393818 0.423819
v 0.416174 0.401532 0.288504
v 0.468288 0.404538 0.408778
v 0.480415 0.394154 0.414676
v 0.42898 0.390721 0.292665
v 0.496888 0.413975 0.422055
v 0.488754 0.394215 0.417807
v 0.476693 0.421589 0.411486
v 0.479888 0.423321 0.412821
v 0.50027 0.400372 0.422047
v 0.430503 0.424145 0.290525
v 0.477084 0.402585 0.409282
v 0.494676 0.403897 0.417924
v 0.489452 0.409558 0.41352
v 0.495848 0.413289 0.415993
v 0.489202 0.393948 0.411802
v 0.483117 0.414677 0.406268
v 0.424679 0.411961 0.280227
v 0.42352 0.421139 0.276934
v 0.504614 0.518341 0.499288
v 0.492621 0.547654 0.493414
v 0.504399 0.448853 0.499469
v 0.500651 0.601044 0.49762
v 0.507934 0.510224 0.501513
v 0.50721 0.55803 0.501339
v 0.504085 0.531678 0.499825
v 0.492576 0.465256 0.494343
v 0.49296 0.424508 0.494652
v 0.507621 0.524781 0.502016
v 0.491941 0.577332 0.49425
v 0.508185 0.613495 0.502933
v 0.406708 0.441571 0.348088
v 0.503235 0.419953 0.500684
v 0.497357 0.658814 0.497953
v 0.41488 0.408642 0.352799
v 0.491715 0.452515 0.495527
v 0.377953 0.41399 0.3346
v 0.488566 0.444458 0.494036
v 0.492716 0.594574 0.496176
v 0.492593 0.507874 0.496129
v 0.470622 0.393544 0.476833
v 0.458178 0.401844 0.471023
v 0.50185 0.50177 0.501726
v 0.506095 0.399201 0.503924
v 0.490379 0.392174 0.496513
v 0.406726 0.4333 0.350522
v 0.366618 0.394238 0.331043
v 0.501713 0.587891 0.502714
v 0.48951 0.538971 0.496675
v 0.490988 0.437676 0.49743
v 0.41839 0.412175 0.452812
v 0.494957 0.482727 0.499723
v 0.494504 0.524826 0.499552
v 0.493139 0.566529 0.498974
v 0.500323 0.432473 0.502884
v 0.501393 0.474762 0.503441
v 0.502958 0.537079 0.50442
v 0.501616 0.392197 0.503922
v 0.497188 0.402298 0.50173
v 0.438828 0.393795 0.46401
v 0.48915 0.473236 0.497816
v 0.429747 0.406949 0.459687
v 0.487761 0.611023 0.497307
v 0.382083 0.442212 0.340589
v 0.405697 0.395848 0.382875
v 0.489644 0.461167 0.499002
v 0.427709 0.393933 0.459605
v 0.500314 0.465302 0.504992
v 0.370521 0.43269 0.336153
v 0.381007 0.432629 0.341487
v 0.497574 0.557709 0.504013
v 0.490562 0.530518 0.500599
v 0.48885 0.586548 0.500065
v 0.490258 0.516999 0.500899
v 0.442495 0.400158 0.468478
v 0.491111 0.503403 0.501669
v 0.497486 0.450745 0.504897
v 0.384829 0.418416 0.344495
v 0.361718 0.403241 0.333021
v 0.425025 0.393795 0.364894
v 0.464237 0.393048 0.480377
v 0.49703 0.576355 0.505604
v 0.497587 0.424004 0.505905
v 0.497051 0.493637 0.50566
v 0.495341 0.408036 0.505
v 0.498262 0.550202 0.506482
v 0.421216 0.446331 0.363747
v 0.498773 0.615265 0.506886
v 0.412586 0.396771 0.392231
v 0.403945 0.419354 0.35626
v 0.377364 0.413342 0.343677
v 0.403812 0.409626 0.357042
v 0.413583 0.391079 0.363131
v 0.41609 0.437123 0.366523
v 0.414262 0.402165 0.36571
v 0.391763 0.446011 0.354856
v 0.40523 0.398144 0.362216
v 0.430409 0.393429 0.470911
v 0.387498 0.419865 0.354285
v 0.38491 0.410084 0.353285
v 0.428612 0.394757 0.375134
v 0.390399 0.436291 0.356607
v 0.470282 0.39362 0.492094
v 0.473059 0.405621 0.494118
v 0.449576 0.401059 0.484248
v 0.461533 0.404759 0.490677
v 0.392033 0.393834 0.390096
v 0.373292 0.393971 0.352667
v 0.370576 0.40382 0.351617
v 0.364908 0.388409 0.350202
v 0.434729 0.402401 0.481631
v 0.477332 0.393383 0.504191
v 0.389759 0.391812 0.365616
v 0.418386 0.393155 0.478604
v 0.471904 0.40791 0.505614
v 0.397039 0.392247 0.373085
v 0.473366 0.402218 0.509008
v 0.377404 0.391896 0.365796
v 0.46293 0.419774 0.504855
v 0.43934 0.413884 0.493376
v 0.408378 0.407452 0.479169
v 0.463713 0.393506 0.507216
v 0.396596 0.409031 0.410644
v 0.416586 0.411076 0.485387
v 0.432538 0.415776 0.4939
v 0.443751 0.419857 0.50055
v 0.467966 0.401059 0.512645
v 0.476723 0.393536 0.517322
v 0.380991 0.413617 0.402763
v 0.405249 0.401364 0.42152
v 0.400673 0.401371 0.418671
v 0.405613 0.39787 0.4221
v 0.377528 0.418553 0.403926
v 0.433831 0.423443 0.501288
v 0.467671 0.393605 0.518883
v 0.379456 0.392804 0.408517
v 0.411841 0.420033 0.492576
v 0.386074 0.398282 0.414702
v 0.456196 0.432873 0.515098
v 0.475394 0.438382 0.525304
v 0.407941 0.392552 0.430873
v 0.458811 0.439251 0.521741
v 0.441928 0.434971 0.513759
v 0.395373 0.400242 0.427491
v 0.412689 0.392552 0.439134
v 0.473731 0.434262 0.53007
v 0.414769 0.428799 0.501278
v 0.400392 0.425633 0.494498
v 0.419905 0.433819 0.507436
v 0.398149 0.417683 0.497008
v 0.372266 0.419499 0.417824
v 0.396611 0.396397 0.434931
v 0.430724 0.439038 0.514691
v 0.451556 0.435437 0.525746
v 0.35951 0.429677 0.411353
v 0.358282 0.426869 0.410937
v 0.373951 0.412625 0.422215
v 0.390289 0.406224 0.434439
v 0.4037 0.437649 0.506362
v 0.439896 0.447827 0.5245
v 0.419412 0.43343 0.515824
v 0.398475 0.392453 0.44382
v 0.371843 0.408787 0.428027
v 0.370193 0.413357 0.427187
v 0.42062 0.449215 0.520879
v 0.40306 0.434926 0.514222
v 0.357393 0.411953 0.424425
v 0.42782 0.445233 0.529838
v 0.378569 0.404393 0.44168
v 0.380372 0.408627 0.443183
v 0.32231 0.420178 0.405098
v 0.353181 0.416249 0.426046
v 0.345277 0.392765 0.421423
v 0.321633 0.411862 0.40627
v 0.342571 0.390286 0.420472
v 0.341519 0.41795 0.424258
v 0.323485 0.398098 0.414384
v 0.385626 0.391858 0.457989
v 0.347674 0.424244 0.432558
v 0.319004 0.395047 0.414052
v 0.348424 0.416264 0.433796
v 0.324231 0.391957 0.418394
v 0.350769 0.404339 0.43649
v 0.33632 0.399991 0.42801
v 0.343638 0.415188 0.433507
v 0.349357 0.394413 0.4375
v 0.312006 0.391415 0.41328
v 0.365459 0.429783 0.450938
v 0.333983 0.409398 0.431192
v 0.364855 0.420308 0.452839
v 0.38365 0.393223 0.465769
v 0.351703 0.401432 0.445835
v 0.332041 0.425328 0.43384
v 0.343872 0.427121 0.442033
v 0.338112 0.417561 0.439116
v 0.358071 0.400837 0.452707
v 0.312382 0.400097 0.422416
v 0.354379 0.412426 0.451186
v 0.321562 0.416768 0.429466
v 0.357412 0.394528 0.453799
v 0.356804 0.407658 0.45409
v 0.347978 0.411038 0.448362
v 0.328216 0.417172 0.43527
v 0.316136 0.409749 0.428215
v 0.338432 0.412182 0.445568
v 0.371203 0.393635 0.468425
v 0.365209 0.401936 0.466609
v 0.318286 0.42603 0.435775
v 0.294528 0.396855 0.422272
v 0.30302 0.425923 0.428566
v 0.351467 0.422352 0.461662
v 0.347477 0.408223 0.458995
v 0.29644 0.391903 0.426734
v 0.31018 0.418217 0.436217
v 0.358307 0.394612 0.469228
v 0.360038 0.425244 0.472318
v 0.348259 0.413594 0.466676
v 0.298406 0.418721 0.433335
v 0.302028 0.412098 0.436537
v 0.32785 0.430172 0.454906
v 0.290192 0.388455 0.430241
v 0.33859 0.423451 0.462726
v 0.295157 0.401776 0.434619
v 0.352996 0.401112 0.474475
v 0.344841 0.406842 0.470006
v 0.34113 0.433362 0.469868
v 0.303698 0.421307 0.447386
v 0.353619 0.436863 0.481489
v 0.315797 0.432248 0.456439
v 0.347831 0.395932 0.477983
v 0.28584 0.404576 0.438208
v 0.34225 0.409245 0.479347
v 0.300068 0.430668 0.45151
v 0.332612 0.426175 0.474416
v 0.284906 0.38876 0.446503
v 0.34439 0.429211 0.486442
v 0.291757 0.41586 0.451355
v 0.289412 0.422673 0.449838
v 0.348269 0.393185 0.489999
v 0.319371 0.427159 0.471846
v 0.310716 0.425534 0.466205
v 0.300909 0.424054 0.460692
v 0.319497 0.435589 0.475219
v 0.340564 0.390957 0.489406
v 0.33027 0.407238 0.485496
v 0.295804 0.413922 0.462633
v 0.274924 0.38818 0.449195
v 0.339695 0.400242 0.492975
v 0.285214 0.433911 0.457329
v 0.325095 0.418972 0.485074
v 0.290264 0.409131 0.462701
v 0.304912 0.435841 0.472748
v 0.319529 0.414326 0.484758
v 0.290435 0.426541 0.468089
v 0.305105 0.428555 0.477967
v 0.280942 0.400898 0.462493
v 0.270064 0.435414 0.455508
v 0.272573 0.391842 0.457356
v 0.320676 0.405056 0.489882
v 0.269468 0.425381 0.45667
v 0.281376 0.40514 0.466091
v 0.314047 0.440762 0.488191
v 0.29808 0.411496 0.477646
v 0.309718 0.414349 0.486702
v 0.314583 0.431294 0.490406
v 0.285859 0.387822 0.471432
v 0.289807 0.439137 0.479133
v 0.327391 0.391736 0.505099
v 0.313491 0.403668 0.496197
v 0.314052 0.396145 0.497675
v 0.290852 0.430088 0.482149
v 0.28989 0.396801 0.484021
v 0.280355 0.395047 0.481226
v 0.290354 0.40363 0.490506
v 0.302993 0.392369 0.503027
v 0.411476 0.227422 0.235751
v 0.411354 0.22704 0.222873
v 0.40287 0.274762 0.203524
v 0.399768 0.227216 0.235141
v 0.399749 0.226796 0.221774
v 0.398677 0.293847 0.201266
v 0.394538 0.276181 0.196261
v 0.394065 0.267652 0.217532
v 0.390968 0.337562 0.174044
v 0.390831 0.22714 0.239138
v 0.390518 0.227155 0.232547
v 0.389919 0.262609 0.209933
v 0.387153 0.325839 0.17438
v 0.386524 0.3419 0.18381
v 0.386024 0.226796 0.226992
v 0.383354 0.332922 0.179873
v 0.383293 0.327187 0.190066
v 0.382743 0.227292 0.243838
v 0.382431 0.302243 0.195163
v 0.379699 0.332039 0.168307
v 0.377876 0.325841 0.176852
v 0.376564 0.340389 0.185855
v 0.376304 0.262593 0.222781
v 0.375244 0.226819 0.228091
v 0.374282 0.331934 0.178073
v 0.366661 0.266347 0.203036
v 0.365554 0.303624 0.191989
v 0.362922 0.263021 0.21271
v 0.359932 0.331797 0.178195
v 0.358718 0.308068 0.198916
v 0.3553 0.291562 0.202243
v 0.354095 0.33766 0.183841
v 0.353286 0.323567 0.173068
v 0.3525 0.33105 0.166934
v 0.347107 0.333461 0.18674
v 0.345253 0.324768 0.176333
v 0.340942 0.332736 0.178042
v 0.285003 0.242208 0.32015
v 0.287964 0.237943 0.329583
v 0.28637 0.249776 0.326419
v 0.281519 0.260999 0.319827
v 0.279183 0.234037 0.314704
v 0.27668 0.255185 0.313078
v 0.284985 0.227559 0.33173
v 0.275454 0.227567 0.31414
v 0.284227 0.253888 0.335144
v 0.282152 0.265851 0.330925
v 0.284523 0.23602 0.341382
v 0.27881 0.273931 0.328928
v 0.273104 0.270528 0.317409
v 0.268542 0.24796 0.310199
v 0.280274 0.259969 0.33839
v 0.280569 0.248464 0.342716
v 0.271748 0.281758 0.325356
v 0.279103 0.227735 0.344575
v 0.263464 0.236272 0.310502
v 0.273948 0.2814 0.335589
v 0.274983 0.27284 0.340249
v 0.26164 0.257108 0.311099
v 0.262973 0.269223 0.314315
v 0.274786 0.246213 0.347466
v 0.274891 0.239179 0.349682
v 0.261346 0.279317 0.320641
v 0.270318 0.263867 0.343919
v 0.267526 0.283574 0.340077
v 0.271248 0.227117 0.348828
v 0.269603 0.254743 0.34614
v 0.253901 0.246099 0.31233
v 0.255078 0.264852 0.315869
v 0.275067 0.25343 0.360033
v 0.254369 0.226873 0.316779
v 0.25901 0.284669 0.33306
v 0.261984 0.270101 0.343812
v 0.264704 0.246022 0.350437
v 0.248847 0.255353 0.316547
v 0.259994 0.280683 0.341433
v 0.25144 0.271627 0.323632
v 0.258711 0.255643 0.346747
v 0.253447 0.271794 0.336418
v 0.245486 0.2347 0.320578
v 0.253941 0.264676 0.341325
v 0.248457 0.267331 0.329705
v 0.257695 0.24442 0.350514
v 0.244739 0.258557 0.322177
v 0.242353 0.244092 0.321688
v 0.253382 0.226644 0.347198
v 0.253196 0.236631 0.350503
v 0.25004 0.253728 0.3452
v 0.243843 0.226995 0.33253
v 0.241205 0.254354 0.3284
v 0.262275 0.23837 0.375157
v 0.260871 0.22704 0.375462
v 0.243685 0.257367 0.338069
v 0.239002 0.238988 0.328315
v 0.259976 0.251447 0.380449
v 0.241066 0.233449 0.341813
v 0.238168 0.244695 0.335605
v 0.239677 0.23499 0.339209
v 0.241947 0.243024 0.344665
v 0.234161 0.226071 0.330791
v 0.232572 0.23644 0.328262
v 0.256189 0.22672 0.387223
v 0.252511 0.256505 0.381254
v 0.245482 0.227071 0.368158
v 0.25476 0.271512 0.388797
v 0.23677 0.234044 0.353281
v 0.253741 0.258123 0.391124
v 0.228029 0.242879 0.335364
v 0.253803 0.23174 0.394164
v 0.232271 0.241994 0.348087
v 0.233367 0.227079 0.354682
v 0.218195 0.232656 0.32873
v 0.2494 0.242971 0.401572
v 0.216597 0.226522 0.335228
v 0.215135 0.239118 0.33353
v 0.227024 0.23454 0.360375
v 0.248117 0.226842 0.412991
v 0.217108 0.242757 0.345359
v 0.222378 0.225957 0.359307
v 0.234511 0.246511 0.389663
v 0.245743 0.238263 0.41503
v 0.229209 0.227002 0.378883
v 0.234086 0.227231 0.389873
v 0.230031 0.237821 0.385652
v 0.236586 0.264585 0.400909
v 0.21609 0.23821 0.356036
v 0.210049 0.232335 0.343228
v 0.241387 0.229055 0.412538
v 0.215933 0.22656 0.357751
v 0.2395 0.266812 0.413181
v 0.240231 0.249356 0.420964
v 0.236603 0.28824 0.413227
v 0.233911 0.276067 0.421079
v 0.238057 0.23953 0.431641
v 0.231562 0.261289 0.432624
v 0.220323 0.272489 0.41879
v 0.212143 0.236615 0.401808
v 0.226265 0.260282 0.442192
v 0.213678 0.258237 0.415179
v 0.218752 0.299749 0.435572
v 0.220686 0.280038 0.441357
v 0.206733 0.248075 0.414438
v 0.205543 0.267545 0.428599
v 0.5 0.005 0.128709
v 0.433681 -0.000602 0.134551
v 0.33134 0.015084 0.050607
v 0.36976 -0.000602 0.152976
v 0.253808 0.015084 0.087945
v 0.310184 -0.000602 0.182302
v 0.184189 0.015084 0.138526
v 0.256785 -0.000602 0.221618
v 0.124721 0.015084 0.200725
v 0.210403 -0.000602 0.269054
v 0.077314 0.015084 0.272543
v 0.173905 -0.000602 0.324521
v 0.043493 0.015084 0.351672
v 0.143834 -0.000602 0.384275
v 0.024344 0.015084 0.435568
v 0.131148 -0.000602 0.450036
v 0.020483 0.015084 0.521535
v 0.130384 -0.000602 0.516599
v 0.032035 0.015084 0.60681
v 0.139152 -0.000602 0.582361
v 0.058627 0.015084 0.688652
v 0.157719 -0.000602 0.646298
v 0.099405 0.015084 0.764431
v 0.189496 -0.000602 0.704962
v 0.153058 0.015084 0.83171
v 0.232667 -0.000602 0.755596
v 0.217863 0.015084 0.888328
v 0.28299 -0.000602 0.798689
v 0.291736 0.015084 0.932465
v 0.339444 -0.000602 0.833398
v 0.372302 0.015084 0.962702
v 0.401982 -0.000602 0.855159
v 0.456973 0.015084 0.978068
v 0.466921 -0.000602 0.867534
v 0.5 -0.000602 0.5
v 0.5 -0.000602 0.128709
v 0.566175 -0.000602 0.135344
v 0.5 0.015084 0.02
v 0.630145 -0.000602 0.153231
v 0.585707 0.015084 0.027714
v 0.689835 -0.000602 0.18227
v 0.66866 0.015084 0.050607
v 0.743217 -0.000602 0.221615
v 0.746192 0.015084 0.087945
v 0.788609 -0.000602 0.269842
v 0.815811 0.015084 0.138526
v 0.826306 -0.000602 0.324407
v 0.875279 0.015084 0.200725
v 0.853027 -0.000602 0.385295
v 0.922686 0.015084 0.272543
v 0.865626 -0.000602 0.450473
v 0.956507 0.015084 0.351672
v 0.86974 -0.000602 0.516605
v 0.975656 0.015084 0.435568
v 0.860264 -0.000602 0.582228
v 0.979517 0.015084 0.521535
v 0.840361 -0.000602 0.645477
v 0.967965 0.015084 0.60681
v 0.808863 -0.000602 0.703878
v 0.941373 0.015084 0.688652
v 0.767714 -0.000602 0.755961
v 0.900595 0.015084 0.764431
v 0.717339 -0.000602 0.799141
v 0.846942 0.015084 0.83171
v 0.660858 -0.000602 0.834024
v 0.782137 0.015084 0.888328
v 0.598496 -0.000602 0.856892
v 0.708264 0.015084 0.932465
v 0.533262 -0.000602 0.869576
v 0.627698 0.015084 0.962702
v 0.543027 0.015084 0.978068
v 0.5 0.005 0.5
v 0.566175 0.005 0.135344
v 0.585707 0.020686 0.027714
v 0.5 0.020686 0.02
v 0.630145 0.005 0.153231
v 0.66866 0.020686 0.050607
v 0.689835 0.005 0.18227
v 0.746192 0.020686 0.087945
v 0.743217 0.005 0.221615
v 0.815811 0.020686 0.138526
v 0.788609 0.005 0.269842
v 0.875279 0.020686 0.200725
v 0.826306 0.005 0.324407
v 0.922686 0.020686 0.272543
v 0.853027 0.005 0.385295
v 0.956507 0.020686 0.351672
v 0.865626 0.005 0.450473
v 0.975656 0.020686 0.435568
v 0.86974 0.005 0.516605
v 0.979517 0.020686 0.521535
v 0.860264 0.005 0.582228
v 0.967965 0.020686 0.60681
v 0.840361 0.005 0.645477
v 0.941373 0.020686 0.688652
v 0.808863 0.005 0.703878
v 0.900595 0.020686 0.764431
v 0.767714 0.005 0.755961
v 0.846942 0.020686 0.83171
v 0.717339 0.005 0.799141
v 0.782137 0.020686 0.888328
v 0.660858 0.005 0.834024
v 0.708264 0.020686 0.932465
v 0.598496 0.005 0.856892
v 0.627698 0.020686 0.962702
v 0.533262 0.005 0.869576
v 0.543027 0.020686 0.978068
v 0.466921 0.005 0.867534
v 0.456973 0.020686 0.978068
v 0.401982 0.005 0.855159
v 0.372302 0.020686 0.962702
v 0.339444 0.005 0.833398
v 0.291736 0.020686 0.932465
v 0.28299 0.005 0.798689
v 0.217863 0.020686 0.888328
v 0.232667 0.005 0.755596
v 0.153058 0.020686 0.83171
v 0.189496 0.005 0.704962
v 0.099405 0.020686 0.764431
v 0.157719 0.005 0.646298
v 0.058627 0.020686 0.688652
v 0.139152 0.005 0.582361
v 0.032035 0.020686 0.60681
v 0.130384 0.005 0.516599
v 0.020483 0.020686 0.521535
v 0.131148 0.005 0.450036
v 0.024344 0.020686 0.435568
v 0.143834 0.005 0.384275
v 0.043493 0.020686 0.351672
v 0.173905 0.005 0.324521
v 0.077314 0.020686 0.272543
v 0.210403 0.005 0.269054
v 0.124721 0.020686 0.200725
v 0.256785 0.005 0.221618
v 0.184189 0.020686 0.138526
v 0.310184 0.005 0.182302
v 0.253808 0.020686 0.087945
v 0.36976 0.005 0.152976
v 0.33134 0.020686 0.050607
v 0.433681 0.005 0.134551
v 0.414293 0.020686 0.027714
v 0.414293 0.015084 0.027714
vn 0.0396 0.8596 0.5095
vn 0.7808 0.1340 0.6102
vn 0.6231 -0.0472 0.7807
vn 0.7815 0.5919 0.1974
vn 0.5740 0.0472 0.8175
vn 0.5454 0.8379 -0.0237
vn 0.8453 0.5217 0.1151
vn 0.2834 0.2047 0.9369
vn 0.7153 0.6930 0.0900
vn 0.5832 0.6304 0.5123
vn 0.4566 0.5274 0.7165
vn 0.3698 0.7239 0.5824
vn 0.3478 0.6009 0.7197
vn 0.6418 0.6457 0.4138
vn 0.2154 0.8102 0.5451
vn -0.3385 0.9247 0.1741
vn -0.7939 0.6066 0.0413
vn -0.3707 0.8677 0.3313
vn -0.8593 0.4493 0.2444
vn -0.7005 0.5351 0.4722
vn -0.3284 0.7484 0.5762
vn -0.2600 0.8034 0.5356
vn -0.4492 0.7723 0.4492
vn -0.5575 0.7618 0.3298
vn -0.6052 0.4560 0.6525
vn -0.5225 0.4434 0.7283
vn -0.3996 0.7677 0.5009
vn -0.1893 0.8277 0.5282
vn -0.6943 0.0474 0.7181
vn -0.4902 0.5454 0.6799
vn 0.1884 0.7614 0.6202
vn 0.1575 0.8192 0.5514
vn 0.1349 0.8378 0.5290
vn 0.3462 0.7162 0.6060
vn 0.2518 0.8264 0.5037
vn -0.1969 -0.1496 0.9690
vn -0.2999 0.2054 0.9316
vn 0.1104 0.7807 0.6151
vn -0.4803 0.1811 0.8582
vn 0.1736 0.4340 0.8840
vn 0.1106 0.5694 0.8146
vn -0.5270 -0.0156 0.8497
vn -0.8660 0.2204 0.4488
vn -0.4950 0.5263 0.6914
vn -0.1962 0.2983 0.9341
vn -0.3307 0.7165 0.6142
vn 0.0235 0.6748 0.7377
vn 0.0866 0.0945 0.9918
vn 0.4096 0.5435 0.7327
vn -0.0872 0.7123 0.6964
vn 0.4166 0.4951 0.7624
vn 0.6533 0.5431 0.5274
vn 0.6684 0.7234 0.1730
vn 0.8831 0.1971 0.4258
vn 0.7898 0.3475 0.5054
vn -0.3155 0.9148 0.2523
vn -0.9736 0.1022 -0.2041
vn -0.5590 0.8109 0.1731
vn -0.8660 0.4960 -0.0629
vn -0.7845 0.1020 0.6117
vn -0.9370 0.3227 0.1338
vn -0.9580 0.2827 0.0471
vn -0.5907 0.7716 0.2362
vn -0.4798 0.8493 0.2202
vn -0.9078 0.4183 0.0315
vn -0.9449 0.2913 -0.1496
vn -0.7026 0.6710 -0.2368
vn -0.7487 0.5831 -0.3153
vn -0.7028 0.7028 -0.1106
vn -0.6699 -0.1182 -0.7330
vn -0.7022 0.6943 0.1578
vn -0.5959 0.7919 -0.1333
vn -0.5656 0.6284 -0.5341
vn -0.3868 0.7498 -0.5368
vn -0.6226 0.7091 0.3309
vn -0.5513 0.8270 0.1101
vn 0.4033 0.8464 -0.3479
vn 0.0864 0.7788 0.6213
vn 0.3933 0.6137 0.6846
vn 0.6373 0.5901 0.4957
vn 0.0473 0.6782 -0.7334
vn 0.8304 0.5014 0.2428
vn 0.7058 0.6273 -0.3291
vn 0.8241 0.5572 -0.1021
vn 0.5506 0.5662 -0.6134
vn 0.5406 0.4466 -0.7130
vn -0.3542 0.6768 -0.6453
vn 0.7573 0.4811 -0.4417
vn 0.8408 0.4165 -0.3458
vn -0.7483 0.3308 -0.5750
vn 0.9954 0.0395 0.0868
vn 0.8730 0.0079 -0.4876
vn 0.5501 0.1727 -0.8170
vn 0.8388 0.5016 -0.2117
vn 0.8010 0.5968 -0.0471
vn 0.7744 0.5927 0.2213
vn 0.6766 0.7157 0.1731
vn 0.8121 0.5833 0.0158
vn 0.7616 0.6358 -0.1256
vn 0.6524 0.7546 -0.0706
vn 0.9273 -0.0189 0.3739
vn 0.6390 0.7604 -0.1159
vn 0.7411 0.6235 0.2490
vn 0.7483 0.6617 0.0472
vn 0.6291 0.7628 0.1496
vn 0.6042 0.4238 0.6748
vn 0.6445 0.2536 0.7213
vn 0.4412 0.6146 0.6540
vn 0.4408 0.5195 0.7320
vn 0.9847 -0.0038 0.1743
vn 0.9824 0.1807 0.0473
vn 0.8139 0.5373 0.2212
vn 0.4780 0.7210 0.5017
vn -0.0393 0.6907 0.7221
vn -0.4963 0.7960 0.3466
vn 0.2607 0.9482 0.1815
vn -0.5275 0.7007 0.4803
vn -0.7219 0.6904 0.0470
vn -0.0626 0.9245 0.3760
vn 0.7248 0.4332 -0.5357
vn -0.6040 0.7453 0.2823
vn 0.4498 0.4183 -0.7891
vn -0.2127 0.9771 0.0078
vn -0.6584 0.7446 -0.1098
vn -0.8122 0.5678 -0.1340
vn -0.0158 0.6950 -0.7188
vn 0.2765 0.1579 -0.9479
vn -0.0866 0.6926 -0.7161
vn -0.6766 0.5586 -0.4798
vn -0.2131 0.5761 -0.7891
vn -0.0316 0.7107 -0.7028
vn 0.0158 0.2443 -0.9696
vn 0.1974 0.1342 -0.9711
vn 0.4100 0.5204 -0.7491
vn 0.1807 0.5813 -0.7934
vn -0.1963 0.5654 -0.8011
vn -0.2760 0.5601 -0.7811
vn 0.0275 0.6986 -0.7150
vn -0.2044 0.6763 -0.7077
vn -0.3406 0.5306 -0.7762
vn 0.1901 0.4650 -0.8647
vn -0.0236 0.0079 -0.9997
vn 0.0630 0.2679 -0.9614
vn -0.0629 -0.0313 -0.9975
vn -0.0000 -0.0079 -1.0000
vn -0.1655 0.0396 -0.9854
vn 0.2210 0.2607 -0.9398
vn 0.0945 -0.0473 -0.9944
vn -0.0000 0.6199 -0.7847
vn -0.6121 0.6041 -0.5102
vn -0.0315 0.0550 -0.9980
vn -0.6010 0.7195 -0.3481
vn -0.0550 0.2514 -0.9663
vn -0.2914 0.3071 -0.9060
vn -0.7000 0.5741 -0.4247
vn -0.4825 0.8227 -0.3006
vn -0.5817 0.7626 -0.2830
vn -0.7821 0.3161 -0.5370
vn -0.9379 0.1261 -0.3231
vn -0.7008 0.7007 -0.1339
vn -0.4251 0.9051 -0.0001
vn -0.5209 0.8523 -0.0474
vn -0.4510 0.8919 0.0342
vn -0.5288 0.7340 -0.4262
vn -0.5278 0.5515 -0.6459
vn -0.0424 0.9710 -0.2354
vn 0.0612 0.9880 0.1415
vn 0.2275 -0.0391 0.9730
vn -0.2410 0.0289 0.9701
vn -0.9316 0.0872 0.3528
vn -0.1731 0.0472 0.9838
vn -0.6451 0.2202 0.7316
vn -0.8007 0.3140 0.5102
vn -0.7625 0.3875 0.5181
vn -0.3454 0.5492 0.7610
vn 0.0629 0.1180 0.9910
vn 0.4399 -0.1807 0.8797
vn -0.3850 0.5737 0.7230
vn -0.5669 0.7008 0.4330
vn 0.1724 0.4310 0.8857
vn -0.1574 0.7475 0.6453
vn 0.1895 0.8686 0.4579
vn -0.9058 0.2835 0.3150
vn -0.9995 -0.0000 -0.0314
vn -0.2588 0.9022 0.3451
vn -0.7652 0.6389 0.0789
vn -0.3776 0.9203 0.1023
vn -0.0473 0.9986 0.0236
vn 0.6042 0.4237 0.6749
vn 0.4816 0.8607 0.1650
vn 0.7544 -0.1257 0.6443
vn -0.4974 0.8368 -0.2289
vn 0.9206 -0.1259 0.3698
vn -0.2198 0.9735 0.0627
vn 0.7608 -0.4470 0.4705
vn 0.2562 0.3151 0.9138
vn 0.4905 0.0440 0.8703
vn 0.8090 -0.5419 0.2278
vn 0.8707 -0.1281 0.4748
vn 0.9119 -0.3852 0.1416
vn 0.9316 -0.2053 -0.3000
vn 0.9550 0.2683 0.1263
vn 0.8454 0.4663 -0.2607
vn 0.7734 0.2052 -0.5998
vn 0.4014 0.8344 -0.3778
vn 0.4947 0.2748 -0.8245
vn 0.0157 0.9998 -0.0077
vn 0.1490 0.8781 -0.4547
vn 0.4104 0.2527 -0.8762
vn -0.1029 0.5931 -0.7985
vn -0.1501 0.9558 -0.2528
vn -0.1733 0.3860 -0.9061
vn -0.2362 0.9685 -0.0787
vn -0.1341 0.7822 -0.6084
vn -0.6062 0.4173 -0.6771
vn -0.3385 -0.1496 -0.9290
vn -0.8553 0.4237 -0.2982
vn -0.7885 -0.0078 -0.6150
vn -0.9740 0.0428 -0.2226
vn -0.9445 0.0944 -0.3148
vn -0.8903 -0.2757 -0.3625
vn -0.8061 0.0878 -0.5853
vn -0.9981 -0.0470 0.0392
vn -0.1467 0.9850 0.0913
vn -0.7900 0.5739 -0.2156
vn -0.8673 0.4888 -0.0945
vn -0.6373 0.6530 -0.4091
vn -0.7856 0.6127 0.0862
vn -0.8345 0.0079 -0.5510
vn -0.8409 0.5147 -0.1670
vn -0.4985 0.3166 -0.8070
vn -0.7224 0.1806 -0.6674
vn 0.3934 0.8345 -0.3857
vn -0.4809 0.4809 -0.7331
vn -0.8406 0.2541 -0.4783
vn -0.8109 0.1968 -0.5511
vn -0.3234 0.3391 -0.8834
vn -0.6922 0.4495 -0.5647
vn 0.0157 0.4722 -0.8814
vn -0.0711 0.3554 -0.9320
vn 0.3455 0.5023 -0.7927
vn 0.7273 0.5771 -0.3714
vn 0.7278 0.6566 0.1978
vn 0.3614 0.5892 -0.7227
vn 0.7674 0.6329 -0.1027
vn 0.9768 0.0630 -0.2048
vn 0.8028 0.4868 -0.3442
vn 0.8709 0.2442 -0.4265
vn 0.7232 0.5188 -0.4559
vn 0.6147 0.2915 -0.7329
vn 0.7175 0.6711 -0.1867
vn 0.1183 0.2998 -0.9466
vn 0.6569 0.4945 -0.5692
vn -0.6334 0.3621 -0.6839
vn -0.3063 0.4321 -0.8482
vn -0.4911 -0.1142 -0.8636
vn -0.8411 0.5383 0.0535
vn -0.3929 -0.0236 -0.9193
vn 0.8542 0.4649 -0.2328
vn -0.0079 -0.1026 -0.9947
vn 0.9252 -0.3788 -0.0233
vn 0.5590 -0.2598 -0.7874
vn -0.2127 0.5988 -0.7721
vn -0.4252 0.8031 -0.4173
vn 0.3304 0.5663 -0.7551
vn -0.0313 0.9258 -0.3766
vn 0.7254 0.3390 -0.5990
vn 0.9356 -0.1022 -0.3380
vn 0.4881 0.8503 -0.1968
vn 0.7696 -0.6362 0.0549
vn 0.6758 -0.2135 0.7055
vn 0.9296 -0.3465 0.1260
vn 0.8943 0.4472 0.0158
vn -0.0393 0.9987 -0.0314
vn -0.4501 0.8921 -0.0395
vn 0.0710 0.9861 0.1499
vn 0.4105 0.8525 0.3236
vn 0.8114 0.1417 0.5670
vn 0.2924 0.7744 0.5611
vn -0.1575 0.9608 0.2283
vn -0.5826 0.6927 0.4251
vn 0.5968 -0.0471 0.8010
vn -0.1575 0.7403 0.6536
vn 0.1809 -0.0078 0.9835
vn -0.3380 0.4118 0.8463
vn -0.3633 0.1184 0.9241
vn -0.8179 -0.0393 0.5741
vn -0.5041 -0.5357 0.6774
vn -0.1912 0.0547 0.9800
vn 0.8400 -0.5072 -0.1928
vn 0.6447 -0.2870 -0.7085
vn 0.4105 -0.2918 -0.8639
vn 0.2363 -0.0788 -0.9685
vn -0.6227 -0.4130 -0.6646
vn -0.9768 0.1260 0.1733
vn -0.8670 0.4098 -0.2837
vn -0.7247 0.2600 -0.6381
vn -0.4473 0.4556 0.7697
vn -0.0526 0.7911 0.6094
vn -0.4972 0.7282 0.4717
vn -0.8403 0.3284 0.4313
vn 0.3595 0.6565 0.6632
vn -0.6282 0.0315 0.7774
vn 0.0868 0.6077 0.7894
vn -0.1492 0.7224 0.6752
vn -0.3787 0.7652 0.5207
vn -0.4092 0.7555 0.5116
vn -0.6210 0.5502 0.5582
vn -0.3059 0.7294 0.6118
vn -0.6043 0.7612 0.2354
vn -0.9883 0.0864 0.1256
vn -0.9905 0.0550 -0.1259
vn -0.2723 0.7861 0.5549
vn -0.9727 0.2274 0.0471
vn -0.3250 0.6824 0.6547
vn 0.2267 0.9740 0.0007
vn -0.4812 0.3269 -0.8134
vn -0.1338 0.9726 0.1901
vn -0.2740 0.5197 0.8092
vn -0.3376 0.8256 -0.4522
vn 0.2273 0.9512 -0.2084
vn 0.4835 -0.1089 -0.8686
vn -0.2790 0.8361 -0.4723
vn 0.3791 0.9241 0.0474
vn 0.0478 0.9988 0.0046
vn -0.9476 -0.2410 0.2098
vn -0.1315 0.8425 0.5224
vn 0.2751 0.6915 0.6679
vn -0.0866 0.8500 0.5196
vn 0.7721 0.4334 0.4648
vn -0.2441 0.5195 0.8188
vn 0.2987 0.9511 0.0786
vn -0.2519 0.5743 0.7789
vn -0.5512 0.7399 0.3857
vn 0.4231 0.6277 0.6534
vn -0.9128 0.3698 0.1731
vn -0.2827 0.9421 -0.1805
vn -0.5921 0.6632 0.4579
vn -0.7704 0.6368 -0.0315
vn -0.8721 0.4635 0.1571
vn -0.5497 0.8321 -0.0739
vn -0.8485 0.4007 -0.3457
vn -0.8053 0.3209 -0.4985
vn -0.2751 0.6992 0.6599
vn -0.0314 0.9191 0.3927
vn -0.5065 0.6253 -0.5937
vn -0.5907 0.3386 -0.7324
vn -0.6053 0.1722 -0.7772
vn 0.3629 0.6628 0.6550
vn -0.5115 0.4093 -0.7555
vn 0.3862 0.7724 -0.5042
vn -0.1175 0.6385 -0.7606
vn 0.1160 0.3262 -0.9382
vn 0.0238 -0.8495 0.5270
vn -0.9119 0.0393 0.4086
vn -0.5355 0.8427 -0.0551
vn -0.3625 0.6226 -0.6935
vn 0.1259 0.6139 -0.7793
vn 0.2439 0.4955 -0.8337
vn 0.6845 0.6373 -0.3540
vn 0.2591 0.4319 -0.8639
vn 0.5585 0.6135 -0.5583
vn 0.7329 0.6619 -0.1576
vn 0.3698 0.3933 -0.8418
vn 0.6691 0.4409 -0.5982
vn -0.0072 0.5402 -0.8415
vn 0.7094 0.5675 0.4178
vn 0.8668 -0.2221 0.4465
vn 0.5235 0.3563 0.7739
vn 0.7060 0.0219 -0.7079
vn 0.4761 0.4908 -0.7297
vn 0.7476 0.4328 -0.5037
vn 0.6542 0.5899 -0.4733
vn 0.8286 0.2292 -0.5108
vn 0.8695 0.4777 -0.1253
vn 0.6852 0.6774 0.2677
vn 0.9365 0.3463 0.0551
vn 0.5992 0.6150 0.5126
vn 0.8676 0.2129 0.4494
vn 0.9583 0.2586 -0.1219
vn 0.6445 0.2323 0.7285
vn -0.8155 0.5787 0.0121
vn -0.5054 -0.6770 0.5351
vn -0.1576 0.4729 0.8669
vn -0.6246 0.2969 0.7223
vn -0.0939 0.9056 0.4136
vn -0.3468 0.2681 0.8988
vn 0.1415 0.6760 0.7232
vn 0.1873 0.5195 0.8337
vn 0.2914 0.8271 0.4807
vn 0.6223 0.7326 0.2759
vn 0.4875 0.5425 0.6841
vn -0.0315 0.4087 0.9121
vn -0.2909 0.4404 0.8494
vn 0.2444 0.4493 0.8593
vn -0.2044 0.6601 0.7228
vn -0.5272 0.0078 0.8497
vn -0.5609 0.5055 0.6556
vn -0.8243 0.0314 0.5652
vn -0.3140 0.6907 0.6515
vn -0.9802 0.1739 0.0949
vn -0.7329 0.6147 0.2916
vn -0.6547 0.7178 0.2367
vn -0.6054 0.7312 0.3144
vn -0.6376 0.7557 -0.1496
vn -0.6949 0.6868 -0.2132
vn -0.4639 0.8809 0.0944
vn -0.2601 0.7809 -0.5679
vn -0.7791 0.5509 -0.2991
vn -0.8052 0.5841 0.1026
vn -0.9890 0.0785 -0.1256
vn -0.6294 0.7475 0.2124
vn -0.6701 0.7300 0.1342
vn -0.7558 0.6455 0.1102
vn -0.6135 0.7865 -0.0710
vn -0.9677 0.2516 -0.0158
vn -0.6463 0.4413 -0.6226
vn -0.6444 0.4871 -0.5894
vn -0.5263 0.8170 -0.2357
vn -0.7075 0.2516 -0.6604
vn -0.5055 0.5608 -0.6557
vn -0.2836 0.7013 -0.6540
vn -0.0548 0.7553 -0.6531
vn 0.0235 0.4564 -0.8895
vn 0.3154 0.6388 -0.7018
vn -0.7030 0.1817 -0.6875
vn -0.5999 0.7733 -0.2052
vn -0.0474 0.2292 -0.9722
vn -0.1728 0.5262 -0.8326
vn -0.3078 0.8918 -0.3316
vn -0.2044 0.7154 -0.6682
vn 0.1735 0.3232 -0.9303
vn 0.4721 0.7396 -0.4797
vn 0.5126 0.6070 -0.6072
vn 0.4189 0.6877 0.5929
vn 0.5362 0.7334 -0.4178
vn 0.5040 0.6301 -0.5907
vn 0.5492 0.1804 -0.8160
vn 0.7738 0.6237 -0.1105
vn 0.6536 0.2440 -0.7165
vn 0.4748 0.4826 -0.7360
vn 0.5419 0.3378 -0.7696
vn 0.9470 0.1341 -0.2920
vn 0.6936 0.4334 -0.5754
vn 0.7556 0.6533 -0.0472
vn 0.9522 0.2518 0.1731
vn 0.7368 0.4782 0.4780
vn 0.8797 0.4399 -0.1807
vn 0.8341 0.3699 0.4092
vn 0.7173 0.4887 0.4966
vn 0.4798 0.5586 0.6766
vn 0.7336 0.2523 0.6311
vn 0.7235 0.3459 0.5975
vn 0.8157 0.3765 0.4392
vn 0.8253 0.5424 0.1572
vn 0.5732 0.8010 -0.1727
vn 0.5452 0.7664 -0.3398
vn 0.4476 0.8402 -0.3062
vn 0.5497 0.5024 -0.6674
vn 0.2444 0.7804 -0.5755
vn 0.2907 0.7539 -0.5891
vn 0.9300 0.3547 -0.0967
vn 0.8735 0.3327 0.3553
vn 0.5471 -0.4892 0.6792
vn 0.2914 -0.3307 0.8976
vn 0.7000 -0.0944 0.7079
vn 0.0706 0.3295 0.9415
vn -0.1104 0.9848 0.1339
vn -0.0707 0.7865 -0.6135
vn -0.8041 0.1003 0.5860
vn 0.5756 0.0947 -0.8122
vn -0.4021 0.1262 0.9069
vn 0.3721 0.5348 -0.7586
vn 0.2535 -0.0075 -0.9673
vn 0.6133 0.5426 -0.5740
vn 0.4796 0.1887 -0.8570
vn -0.1101 0.8109 -0.5748
vn 0.2291 0.1343 -0.9641
vn -0.3072 0.7640 -0.5673
vn 0.1786 0.6473 -0.7410
vn -0.2926 0.6642 -0.6879
vn -0.4466 0.8870 -0.1171
vn -0.2115 0.9174 -0.3371
vn 0.3715 0.9238 0.0923
vn 0.9166 0.3773 -0.1322
vn -0.4244 0.2122 -0.8803
vn 0.0711 0.8857 -0.4587
vn -0.3636 0.2372 -0.9008
vn -0.2279 0.4480 -0.8645
vn -0.5043 0.6652 -0.5506
vn -0.5909 0.7879 -0.1734
vn -0.4951 0.8645 0.0864
vn -0.4942 0.8626 0.1077
vn -0.7485 0.6224 -0.2286
vn -0.7989 -0.0235 -0.6010
vn -0.6370 0.7313 -0.2438
vn -0.8520 0.5056 -0.1357
vn -0.4235 0.5960 0.6822
vn -0.5846 0.7505 0.3081
vn -0.3295 0.8788 0.3452
vn -0.6376 0.5040 0.5826
vn -0.0471 0.9744 0.2200
vn -0.7383 -0.1728 0.6519
vn -0.8402 0.5418 -0.0236
vn -0.7125 -0.4743 0.5170
vn -0.9589 0.1966 0.2044
vn -0.9526 -0.2992 0.0549
vn -0.7332 -0.5899 -0.3383
vn -0.9400 -0.0316 -0.3397
vn -0.7545 -0.1736 -0.6329
vn -0.5279 0.8431 -0.1024
vn -0.7548 0.4639 -0.4638
vn -0.7298 -0.1098 -0.6748
vn -0.2441 0.9605 -0.1338
vn -0.4418 0.7415 -0.5049
vn -0.4964 0.1261 -0.8589
vn -0.3415 -0.2427 -0.9080
vn -0.1106 -0.1659 -0.9799
vn -0.1895 0.4264 -0.8845
vn -0.0942 0.7458 -0.6595
vn 0.2600 0.7638 -0.5907
vn -0.1180 0.9444 -0.3069
vn -0.1576 0.9850 -0.0709
vn -0.3223 0.9433 -0.0787
vn 0.1414 0.9819 -0.1257
vn 0.5825 0.8030 -0.1259
vn 0.3860 0.9061 0.1734
vn 0.8040 0.4886 0.3389
vn 0.4557 0.5972 0.6600
vn 0.8740 -0.3701 0.3149
vn 0.7221 -0.1910 0.6649
vn 0.9819 0.1886 0.0157
vn 0.9114 -0.4007 -0.0943
vn 0.8832 0.1577 -0.4416
vn 0.6204 0.4476 -0.6440
vn 0.7809 -0.3786 -0.4969
vn 0.2122 0.3303 -0.9197
vn 0.5361 0.0315 -0.8436
vn 0.4831 -0.5773 -0.6583
vn 0.4021 -0.4652 -0.7886
vn 0.0797 -0.5101 -0.8564
vn -0.1021 0.0345 -0.9942
vn -0.3383 0.0558 0.9394
vn -0.8067 0.5097 -0.2991
vn -0.8202 0.1498 0.5521
vn -0.6373 0.5731 -0.5153
vn -0.5421 0.7855 0.2985
vn -0.8434 0.5359 -0.0395
vn 0.0079 0.9517 0.3068
vn -0.2909 0.9437 -0.1575
vn -0.7801 0.5043 -0.3704
vn -0.8789 0.4046 -0.2526
vn -0.3464 0.8106 -0.4722
vn 0.1339 0.9848 -0.1103
vn -0.3551 0.5869 -0.7276
vn -0.0361 0.8721 -0.4880
vn -0.1181 0.6617 -0.7404
vn -0.1951 0.9735 -0.1194
vn -0.0706 0.9494 -0.3060
vn 0.3859 0.7087 -0.5906
vn 0.8776 0.4658 0.1130
vn 0.3310 0.9381 -0.1024
vn 0.8083 0.5493 -0.2119
vn 0.7076 0.6603 0.2516
vn 0.9208 -0.2911 0.2597
vn 0.6197 -0.0236 0.7845
vn 0.4877 0.7945 0.3618
vn 0.1885 0.0236 0.9818
vn 0.4645 0.6378 -0.6144
vn -0.5741 0.2281 0.7864
vn 0.4477 0.2827 -0.8483
vn 0.6283 -0.1570 -0.7620
vn -0.3714 -0.0868 0.9244
vn 0.4859 0.4312 -0.7603
vn -0.4949 0.5264 0.6913
vn 0.5288 0.1419 -0.8368
vn -0.3920 0.2744 0.8781
vn -0.1180 -0.0551 0.9915
vn -0.4559 0.3694 0.8097
vn -0.0942 0.1100 0.9895
vn 0.5986 0.0945 -0.7955
vn 0.4170 -0.2518 -0.8733
vn 0.5044 -0.3861 -0.7724
vn 0.5846 -0.3082 -0.7505
vn 0.4252 -0.4173 -0.8032
vn 0.6694 -0.2677 -0.6930
vn 0.2845 -0.3872 -0.8770
vn 0.0518 -0.1036 0.9933
vn -0.4753 0.2126 0.8537
vn -0.9176 -0.2005 0.3432
vn 0.4830 0.8754 0.0188
vn 0.0947 0.9788 0.1815
vn 0.1569 0.9647 0.2117
vn 0.0795 0.7980 -0.5974
vn -0.6325 0.3401 0.6959
vn 0.7583 -0.3573 -0.5453
vn -0.6387 0.3783 0.6701
vn -0.8127 0.0869 0.5761
vn 0.3303 -0.6059 -0.7238
vn 0.3951 -0.2451 -0.8854
vn 0.4264 -0.7502 0.5053
vn -0.3300 0.9428 0.0472
vn -0.5775 0.8150 -0.0474
vn -0.4072 0.8458 -0.3446
vn -0.0626 0.9961 0.0626
vn -0.7092 0.5975 -0.3742
vn 0.3919 -0.7998 0.4547
vn 0.3698 -0.8262 0.4249
vn 0.5004 -0.7143 0.4892
vn 0.3624 -0.8587 0.3624
vn 0.7330 0.2127 0.6461
vn -0.6007 0.7272 -0.3321
vn -0.3074 0.9460 -0.1025
vn 0.4808 -0.8196 0.3117
vn 0.5754 -0.7251 0.3783
vn 0.3993 -0.9005 0.1722
vn 0.4562 -0.8890 0.0393
vn 0.2674 -0.9362 0.2282
vn -0.8370 0.1895 -0.5133
vn 0.2043 -0.9348 0.2906
vn 0.2294 -0.9177 0.3244
vn 0.0947 -0.9788 0.1815
vn 0.2670 -0.9345 0.2356
vn -0.4875 0.8175 -0.3066
vn -0.4789 0.7852 -0.3926
vn -0.3629 0.8992 -0.2446
vn 0.2757 -0.9610 0.0235
vn -0.7707 -0.1730 -0.6133
vn 0.3387 -0.9217 0.1891
vn 0.5448 -0.6631 0.5133
vn 0.3227 -0.9370 0.1338
vn 0.2901 -0.9567 0.0234
vn -0.5198 0.8030 -0.2914
vn 0.4092 -0.8892 0.2046
vn 0.5527 -0.8212 0.1422
vn 0.5678 -0.7809 0.2603
vn 0.4552 -0.8240 0.3374
vn -0.3536 0.9193 -0.1729
vn -0.3062 0.9263 -0.2198
vn -0.2910 0.9363 -0.1967
vn -0.3771 0.9114 -0.1650
vn -0.2671 0.9582 -0.1022
vn -0.2605 0.9549 -0.1423
vn -0.2040 0.9650 -0.1647
vn -0.2513 0.9587 -0.1335
vn 0.1502 0.9871 -0.0552
vn -0.2521 0.8974 -0.3621
vn -0.1813 0.9619 -0.2049
vn -0.1964 0.9743 -0.1100
vn -0.3451 0.9021 -0.2589
vn -0.4802 0.8187 -0.3150
vn -0.0079 0.9980 0.0628
vn -0.3457 0.9192 -0.1886
vn -0.5107 0.7386 -0.4400
vn -0.5662 0.4089 -0.7157
vn 0.2168 0.9658 0.1425
vn 0.3708 0.9075 0.1973
vn -0.1332 -0.7782 -0.6138
vn 0.3763 0.8993 0.2229
vn 0.3338 0.1394 -0.9323
vn -0.7653 0.1889 0.6154
vn -0.5190 -0.7549 -0.4010
vn -0.2355 0.9578 0.1648
vn -0.4791 -0.8165 -0.3220
vn -0.2757 0.9611 0.0157
vn -0.2132 -0.9552 -0.2052
vn -0.5808 -0.7768 -0.2433
vn 0.1264 0.9550 0.2684
vn -0.3231 0.9455 0.0394
vn -0.6237 -0.7816 -0.0079
vn 0.0788 0.9844 0.1575
vn 0.1734 0.9303 0.3232
vn -0.0315 0.9980 -0.0550
vn -0.2200 -0.9747 -0.0390
vn 0.0944 0.8967 -0.4325
vn 0.1103 0.9919 -0.0631
vn 0.1651 0.9515 0.2595
vn 0.1807 0.9744 0.1336
vn 0.3553 0.9082 0.2211
vn -0.0157 0.9979 0.0629
vn 0.3850 0.9196 -0.0785
vn 0.8192 0.2728 -0.5045
vn 0.5979 -0.0386 -0.8006
vn -0.0784 -0.9805 -0.1804
vn 0.1578 -0.9547 -0.2525
vn 0.0158 -0.9861 -0.1656
vn -0.1257 -0.9901 -0.0628
vn 0.0472 -0.9838 -0.1732
vn 0.0553 -0.9718 -0.2292
vn 0.2277 -0.7929 -0.5652
vn 0.1420 -0.9550 -0.2604
vn 0.1494 0.9690 -0.1969
vn -0.0000 0.9989 -0.0473
vn -0.0158 0.9938 0.1104
vn 0.0946 0.9940 -0.0551
vn 0.0551 0.9915 0.1180
vn 0.0629 0.9919 0.1103
vn 0.3536 0.9354 -0.0076
vn 0.1890 0.9692 0.1576
vn -0.6256 0.5224 -0.5795
vn -0.7547 -0.4858 -0.4408
vn -0.0628 0.9593 0.2752
vn -0.3232 -0.9463 -0.0080
vn -0.0236 0.9832 0.1809
vn -0.3612 -0.9269 0.1019
vn 0.0238 0.9986 -0.0472
vn 0.0236 0.9997 -0.0000
vn -0.1893 0.9619 -0.1971
vn -0.3920 -0.8934 0.2195
vn -0.0552 -0.9871 -0.1500
vn -0.0078 -0.9985 -0.0550
vn -0.0663 -0.6750 -0.7348
vn -0.2518 -0.9204 -0.2990
vn -0.1264 -0.9479 -0.2923
vn -0.7723 -0.3025 -0.5586
vn -0.0947 -0.9788 -0.1816
vn -0.1025 -0.9622 -0.2524
vn 0.1965 -0.9734 -0.1177
vn 0.2284 -0.9620 -0.1498
vn 0.4264 -0.8845 -0.1895
vn -0.0628 -0.9977 -0.0236
vn -0.2045 -0.9674 -0.1494
vn -0.5488 -0.0153 -0.8358
vn -0.8411 -0.0610 -0.5374
vn -0.4110 -0.0712 -0.9089
vn 0.1413 0.1805 -0.9734
vn 0.7735 -0.1721 -0.6100
vn -0.2203 0.7316 -0.6451
vn 0.6134 -0.0307 -0.7892
vn 0.6960 0.3242 -0.6406
vn 0.1418 0.8273 -0.5436
vn -0.0079 0.9955 -0.0948
vn 0.3547 0.9066 -0.2286
vn 0.9696 0.1339 -0.2050
vn 0.6360 0.7614 -0.1257
vn 0.2906 0.9273 0.2358
vn 0.7167 0.6222 0.3150
vn 0.9608 0.0777 0.2661
vn 0.7144 -0.0392 0.6987
vn 0.2470 0.3610 0.8992
vn 0.3604 0.4935 0.7916
vn 0.1287 -0.1524 0.9799
vn 0.8259 0.3428 0.4476
vn -0.1648 0.2666 0.9496
vn 0.8837 0.4656 -0.0472
vn -0.0864 0.8556 0.5104
vn -0.0315 0.9286 0.3698
vn 0.8229 0.5382 -0.1820
vn -0.0706 0.9967 -0.0393
vn 0.6864 0.4733 -0.5522
vn -0.4640 0.8339 -0.2989
vn -0.1951 0.7472 0.6353
vn 0.6916 0.7169 0.0882
vn -0.0631 0.6138 0.7869
vn 0.0664 0.7596 0.6470
vn -0.0596 0.7769 0.6268
vn -0.7797 0.3736 0.5025
vn -0.3550 0.5992 0.7176
vn -0.4134 0.4119 0.8121
vn -0.3018 0.2868 0.9092
vn -0.3955 0.4667 0.7911
vn -0.7128 0.1646 0.6818
vn -0.6410 0.4015 0.6541
vn -0.6284 0.6362 0.4477
vn 0.0945 0.7713 0.6294
vn -0.4315 0.6904 0.5806
vn 0.0079 0.0394 0.9992
vn 0.1210 0.1828 0.9757
vn 0.0313 0.5508 0.8341
vn -0.2910 0.7710 0.5664
vn 0.5217 0.8008 -0.2941
vn 0.1574 0.7794 0.6064
vn -0.0157 0.4876 0.8729
vn -0.3240 0.7501 0.5765
vn -0.3313 0.5521 0.7651
vn 0.2675 0.4957 0.8263
vn -0.0946 0.3941 0.9142
vn -0.2200 0.1807 0.9586
vn -0.5671 0.4569 0.6853
vn -0.5651 0.2982 0.7692
vn -0.3928 0.7700 0.5028
vn -0.4420 0.7975 0.4107
vn -0.7731 0.5916 0.2288
vn -0.5210 0.1578 0.8388
vn -0.9535 0.2521 0.1654
vn -0.5789 -0.1994 -0.7906
vn -0.5137 0.7962 0.3197
vn -0.3380 0.6898 0.6403
vn -0.7206 0.5346 0.4415
vn -0.6599 0.7464 0.0864
vn -0.7241 0.6452 0.2439
vn -0.7381 0.4476 0.5048
vn -0.8605 0.4892 -0.1421
vn -0.7398 0.6138 -0.2756
vn -0.9001 0.3159 -0.3001
vn -0.7044 0.6477 0.2902
vn -0.6305 0.5123 -0.5831
vn -0.4921 0.8690 -0.0518
vn -0.5435 0.7955 -0.2678
vn -0.6474 0.4895 -0.5842
vn -0.7868 0.5101 -0.3476
vn -0.5188 0.5426 -0.6606
vn -0.2828 0.8169 -0.5027
vn -0.7078 0.6506 -0.2752
vn -0.5961 0.6668 -0.4473
vn -0.6371 0.4562 -0.6213
vn -0.5277 0.2757 -0.8034
vn -0.4350 0.8305 -0.3480
vn -0.2443 0.8592 -0.4495
vn -0.0392 0.3766 -0.9255
vn -0.2989 0.0708 -0.9517
vn 0.0868 0.8190 -0.5672
vn 0.0394 0.2994 -0.9533
vn 0.0235 -0.3862 -0.9221
vn -0.2052 0.1405 -0.9686
vn 0.4405 0.0473 -0.8965
vn -0.1502 0.7666 -0.6243
vn -0.0449 0.9130 -0.4055
vn 0.0550 0.8235 -0.5647
vn 0.1891 0.6067 -0.7721
vn 0.4251 0.5825 -0.6928
vn 0.0866 0.8191 -0.5671
vn -0.1483 0.8372 -0.5264
vn 0.4257 0.7171 -0.5518
vn 0.7485 0.4568 -0.4806
vn 0.3201 0.5539 -0.7686
vn 0.6362 0.2906 -0.7147
vn 0.3555 0.3237 -0.8768
vn 0.6954 0.6245 -0.3556
vn 0.8404 0.3376 -0.4240
vn 0.1972 0.5921 -0.7814
vn 0.9315 0.3630 -0.0237
vn 0.5054 0.7105 -0.4896
vn 0.5659 0.7622 -0.3143
vn 0.8495 0.4719 0.2360
vn -0.0392 0.3927 -0.9188
vn 0.1022 0.7706 -0.6291
vn 0.2981 0.7454 -0.5963
vn -0.1731 0.6925 -0.7003
vn -0.4646 0.6378 -0.6143
vn -0.7330 0.1182 -0.6699
vn -0.2918 0.7575 -0.5840
vn -0.8508 0.4018 -0.3388
vn 0.3609 0.8632 -0.3531
vn -0.6777 0.6935 -0.2444
vn -0.8985 0.4097 0.1577
vn -0.6468 0.7493 -0.1421
vn -0.7555 0.6296 0.1810
vn -0.9048 0.1967 0.3776
vn -0.7667 0.1104 0.6324
vn -0.6956 0.5532 0.4583
vn -0.3615 0.8177 0.4480
vn -0.7063 0.5729 0.4159
vn -0.5121 0.5279 0.6776
vn -0.3395 0.6076 0.7180
vn 0.0157 0.4566 0.8895
vn 0.0628 0.4400 0.8958
vn 0.3066 0.6450 0.7000
vn 0.3555 0.1422 0.9238
vn 0.6308 0.7017 0.3311
vn 0.7334 0.4179 0.5362
vn 0.6387 0.5440 0.5442
vn 0.6026 0.5947 0.5322
vn 0.8573 0.4248 0.2909
vn 0.9480 0.2762 0.1581
vn 0.9895 -0.0314 0.1414
vn 0.8431 0.5279 0.1024
vn -0.0948 0.9952 0.0238
vn 0.7491 0.6623 -0.0155
vn -0.7167 0.6930 0.0786
vn -0.5486 0.6505 -0.5252
vn 0.8573 0.4247 -0.2910
vn 0.9540 0.1790 -0.2404
vn 0.9094 0.2821 -0.3056
vn 0.7523 0.4591 -0.4725
vn 0.8504 0.2506 -0.4626
vn 0.8805 0.4717 -0.0473
vn 0.1576 0.9458 -0.2838
vn -0.0076 0.7342 -0.6789
vn -0.5766 0.8059 -0.1343
vn -0.2981 0.6750 -0.6749
vn -0.1650 0.6527 -0.7394
vn 0.3719 0.4073 -0.8341
vn 0.1963 0.4323 -0.8801
vn 0.0342 0.4412 -0.8968
vn 0.2675 0.4245 -0.8650
vn -0.4026 0.8295 -0.3870
vn 0.7955 0.2916 -0.5311
vn 0.0472 0.5505 -0.8335
vn 0.4562 0.6133 -0.6447
vn 0.6781 0.4022 -0.6151
vn 0.7927 0.3217 -0.5178
vn 0.6731 0.5040 -0.5412
vn 0.8053 0.5840 -0.1025
vn 0.9794 0.1934 0.0574
vn 0.7246 0.6855 -0.0708
vn -0.2211 0.7428 0.6320
vn 0.7555 0.6296 0.1811
vn 0.8646 0.4717 0.1728
vn 0.0629 0.6138 0.7870
vn 0.9124 0.4090 0.0157
vn 0.9155 0.3945 -0.0788
vn 0.7137 0.4392 -0.5457
vn 0.4958 0.4800 0.7237
vn 0.9120 0.3590 -0.1986
vn 0.7653 0.1893 0.6152
vn 0.5423 0.5659 0.6210
vn 0.6548 0.1814 0.7337
vn 0.9554 0.2746 0.1090
vn 0.2921 0.5926 0.7507
vn 0.3066 0.3616 0.8805
vn -0.0864 0.6682 0.7389
vn -0.9275 0.1913 0.3212
vn -0.7919 0.0275 0.6101
vn -0.8815 0.1887 0.4329
vn -0.8366 0.1105 0.5366
vn 0.7692 -0.2815 0.5736
vn 0.3364 -0.7725 0.5386
vn 0.2125 -0.8420 0.4958
vn 0.1567 -0.8463 0.5092
vn 0.2679 -0.7485 0.6066
vn 0.1807 -0.6915 0.6994
vn 0.3323 -0.6092 0.7200
vn -0.5580 -0.0866 0.8253
vn -0.8507 0.2599 0.4569
vn -0.7059 0.4473 0.5492
vn -0.8639 0.2592 0.4319
vn 0.2041 -0.3142 0.9271
vn -0.7569 0.2602 0.5995
vn -0.8543 0.2898 0.4315
vn -0.8669 0.2837 0.4098
vn -0.8592 0.2838 0.4256
vn -0.8581 0.2992 0.4173
vn -0.8650 0.2909 0.4089
vn -0.8507 0.2600 0.4569
vn -0.8592 0.2838 0.4257
vn -0.8668 0.2600 0.4255
vn -0.8389 0.3215 0.4391
vn -0.8563 0.2828 0.4321
vn -0.8403 0.3377 0.4240
vn -0.4966 0.4650 0.7329
vn 0.8328 0.4712 -0.2906
vn -0.8348 0.3072 0.4568
vn -0.8656 0.2518 0.4328
vn -0.8688 0.2525 0.4259
vn -0.8464 0.2900 0.4466
vn -0.8218 0.3161 0.4741
vn -0.8349 0.3070 0.4568
vn -0.8880 0.2514 0.3850
vn -0.8262 0.3304 0.4563
vn -0.8418 0.3226 0.4327
vn -0.8388 0.3165 0.4431
vn -0.3546 -0.5908 -0.7247
vn -0.1967 0.9433 -0.2673
vn -0.0475 -0.5209 -0.8523
vn -0.8744 0.2600 0.4096
vn -0.8553 0.2746 0.4394
vn -0.8679 0.2682 0.4182
vn -0.8866 0.1177 -0.4472
vn -0.8733 0.2518 -0.4170
vn -0.4251 -0.3858 -0.8188
vn -0.3070 -0.2047 -0.9294
vn -0.2529 -0.4977 -0.8297
vn -0.1814 -0.6548 -0.7337
vn -0.1339 -0.7715 -0.6220
vn 0.8520 0.2681 -0.4497
vn -0.4560 -0.6052 -0.6525
vn 0.8887 0.3932 -0.2359
vn -0.8104 0.2203 -0.5429
vn -0.9267 0.0158 -0.3754
vn -0.5525 -0.5205 -0.6510
vn -0.3324 -0.3436 -0.8783
vn 0.9129 0.3148 -0.2597
vn 0.8825 0.4019 -0.2442
vn 0.8698 0.4153 -0.2664
vn 0.8709 0.3845 -0.3060
vn 0.8800 0.3693 -0.2986
vn 0.8632 0.3610 -0.3531
vn 0.8611 0.3555 -0.3634
vn 0.8680 0.3551 -0.3472
vn 0.8573 0.4012 -0.3225
vn 0.7312 0.6133 -0.2987
vn -0.8083 0.4319 0.4002
vn 0.6936 0.6857 -0.2207
vn -0.8343 0.3859 0.3936
vn 0.8542 0.4350 -0.2847
vn 0.0077 0.8085 -0.5885
vn -0.2918 0.1816 -0.9391
vn 0.7963 0.4652 -0.3866
vn 0.7718 0.4253 -0.4727
vn 0.8668 0.4255 -0.2600
vn 0.8483 0.4477 -0.2828
vn 0.8609 0.4502 -0.2370
vn 0.8686 0.4264 -0.2526
vn 0.6110 -0.5064 0.6085
vn 0.3222 -0.7149 0.6206
vn 0.7942 -0.6072 -0.0249
vn 0.9820 0.0156 -0.1885
vn 0.7179 0.6933 -0.0636
vn 0.4561 -0.4717 0.7547
vn 0.9496 0.2137 -0.2294
vn 0.9070 0.2602 -0.3312
vn 0.9384 0.2838 -0.1970
vn 0.3936 -0.4330 0.8109
vn 0.5422 -0.1963 0.8170
vn 0.3468 -0.1182 0.9305
vn 0.4810 0.0553 0.8750
vn -0.0864 0.2985 0.9505
vn 0.9217 0.3781 0.0868
vn 0.8851 0.3556 -0.3003
vn 0.8656 0.3541 -0.3541
vn 0.8770 0.3397 -0.3397
vn 0.8610 0.3476 -0.3713
vn 0.8835 0.3312 -0.3314
vn 0.8916 0.4499 0.0510
vn -0.6460 0.1306 0.7521
vn -0.4341 -0.1056 0.8946
vn -0.8864 -0.2039 0.4156
vn -0.7247 0.3545 0.5908
vn -0.9752 0.0235 -0.2201
vn -0.8057 0.5923 -0.0000
vn -0.8740 -0.1655 -0.4568
vn -0.4419 0.8366 0.3238
vn -0.6764 0.6370 -0.3697
vn -0.3068 0.9518 -0.0000
vn -0.2318 0.2484 -0.9405
vn -0.4969 0.1656 -0.8519
vn -0.6369 0.3690 -0.6769
vn -0.0632 -0.0711 -0.9955
vn -0.5285 0.3820 -0.7581
vn -0.1413 0.6514 -0.7455
vn -0.2833 0.9114 -0.2986
vn 0.0868 0.9148 -0.3944
vn 0.4025 0.1184 -0.9077
vn 0.9840 0.1645 -0.0684
vn 0.5273 0.6533 -0.5433
vn 0.8515 0.3546 -0.3863
vn 0.7564 -0.3388 -0.5595
vn 0.9440 -0.0003 0.3298
vn 0.9321 -0.3553 0.0710
vn 0.0779 -0.3676 -0.9267
vn -0.3756 -0.6842 -0.6251
vn 0.7775 -0.4713 0.4164
vn 0.3608 -0.2902 0.8863
vn 0.6641 -0.3195 0.6760
vn 0.6770 -0.1899 0.7110
vn -0.0000 -0.2758 0.9612
vn 0.2283 0.6139 0.7556
vn -0.3386 0.4489 0.8269
vn -0.5375 -0.0949 0.8379
vn -0.0473 0.9851 0.1655
vn -0.3765 0.8628 0.3373
vn 0.3679 -0.1980 -0.9086
vn 0.4740 0.0166 -0.8803
vn 0.8906 -0.1971 -0.4099
vn 0.9119 -0.3302 0.2437
vn 0.7078 0.1415 -0.6921
vn 0.9360 0.3067 -0.1730
vn 0.8892 0.2046 0.4092
vn 0.5679 0.8046 0.1735
vn 0.6131 0.5345 -0.5817
vn 0.5576 0.8166 -0.1492
vn 0.3468 0.4414 -0.8276
vn 0.2432 0.2809 -0.9284
vn 0.2435 0.8723 -0.4241
vn 0.0865 0.9861 -0.1420
vn -0.1648 0.8709 -0.4629
vn -0.0079 0.1026 -0.9947
vn 0.3978 0.0972 -0.9123
vn -0.1264 0.5682 -0.8131
vn -0.3371 0.2637 -0.9038
vn -0.5120 0.5751 -0.6380
vn -0.8720 0.4469 -0.2000
vn -0.7708 0.3461 -0.5349
vn -0.9761 0.1496 -0.1574
vn -0.9666 -0.1380 0.2158
vn -0.6699 0.7011 -0.2443
vn -0.9504 -0.0549 0.3063
vn -0.4596 -0.4862 0.7432
vn -0.7570 0.6150 0.2208
vn -0.6614 0.2676 0.7007
vn -0.3137 0.9412 -0.1254
vn -0.3144 0.8568 0.4088
vn -0.1264 0.6397 0.7582
vn -0.1416 0.9838 -0.1102
vn -0.1577 0.9384 0.3075
vn -0.0948 0.9940 -0.0552
vn 0.1965 0.9590 0.2044
vn 0.3471 0.6864 0.6390
vn -0.1118 -0.3632 0.9250
vn -0.5362 -0.4179 0.7334
vn -0.3229 0.0473 0.9452
vn -0.1336 -0.3694 0.9196
vn 0.1265 0.1503 0.9805
vn 0.2212 -0.4266 0.8770
vn 0.7306 -0.2472 0.6364
vn 0.4480 -0.2279 0.8645
vn 0.5918 0.3156 0.7417
vn 0.7148 -0.2906 0.6361
vn 0.8393 -0.3844 0.3844
vn 0.5615 0.2337 0.7938
vn 0.8031 -0.4854 0.3456
vn -0.4889 -0.8516 0.1892
vn 0.5126 0.8515 0.1104
vn -0.5114 0.0550 0.8576
vn 0.4876 0.8730 -0.0079
vn 0.4626 0.8860 -0.0313
vn 0.3706 -0.9222 -0.1104
vn -0.4243 -0.9039 0.0550
vn 0.7874 0.6140 -0.0551
vn 0.4156 0.9095 -0.0078
vn 0.3700 0.9289 -0.0158
vn 0.7375 0.6746 -0.0313
vn 0.6900 0.7211 -0.0627
vn 0.2667 -0.9566 -0.1176
vn -0.0629 -0.9928 0.1024
vn -0.3396 -0.9398 0.0394
vn -0.4109 -0.9089 0.0711
vn 0.5567 -0.7854 0.2707
vn 0.8889 0.4382 0.1334
vn 0.5976 0.8018 -0.0000
vn 0.2875 0.9407 0.1801
vn -0.6184 -0.4734 -0.6273
vn -0.5191 -0.8495 0.0944
vn -0.4630 0.4744 0.7487
vn -0.6711 -0.1371 -0.7285
vn 0.3159 0.9476 0.0473
vn -0.5445 -0.8206 0.1736
vn 0.4244 0.9038 -0.0550
vn -0.7343 -0.3711 0.5684
vn 0.2830 0.9591 -0.0000
vn -0.4332 -0.8901 0.1418
vn -0.4643 -0.8814 0.0866
vn -0.8738 -0.2361 0.4251
vn -0.5829 -0.8111 0.0473
vn -0.7268 0.6791 0.1027
vn -0.6539 -0.7565 0.0078
vn -0.4561 -0.8887 0.0472
vn -0.4250 -0.9051 0.0157
vn 0.2754 0.9602 -0.0473
vn -0.5197 -0.8507 -0.0786
vn 0.2843 0.9481 -0.1422
vn 0.3853 0.9201 -0.0708
vn 0.3389 0.9382 -0.0710
vn 0.3391 0.9386 -0.0631
vn 0.2293 0.9728 0.0316
vn 0.3621 0.9288 -0.0787
vn 0.3696 0.9280 -0.0472
vn 0.3863 0.9222 -0.0157
vn 0.4406 0.8968 -0.0392
vn 0.4810 0.8755 -0.0473
vn 0.3631 0.9316 -0.0158
vn -0.0552 0.7805 -0.6228
vn -0.0078 0.9980 0.0629
vn -0.4883 -0.8583 -0.1576
vn -0.4480 -0.8882 0.1023
vn 0.5251 0.8467 -0.0862
vn 0.5419 0.8404 -0.0078
vn 0.3862 0.9173 0.0973
vn 0.5001 0.8612 -0.0902
vn -0.5135 0.0764 -0.8547
vn 0.7072 -0.1805 -0.6836
vn -0.1809 -0.9206 0.3461
vn -0.1731 0.3129 0.9339
vn -0.2279 0.6216 0.7494
vn -0.2052 -0.1262 0.9706
vn 0.1810 0.0393 0.9827
vn -0.1340 0.5203 0.8434
vn -0.5052 0.1342 0.8525
vn -0.5589 0.5903 0.5824
vn -0.2359 0.8887 0.3932
vn 0.0970 -0.2330 0.9676
vn 0.3375 0.4552 0.8240
vn 0.1179 0.8651 0.4876
vn 0.0628 0.9659 0.2513
vn -0.1019 0.9887 0.1099
vn 0.0867 0.9931 0.0788
vn -0.2522 0.9299 -0.2679
vn 0.0945 0.9842 -0.1496
vn 0.1022 0.7151 -0.6915
vn 0.5438 0.8118 -0.2128
vn 0.2918 0.9226 0.2523
vn 0.4869 0.7304 0.4791
vn 0.8077 0.5724 0.1411
vn 0.5986 0.4017 -0.6931
vn 0.2446 0.1183 -0.9624
vn 0.8581 0.2991 -0.4173
vn 0.5457 -0.2768 -0.7909
vn 0.0553 -0.4903 -0.8698
vn -0.0438 -0.4698 -0.8817
vn 0.7536 -0.4239 -0.5024
vn 0.9873 -0.0158 -0.1580
vn 0.9788 0.0552 0.1973
vn 0.9563 0.2194 0.1934
vn 0.7330 0.4651 0.4964
vn 0.9824 -0.1464 -0.1161
vn 0.7629 -0.0473 0.6448
vn 0.3373 -0.0157 0.9413
vn 0.4194 0.8979 0.1335
vn -0.4651 0.8011 -0.3768
vn -0.8488 0.5188 0.1022
vn -0.8561 0.5036 0.1159
vn -0.5960 0.7062 0.3822
vn -0.9699 0.1027 0.2208
vn -0.9388 0.3234 0.1183
vn -0.2839 0.7726 0.5678
vn -0.0646 0.8540 0.5163
vn -0.6843 0.6999 0.2045
vn -0.4427 0.7509 0.4901
vn -0.4102 0.5916 0.6941
vn -0.9513 0.2908 -0.1022
vn -0.2906 0.3378 0.8952
vn -0.8638 0.4597 0.2061
vn -0.5669 0.0867 0.8192
vn -0.3169 -0.0518 0.9470
vn 0.0315 0.6867 0.7263
vn -0.1097 0.7311 0.6734
vn -0.3474 0.6551 0.6710
vn 0.2441 0.8424 0.4804
vn 0.1683 0.8810 0.4421
vn 0.0157 0.8975 0.4408
vn 0.1968 0.7088 0.6774
vn -0.0000 0.8084 0.5886
vn -0.1108 0.5693 0.8146
vn -0.2369 0.4502 0.8609
vn -0.7636 0.4486 0.4645
vn 0.1032 0.2870 0.9524
vn -0.1660 -0.1106 0.9799
vn 0.1498 0.0867 0.9849
vn -0.2781 0.2008 0.9393
vn 0.7587 0.4387 0.4816
vn 0.6934 0.5437 0.4728
vn 0.7592 0.5545 0.3407
vn 0.4711 0.7303 0.4947
vn 0.7744 0.2766 0.5690
vn 0.7782 0.4328 0.4551
vn 0.8052 0.5288 0.2684
vn 0.5335 0.6433 0.5492
vn 0.6205 0.3849 0.6833
vn 0.5191 0.8258 0.2203
vn 0.7013 0.6540 0.2837
vn 0.2982 0.8553 0.4237
vn 0.2430 0.9095 0.3372
vn -0.4253 0.4725 0.7719
vn 0.2674 0.7158 0.6451
vn -0.6853 -0.0709 0.7248
vn 0.2283 0.3150 0.9212
vn 0.5646 0.6429 0.5176
vn 0.4002 0.3845 0.8319
vn 0.5647 0.0549 0.8235
vn 0.7179 0.2130 0.6627
vn 0.8379 0.4505 0.3083
vn 0.7970 0.5050 0.3314
vn -0.0078 0.1961 0.9806
vn 0.0943 0.6921 0.7157
vn 0.5508 0.3383 0.7630
vn 0.1495 0.5664 0.8105
vn -0.3470 0.2919 0.8913
vn -0.1099 0.6989 0.7067
vn -0.5524 0.6312 0.5445
vn -0.3780 0.7321 0.5667
vn 0.2044 0.6682 0.7154
vn -0.0790 0.7899 0.6081
vn -0.5968 0.7539 0.2747
vn -0.4802 0.5276 0.7007
vn -0.3843 0.2588 0.8862
vn 0.1184 0.4186 0.9004
vn -0.6915 0.5028 0.5187
vn -0.4031 0.4744 0.7826
vn -0.7670 0.6405 0.0395
vn -0.6778 0.6935 0.2443
vn -0.6305 0.6778 -0.3783
vn -0.7010 0.3623 0.6143
vn -0.6141 0.6140 0.4958
vn -0.9809 0.1413 0.1335
vn -0.7878 0.5751 -0.2205
vn -0.5905 0.8032 -0.0788
vn -0.9569 0.1424 -0.2530
vn -0.6706 0.6233 -0.4023
vn -0.4018 0.7249 -0.5595
vn -0.9425 0.2906 -0.1649
vn -0.9151 0.2051 -0.3471
vn -0.5751 0.6381 -0.5120
vn -0.8948 0.0786 -0.4395
vn -0.8372 0.5449 -0.0475
vn -0.9857 0.1656 -0.0315
vn -0.9824 0.1730 -0.0707
vn -0.6984 0.7141 0.0471
vn -0.6952 0.7030 0.1500
vn 0.0425 0.6462 0.7620
vn -0.7702 0.2436 -0.5894
vn -0.7107 0.6948 -0.1106
vn -0.5274 0.6533 -0.5431
vn -0.5992 0.3705 -0.7097
vn -0.0237 0.7186 -0.6950
vn -0.0785 0.9024 0.4237
vn -0.0473 0.4811 -0.8754
vn -0.3462 0.2753 -0.8968
vn 0.0235 0.0629 -0.9977
vn 0.1180 0.5270 -0.8416
vn 0.0393 0.3064 -0.9511
vn 0.3455 0.6752 -0.6517
vn 0.3386 0.6693 -0.6614
vn 0.0473 0.9307 -0.3627
vn 0.7462 0.6284 -0.2199
vn 0.7026 0.7105 -0.0394
vn 0.6271 0.5018 -0.5958
vn 0.6530 0.3069 -0.6924
vn 0.4742 0.1818 -0.8614
vn 0.6931 0.5512 -0.4646
vn 0.7479 0.6141 -0.2519
vn 0.7099 0.1893 -0.6784
vn 0.8525 0.1342 -0.5052
vn 0.8106 0.5035 -0.2990
vn 0.7144 0.5103 0.4788
vn 0.4474 0.6043 -0.6593
vn 0.7487 0.5832 -0.3152
vn 0.5114 0.6846 0.5194
vn 0.9061 0.3703 0.2048
vn 0.5837 0.6863 0.4339
vn 0.7310 0.2830 0.6209
vn 0.8976 0.4409 -0.0000
vn 0.6445 0.7466 -0.1650
vn 0.6297 0.4957 -0.5981
vn 0.3530 0.7687 -0.5334
vn 0.2757 0.8187 -0.5038
vn 0.4578 0.7261 -0.5130
vn 0.4804 0.3859 -0.7876
vn 0.6469 0.4810 -0.5917
vn -0.0078 0.7952 -0.6063
vn 0.3937 0.3857 -0.8344
vn 0.4267 0.4440 -0.7879
vn 0.8759 0.1183 -0.4677
vn 0.2128 0.2028 0.9558
vn 0.5458 0.3518 0.7605
vn -0.3836 0.9207 -0.0713
vn -0.1811 0.5198 -0.8349
vn 0.2838 0.4257 -0.8592
vn 0.2918 0.4024 -0.8677
vn 0.0707 0.6048 -0.7933
vn -0.3066 0.4874 -0.8176
vn -0.1881 0.7214 -0.6665
vn 0.2990 0.2204 -0.9284
vn -0.1961 0.5331 -0.8230
vn 0.2591 0.9186 -0.2984
vn -0.3005 0.2610 -0.9174
vn -0.3227 0.8109 -0.4882
vn -0.4728 0.7170 -0.5122
vn 0.0471 0.8176 -0.5739
vn -0.3465 0.8747 -0.3388
vn 0.7328 0.6619 0.1577
vn 0.5751 0.7644 0.2915
vn 0.5601 0.6627 0.4971
vn 0.5443 0.7180 0.4338
vn 0.3634 0.5925 0.7189
vn 0.2206 0.6857 0.6936
vn 0.0470 0.6192 0.7838
vn -0.1572 0.5185 0.8405
vn 0.2204 0.4330 0.8740
vn -0.6212 0.7394 0.2596
vn -0.4475 0.4555 0.7696
vn -0.5031 0.4481 0.7390
vn -0.1338 0.4959 0.8580
vn 0.0631 0.1972 0.9783
vn -0.4476 0.6123 0.6517
vn -0.3465 0.3780 0.8585
vn -0.3114 0.4833 0.8182
vn -0.5830 0.0974 0.8066
vn -0.8077 0.4471 0.3843
vn -0.6552 0.4263 0.6237
vn -0.8185 0.5587 0.1337
vn -0.7089 0.2835 0.6458
vn -0.6588 0.1949 0.7266
vn -0.6526 0.6921 0.3085
vn -0.7565 0.6384 -0.1420
vn 0.2119 0.7617 -0.6123
vn -0.9568 0.2056 0.2056
vn -0.9600 0.1978 0.1984
vn -0.8372 0.5212 0.1658
vn -0.8730 0.4876 -0.0078
vn -0.7706 0.4954 0.4009
vn -0.3134 0.5797 -0.7521
vn -0.0236 0.6705 -0.7415
vn -0.6141 0.4961 -0.6139
vn -0.7857 -0.0863 -0.6126
vn -0.7526 0.4075 -0.5173
vn -0.8822 -0.1514 -0.4459
vn -0.8501 0.2755 -0.4488
vn -0.8547 0.4528 -0.2538
vn -0.5507 0.5980 -0.5823
vn -0.5826 0.2991 -0.7557
vn -0.7968 0.2455 -0.5522
vn -0.3233 0.3784 -0.8673
vn -0.3157 0.6550 -0.6865
vn -0.0709 0.7248 -0.6853
vn 0.2361 0.8886 0.3932
vn 0.2130 0.8605 0.4628
vn 0.4561 0.7392 0.4955
vn 0.4514 0.6530 0.6081
vn 0.2467 0.5397 0.8049
vn 0.4655 0.7575 0.4577
vn 0.5288 0.7340 0.4262
vn 0.4710 0.7459 0.4710
vn 0.4251 0.7242 0.5429
vn 0.3541 0.9049 0.2361
vn 0.4187 0.8138 0.4030
vn 0.2588 0.9567 0.1333
vn 0.2990 0.9285 0.2203
vn 0.2746 0.8944 0.3530
vn 0.2917 0.8358 0.4652
vn 0.3389 0.8746 0.3467
vn 0.3147 0.7946 0.5192
vn 0.4547 0.7918 0.4077
vn 0.6243 0.7034 0.3398
vn 0.3143 0.8328 0.4557
vn 0.4484 0.8102 0.3776
vn 0.4017 0.8191 0.4096
vn 0.4004 0.8637 0.3062
vn 0.5196 0.8188 0.2440
vn 0.4561 0.8887 0.0471
vn -0.5432 -0.0835 -0.8354
vn -0.5074 -0.8607 0.0421
vn -0.4179 -0.9068 0.0552
vn -0.5182 -0.6047 0.6048
vn -0.6530 0.4672 0.5961
vn 0.4508 0.6157 -0.6463
vn 0.6588 0.7055 -0.2613
vn 0.8776 -0.1106 -0.4665
vn 0.7556 0.5351 -0.3778
vn 0.9320 0.3555 -0.0711
vn 0.6004 0.5924 -0.5372
vn 0.5631 0.7697 -0.3008
vn 0.8497 0.5270 0.0158
vn 0.8791 -0.2638 0.3970
vn 0.6241 0.2826 0.7285
vn 0.8730 0.0079 0.4876
vn 0.9046 0.4175 0.0858
vn 0.7603 0.6427 -0.0941
vn 0.7637 0.6284 -0.1479
vn 0.8979 0.4376 0.0479
vn -0.2097 0.9553 0.2083
vn -0.5825 -0.2992 0.7557
vn -0.6627 0.1499 0.7337
vn -0.8638 -0.4941 -0.0988
vn -0.8290 -0.3711 0.4184
vn -0.9253 0.3293 0.1882
vn -0.6405 0.7670 0.0395
vn -0.9767 -0.1734 -0.1261
vn -0.7710 -0.2753 -0.5743
vn -0.8582 0.0406 -0.5117
vn -0.8818 0.2598 -0.3936
vn -0.6667 0.4863 -0.5647
vn -0.2751 0.4795 -0.8333
vn -0.6482 0.0632 -0.7589
vn -0.2210 -0.0947 -0.9707
vn -0.4738 -0.4343 -0.7661
vn 0.3693 -0.1540 -0.9164
vn 0.0316 -0.7743 -0.6320
vn 0.6249 -0.2975 0.7218
vn 0.9960 -0.0887 0.0042
vn 0.9867 0.0395 0.1579
vn 0.8078 -0.0392 -0.5882
vn 0.0845 -0.0487 -0.9952
vn 0.2279 -0.4478 -0.8646
vn -0.1656 -0.0314 -0.9857
vn 0.3996 0.0431 -0.9157
vn 0.3771 0.2042 -0.9034
vn 0.8277 0.5518 -0.1025
vn 0.5357 0.8034 0.2599
vn 0.5573 0.7141 -0.4237
vn 0.2768 0.7909 -0.5457
vn 0.2276 0.9732 -0.0314
vn 0.0554 0.9098 0.4114
vn 0.1654 0.9847 0.0551
vn 0.0079 0.9920 -0.1260
vn -0.4572 0.6780 -0.5755
vn -0.4813 0.8757 -0.0394
vn -0.8659 0.4565 -0.2047
vn -0.8562 -0.0786 -0.5106
vn -0.5883 -0.2510 -0.7687
vn -0.8097 -0.4955 -0.3145
vn -0.3078 -0.9080 0.2842
vn 0.3463 0.9365 -0.0552
vn -0.5036 -0.8264 0.2518
vn 0.1730 0.9747 -0.1416
vn -0.5612 -0.7829 0.2687
vn 0.3931 0.9119 -0.1179
vn 0.3466 0.9136 -0.2126
vn 0.4412 0.8906 -0.1104
vn 0.0710 0.9691 -0.2364
vn -0.5423 -0.8254 0.1572
vn 0.1820 0.9255 -0.3322
vn -0.5744 -0.8184 0.0159
vn 0.1894 0.9154 -0.3551
vn -0.4012 -0.9049 0.1417
vn -0.6835 -0.4085 0.6049
vn 0.1500 0.9876 -0.0474
vn 0.3071 0.8894 -0.3385
vn 0.3142 0.9110 -0.2670
vn 0.3138 0.9337 -0.1726
vn 0.2590 0.9260 -0.2747
vn -0.0393 0.9584 -0.2828
vn 0.3389 0.9145 -0.2208
vn 0.3614 0.9115 -0.1964
vn 0.5585 0.8258 -0.0785
vn -0.0941 -0.9421 0.3220
vn 0.8671 0.4966 -0.0394
vn 0.3476 -0.9166 0.1974
vn 0.6690 -0.7399 0.0708
vn 0.2293 -0.8456 0.4821
vn 0.8185 -0.4329 -0.3778
vn -0.2214 -0.9647 0.1423
vn -0.0785 -0.9648 0.2510
vn 0.1183 -0.9466 0.2998
vn -0.2845 -0.9247 0.2529
vn -0.1960 -0.9263 0.3218
vn 0.1101 -0.9674 0.2281
vn -0.2041 -0.9419 0.2669
vn -0.3302 -0.9198 0.2122
vn -0.3609 -0.9100 0.2040
vn -0.4743 0.7827 -0.4031
vn 0.4900 -0.6243 0.6084
vn -0.3066 -0.9279 0.2123
vn -0.3697 -0.9046 0.2124
vn -0.3387 -0.9217 0.1891
vn -0.2050 -0.6389 0.7415
vn -0.2746 0.2589 0.9261
vn -0.4799 0.6765 0.5586
vn -0.7262 0.0316 0.6867
vn -0.3063 -0.0550 0.9503
vn -0.1196 0.9920 0.0402
vn 0.0237 -0.0868 0.9959
vn 0.4173 0.4052 0.8134
vn 0.5595 -0.0473 0.8275
vn 0.2650 0.0294 0.9638
vn -0.1086 0.9937 -0.0273
vn -0.7217 0.5579 0.4097
vn 0.1260 0.9840 -0.1260
vn -0.6534 0.7427 -0.1465
vn -0.0157 -0.8677 0.4969
vn 0.9494 0.2898 0.1211
vn 0.0932 0.9766 0.1936
vn 0.2530 -0.9487 0.1896
vn 0.6116 0.7780 0.1438
vn 0.8989 -0.0630 -0.4337
vn 0.0528 0.9903 -0.1284
vn -0.0473 -0.4181 0.9072
vn 0.3067 -0.1730 0.9359
vn 0.1101 0.3934 0.9127
vn 0.6126 0.3691 0.6990
vn -0.1364 0.9890 0.0579
vn -0.2921 -0.0473 0.9552
vn -0.8097 -0.4796 0.3381
vn -0.2569 0.9664 -0.0024
vn -0.6222 -0.3152 0.7166
vn -0.4500 0.6394 0.6235
vn -0.7928 0.5023 0.3453
vn -0.9400 -0.3396 0.0316
vn -0.8799 -0.2671 0.3931
vn -0.1500 0.9470 0.2842
vn -0.5309 0.4771 -0.7004
vn 0.0969 0.9400 0.3272
vn -0.7496 0.2038 0.6297
vn 0.5430 0.6634 -0.5149
vn 0.7159 0.3855 -0.5821
vn 0.4866 0.2668 -0.8319
vn -0.1540 0.4055 -0.9010
vn 0.7091 0.6697 -0.2206
vn 0.5904 0.5668 -0.5747
vn 0.6867 0.6787 -0.2604
vn 0.3842 0.7054 -0.5956
vn 0.4024 0.7417 -0.5366
vn 0.0237 0.6236 -0.7814
vn 0.2517 0.4170 -0.8733
vn -0.2762 0.3157 -0.9078
vn -0.0000 0.9939 0.1106
vn 0.1499 -0.9795 0.1342
vn 0.0944 0.9842 0.1496
vn 0.0157 0.9998 0.0157
vn 0.3696 0.9276 -0.0550
vn 0.3939 -0.8903 -0.2285
vn 0.2200 0.9586 -0.1807
vn 0.4812 -0.8675 -0.1262
vn -0.0000 0.9930 -0.1182
vn -0.1179 0.9905 0.0707
vn -0.4096 -0.7327 0.5434
vn -0.2196 0.9724 -0.0784
vn -0.0865 0.9597 -0.2674
vn -0.2516 -0.9205 0.2990
vn -0.1102 0.9287 -0.3541
vn -0.1813 0.9694 -0.1655
vn 0.3698 0.8653 -0.3383
vn 0.1025 0.4258 0.8990
vn 0.6566 0.6564 -0.3716
vn -0.6789 -0.4342 0.5920
vn -0.1105 -0.9786 0.1736
vn 0.0237 -0.9952 0.0948
vn -0.1345 -0.9806 0.1423
vn -0.0236 -0.9997 -0.0078
vn 0.0394 -0.9779 0.2051
vn -0.0549 -0.9577 0.2826
vn -0.0315 -0.9400 0.3397
vn 0.1577 -0.9773 0.1418
vn 0.9455 -0.1732 -0.2758
vn 0.2131 0.9394 -0.2684
vn 0.2201 -0.9663 0.1335
vn 0.9434 -0.2673 -0.1965
vn 0.0156 0.9979 0.0628
vn 0.2754 -0.9441 0.1810
vn -0.0943 0.9744 -0.2043
vn -0.7099 0.6784 0.1893
vn 0.0158 0.9861 -0.1656
vn 0.0237 0.9538 -0.2995
vn -0.2523 0.9383 -0.2365
vn -0.2207 0.9612 -0.1654
vn -0.4330 0.7949 0.4251
vn -0.5130 -0.1025 0.8523
vn 0.3710 0.4342 0.8209
vn 0.0942 0.9338 -0.3453
vn 0.5349 0.5269 0.6605
vn 0.0948 -0.7423 0.6633
vn 0.0866 0.7162 -0.6925
vn 0.4815 -0.5447 0.6867
vn 0.4019 -0.5595 0.7248
vn 0.2352 0.8075 -0.5410
vn 0.2359 0.8814 -0.4092
vn 0.0868 0.8926 -0.4424
vn -0.0237 0.8054 -0.5922
vn -0.1259 0.7397 -0.6610
vn -0.2049 0.7487 -0.6305
vn -0.8367 -0.5289 -0.1421
vn 0.9758 -0.0260 0.2171
vn 0.3842 0.9013 0.2001
vn 0.8526 0.5051 -0.1341
vn 0.9762 -0.0477 0.2116
vn 0.3849 0.8036 -0.4540
vn 0.5522 0.7809 -0.2918
vn 0.8120 0.5597 -0.1655
vn -0.5288 -0.1157 0.8408
vn -0.4334 -0.8351 -0.3387
vn -0.3610 -0.9261 0.1099
vn -0.2761 -0.8993 0.3392
vn -0.2744 -0.9487 -0.1568
vn -0.7489 0.0314 0.6620
vn -0.3386 -0.8973 -0.2832
vn -0.3164 -0.8622 -0.3955
vn -0.3768 -0.7929 -0.4789
vn -0.3769 -0.8714 -0.3141
vn -0.2846 -0.8933 -0.3478
vn -0.3062 -0.7773 -0.5496
vn -0.3233 -0.8673 -0.3785
vn -0.3526 -0.8306 -0.4310
vn -0.4496 -0.7809 -0.4336
vn -0.4279 -0.5715 -0.7002
vn -0.4023 0.5375 -0.7411
vn -0.1261 0.6226 0.7723
vn 0.1964 0.9114 0.3615
vn 0.2047 0.9604 0.1889
vn 0.3381 0.8098 0.4796
vn 0.0792 0.8932 0.4427
vn -0.6905 -0.5492 -0.4707
vn -0.7412 -0.1496 -0.6544
vn 0.1885 0.8965 0.4009
vn 0.3077 0.7574 0.5759
vn -0.4178 -0.6463 -0.6385
vn 0.1335 0.8718 -0.4714
vn -0.3223 0.8019 -0.5031
vn 0.1024 0.9927 -0.0630
vn 0.2283 0.9212 0.3150
vn 0.2751 0.8334 0.4794
vn 0.2995 0.7488 0.5912
vn 0.3154 0.8832 0.3470
vn -0.2394 0.8726 0.4258
vn 0.1010 0.8639 0.4934
vn -0.0632 0.8205 0.5681
vn 0.1336 0.7389 0.6605
vn -0.7141 0.0471 0.6984
vn -0.5646 0.6701 0.4819
vn -0.6073 -0.0946 0.7888
vn -0.8612 0.1335 0.4904
vn 0.4760 0.7766 0.4127
vn 0.6112 0.7708 -0.1798
vn 0.5486 0.2042 -0.8108
vn 0.7882 0.5989 -0.1419
vn 0.6534 0.7242 0.2204
vn 0.6366 0.7702 -0.0394
vn -0.4635 -0.7071 -0.5341
vn 0.2599 0.5356 -0.8035
vn -0.5447 -0.7737 -0.3237
vn -0.9586 -0.2342 -0.1619
vn 0.4016 0.6931 0.5986
vn 0.3559 0.6802 0.6408
vn 0.2348 0.6797 0.6949
vn 0.0189 0.4977 0.8672
vn -0.4486 0.2991 0.8422
vn -0.3450 -0.1568 0.9254
vn -0.5406 0.2428 0.8055
vn -0.2829 -0.0235 0.9589
vn 0.0078 0.7777 0.6286
vn -0.1677 -0.0152 0.9857
vn 0.5019 0.6746 0.5413
vn 0.2368 0.9607 0.1446
vn 0.3152 0.7487 0.5832
vn 0.6615 0.6890 0.2963
vn 0.5036 0.5744 0.6453
vn 0.7696 0.4554 0.4476
vn 0.3414 0.3753 0.8618
vn 0.4181 -0.0473 0.9072
vn 0.5075 -0.0000 0.8617
vn 0.4722 -0.1179 0.8736
vn 0.2364 0.3073 0.9218
vn 0.7529 0.6351 0.1726
vn 0.7255 0.6839 -0.0770
vn 0.5960 0.7999 0.0707
vn 0.5502 0.6210 0.5582
vn -0.0706 0.0316 0.9970
vn 0.1107 0.2055 0.9724
vn 0.4328 0.5037 0.7476
vn 0.7021 0.7021 -0.1183
vn 0.6710 0.6709 0.3157
vn 0.8349 -0.0866 0.5435
vn 0.7097 0.7016 0.0631
vn 0.8128 0.5760 0.0869
vn 0.9856 0.1499 0.0788
vn 0.6384 0.1419 0.7565
vn 0.7103 0.3551 0.6077
vn 0.2837 0.6701 0.6859
vn 0.6682 0.5817 0.4638
vn 0.9495 0.1883 0.2511
vn 0.8279 0.4968 0.2602
vn 0.9760 0.1653 -0.1417
vn 0.2364 0.8353 0.4964
vn -0.7934 0.2044 0.5734
vn 0.2430 0.8155 0.5253
vn -0.0630 0.8268 0.5590
vn -0.3870 0.8370 0.3869
vn -0.5455 0.3874 0.7432
vn -0.6208 0.5737 0.5344
vn -0.0080 0.6012 0.7991
vn -0.7329 -0.1182 0.6700
vn -0.7327 0.2364 0.6382
vn -0.4486 0.5744 0.6847
vn -0.1964 0.1650 0.9665
vn 0.0156 0.5654 0.8247
vn -0.7011 0.5042 0.5042
vn -0.6224 0.6853 0.3781
vn -0.2834 0.5589 0.7793
vn -0.3706 0.7412 0.5598
vn -0.5902 0.2834 0.7558
vn -0.0081 0.7885 0.6150
vn -0.5979 0.7707 0.2202
vn -0.5461 0.7756 0.3165
vn -0.0551 0.7766 0.6276
vn -0.6453 0.7633 -0.0315
vn -0.5041 0.8350 -0.2205
vn 0.4495 0.7809 0.4337
vn 0.7414 0.5836 0.3312
vn 0.8294 0.4660 -0.3080
vn 0.9050 0.3306 -0.2676
vn 0.8311 0.2038 -0.5174
vn 0.6789 0.6629 -0.3157
vn 0.7949 0.3384 -0.5037
vn 0.8045 0.1735 -0.5680
vn 0.4731 0.6150 -0.6308
vn 0.4476 0.6362 -0.6284
vn 0.3404 0.6648 -0.6649
vn -0.0000 0.6585 -0.7526
vn 0.4797 0.2202 -0.8493
vn 0.6118 0.4000 -0.6824
vn 0.3792 0.5924 -0.7108
vn 0.5987 0.2127 -0.7722
vn 0.2517 0.0236 -0.9675
vn -0.4968 0.3786 -0.7809
vn -0.2366 0.6547 -0.7179
vn -0.4405 0.1259 -0.8889
vn -0.0710 0.6393 -0.7656
vn -0.1891 0.6621 -0.7252
vn -0.4024 0.0316 -0.9149
vn -0.1338 0.7007 -0.7008
vn -0.4716 0.7074 -0.5266
vn -0.7471 0.5976 -0.2910
vn -0.4711 0.7303 -0.4947
vn -0.5935 0.4036 -0.6963
vn -0.5199 0.7168 -0.4647
vn -0.7190 0.4503 -0.5294
vn -0.7022 0.6943 -0.1578
vn -0.5757 0.8122 -0.0947
vn -0.7660 0.6397 0.0632
vn -0.9672 0.2438 0.0708
vn -0.9795 -0.1816 0.0869
vn 0.2609 -0.4349 0.8619
vn 0.2515 0.9039 0.3459
vn -0.2683 -0.8052 0.5288
vn -0.0473 -0.8275 0.5595
vn 0.0157 -0.2685 0.9632
vn -0.6994 0.5971 0.3929
vn -0.5978 0.7940 0.1105
vn -0.3457 0.8329 0.4322
vn -0.6368 0.5975 0.4874
vn -0.5050 0.7970 0.3314
vn -0.4420 0.8366 0.3236
vn -0.7306 0.6284 0.2671
vn -0.8951 0.4004 -0.1963
vn -0.8172 0.5186 -0.2515
vn -0.9832 0.1810 -0.0236
vn -0.9520 -0.1336 -0.2753
vn -0.9280 -0.3695 -0.0471
vn -0.9626 -0.2657 0.0527
vn -0.9626 -0.0932 -0.2543
vn -0.7657 0.6236 -0.1579
vn -0.7450 0.6351 0.2039
vn -0.7532 0.5982 0.2734
vn -0.6669 0.6977 0.2618
vn -0.1107 -0.2734 0.9555
vn 0.0658 0.1337 0.9888
vn 0.3776 -0.2596 0.8888
vn -0.8697 0.4031 -0.2847
vn -0.6744 0.2286 -0.7021
vn 0.5980 -0.5508 0.5822
vn 0.4343 0.0316 0.9002
vn -0.5517 0.1660 -0.8173
vn -0.7556 0.0473 -0.6533
vn -0.8060 0.5477 -0.2247
vn -0.6975 0.0707 -0.7131
vn 0.9733 0.1121 -0.2004
vn -0.6483 0.7431 -0.1661
vn -0.5106 0.2907 -0.8092
vn -0.5807 0.6749 -0.4552
vn -0.6658 0.3369 -0.6657
vn -0.8311 0.4233 -0.3607
vn -0.8668 -0.0473 -0.4964
vn -0.9581 0.2825 -0.0472
vn -0.6127 0.4792 -0.6284
vn -0.2838 0.8909 -0.3546
vn -0.6295 0.7712 0.0945
vn -0.1500 0.7030 0.6952
vn -0.9847 -0.1733 0.0157
vn -0.8094 0.3164 -0.4947
vn -0.6885 0.6668 0.2851
vn 0.4257 -0.5882 -0.6876
vn -0.3742 0.4211 -0.8262
vn 0.6607 -0.4641 -0.5899
vn 0.5445 -0.2841 -0.7892
vn 0.8910 0.1577 -0.4258
vn 0.9088 -0.3793 -0.1738
vn 0.9310 0.3629 0.0394
vn 0.9313 -0.3157 0.1815
vn 0.9111 0.2670 0.3141
vn 0.5263 0.6678 0.5264
vn 0.7645 -0.1342 0.6305
vn 0.5037 0.4329 0.7476
vn 0.4642 0.8654 0.1888
vn 0.9439 0.2595 -0.2044
vn 0.8887 0.3932 0.2360
vn 0.9704 0.0474 -0.2367
vn 0.7083 0.6060 -0.3620
vn 0.4713 0.8797 0.0629
vn -0.0236 0.9989 0.0393
vn -0.2049 0.9696 0.1340
vn -0.0552 0.9859 -0.1577
vn -0.2684 0.7341 -0.6237
vn -0.2673 0.9434 -0.1965
vn -0.3777 0.9048 -0.1967
vn -0.6381 0.7483 0.1812
vn -0.5684 0.6236 -0.5367
vn -0.8808 0.4010 -0.2517
vn -0.7704 -0.0315 -0.6368
vn -0.9826 -0.1493 0.1101
vn -0.7045 0.0881 -0.7042
vn -0.8827 0.4159 0.2186
vn -0.9829 -0.0629 0.1730
vn -0.8498 -0.2903 0.4400
vn -0.4072 0.6338 0.6576
vn -0.2438 0.3067 0.9201
vn -0.1555 0.1050 0.9822
vn -0.4494 0.2443 0.8593
vn -0.8380 0.2044 0.5060
vn -0.5652 0.4631 0.6827
vn -0.0474 0.5209 0.8523
vn -0.5142 0.4272 0.7437
vn 0.7226 0.5577 0.4085
vn 0.2993 0.2994 0.9060
vn 0.3851 0.5423 0.7467
vn -0.0396 0.8617 0.5059
vn -0.0394 0.6365 0.7702
vn 0.3294 0.4472 0.8316
vn 0.2212 0.4582 0.8609
vn 0.5974 0.6367 0.4876
vn 0.7719 0.4726 0.4253
vn 0.1735 0.2444 0.9540
vn -0.1182 0.3864 0.9147
vn 0.1420 0.4895 0.8604
vn 0.7861 0.6131 0.0787
vn 0.3785 0.3628 -0.8515
vn 0.5205 0.7574 0.3944
vn -0.6237 0.5528 0.5527
vn 0.4628 0.7139 -0.5255
vn -0.5191 0.7630 -0.3853
vn -0.7551 0.5663 0.3303
vn 0.0160 0.7265 -0.6870
vn 0.0316 0.5453 -0.8377
vn -0.7023 0.5760 0.4183
vn -0.7389 0.6682 -0.0865
vn -0.4322 0.5498 0.7148
vn -0.4640 0.7000 -0.5428
vn 0.0533 0.7931 0.6068
vn -0.7112 0.6954 0.1027
vn -0.7285 0.6345 -0.2585
vn -0.4794 0.6837 -0.5501
vn -0.9519 0.0211 0.3056
vn -0.9861 0.1500 -0.0709
vn -0.9369 0.3386 -0.0866
vn -0.9993 0.0361 0.0117
vn -0.8176 0.3302 -0.4717
vn -0.8683 0.4074 0.2830
vn -0.8635 0.2433 -0.4417
vn -0.6001 0.5290 -0.6001
vn -0.3917 0.7207 -0.5720
vn -0.0059 0.9070 -0.4211
vn -0.3024 0.6945 -0.6529
vn 0.4300 0.4019 -0.8084
vn 0.6293 -0.6997 -0.3383
vn -0.2199 0.3061 0.9262
vn 0.7331 -0.4809 -0.4809
vn 0.6222 -0.2757 -0.7327
vn 0.6242 -0.3239 -0.7110
vn 0.6058 -0.1180 -0.7868
vn 0.5956 0.3371 -0.7291
vn 0.7737 -0.0473 -0.6318
vn 0.8004 -0.1491 -0.5806
vn 0.3208 0.6151 -0.7202
vn 0.3708 0.1026 -0.9230
vn -0.3467 0.0236 0.9377
vn -0.6139 0.2755 0.7397
vn 0.5846 0.0948 -0.8058
vn -0.7476 0.0629 0.6611
vn 0.5027 0.0236 -0.8641
vn 0.2050 -0.0394 -0.9780
vn 0.4487 -0.2204 -0.8661
vn 0.6855 0.1259 -0.7171
vn 0.6627 0.2131 -0.7179
vn -0.3223 0.5270 0.7864
vn -0.4731 0.6307 0.6151
vn -0.4713 0.4163 0.7776
vn -0.1415 0.8176 0.5581
vn -0.3075 0.1577 0.9384
vn -0.5219 0.2531 0.8146
vn -0.5583 0.2123 0.8020
vn -0.5905 -0.0787 0.8032
vn -0.4085 -0.0550 0.9111
vn 0.4802 0.7522 0.4512
vn 0.5968 0.7962 0.0998
vn 0.6784 0.7336 -0.0394
vn 0.8595 0.4021 0.3154
vn 0.3670 0.6937 0.6198
vn 0.9204 -0.1021 0.3775
vn 0.6395 0.3637 0.6773
vn 0.5742 0.7713 -0.2747
vn 0.7155 0.6604 0.2281
vn 0.5993 0.6625 0.4494
vn 0.4558 0.7781 0.4323
vn 0.7392 0.4561 0.4954
vn 0.5186 0.7854 -0.3378
vn 0.8036 0.5928 0.0540
vn 0.6515 0.5885 -0.4787
vn 0.6785 0.5629 -0.4720
vn 0.9847 -0.0157 -0.1734
vn 0.6848 0.7163 -0.1338
vn 0.6212 0.5502 -0.5581
vn 0.6008 0.7984 -0.0395
vn 0.1820 0.7592 -0.6249
vn 0.6570 0.7518 0.0554
vn 0.7226 0.6911 -0.0157
vn 0.8793 0.4710 -0.0706
vn 0.3787 0.8045 -0.4575
vn 0.5332 0.7134 -0.4547
vn -0.0948 0.6900 -0.7176
vn 0.9890 0.1256 0.0785
vn 0.8919 0.3237 0.3157
vn 0.9349 0.3221 -0.1492
vn 0.7244 0.6692 0.1655
vn -0.0473 0.6863 -0.7258
vn 0.6034 0.0603 -0.7952
vn 0.4423 0.6871 -0.5765
vn 0.7494 0.6153 -0.2445
vn 0.6313 0.7576 0.1659
vn 0.8182 0.1651 -0.5507
vn 0.3536 0.5422 -0.7622
vn 0.5937 0.5065 -0.6253
vn 0.5577 0.7226 -0.4083
vn 0.2835 0.3150 -0.9057
vn 0.3223 0.5817 -0.7468
vn 0.0316 0.6621 -0.7488
vn -0.0788 0.5197 -0.8507
vn -0.2441 0.3463 -0.9058
vn -0.3778 0.3070 -0.8735
vn -0.2281 0.5741 -0.7864
vn -0.4731 0.6229 -0.6231
vn -0.3609 0.7298 -0.5806
vn -0.3929 0.7309 -0.5581
vn -0.2680 0.7725 -0.5756
vn -0.3822 0.8230 -0.4201
vn -0.1418 0.8113 -0.5671
vn -0.3377 0.5419 -0.7696
vn -0.4772 0.6552 -0.5857
vn 0.4351 0.6327 -0.6406
vn 0.6781 -0.0473 -0.7335
vn 0.4172 0.2205 -0.8817
vn 0.8370 0.1271 -0.5322
vn -0.1653 0.6141 -0.7717
vn -0.3214 0.6392 -0.6987
vn -0.4106 0.7649 -0.4963
vn 0.9206 0.1675 -0.3528
vn 0.3764 0.7684 -0.5175
vn 0.4188 0.4030 -0.8138
vn 0.0038 0.7647 -0.6444
vn 0.8431 0.3073 -0.4412
vn 0.9405 -0.2659 0.2118
vn 0.8294 0.3860 0.4038
vn 0.3529 0.3809 0.8546
vn 0.1486 0.8256 0.5443
vn 0.0866 0.6385 0.7647
vn -0.5880 -0.2273 0.7763
vn -0.2689 0.4744 0.8382
vn -0.4777 0.7567 0.4463
vn 0.0563 0.8084 0.5859
vn -0.6866 0.3868 0.6156
vn 0.3389 0.8039 0.4887
vn -0.2372 0.5533 0.7985
vn -0.7263 0.6266 0.2826
vn 0.3937 0.6300 0.6694
vn 0.4510 0.1865 0.8728
vn 0.0944 0.8888 0.4484
vn 0.1415 0.7000 0.7000
vn 0.1027 0.2133 0.9716
vn 0.3468 -0.0000 0.9379
vn 0.2419 0.4853 0.8402
vn 0.5908 0.7168 0.3703
vn 0.0549 0.6981 0.7139
vn 0.7741 0.5530 0.3081
vn 0.5654 0.8245 0.0236
vn 0.4077 0.8546 0.3216
vn 0.5118 0.7636 0.3937
vn 0.6990 0.5576 0.4477
vn 0.1261 0.3232 0.9379
vn 0.6920 0.3538 0.6292
vn 0.6746 0.1882 0.7138
vn 0.6309 0.3312 0.7016
vn 0.3852 0.6446 0.6604
vn 0.6697 0.7013 0.2443
vn 0.3468 0.7014 0.6227
vn 0.2202 0.8259 0.5190
vn 0.0790 0.4107 0.9083
vn -0.0080 0.7302 0.6832
vn -0.0863 0.7538 -0.6515
vn -0.3385 0.6693 0.6614
vn -0.3155 0.2523 0.9148
vn -0.5641 0.7916 0.2350
vn -0.4716 0.7073 0.5266
vn 0.0785 0.3690 0.9261
vn -0.2044 0.4873 0.8490
vn -0.5503 0.5109 0.6604
vn -0.5767 0.1342 0.8058
vn -0.5808 0.5181 0.6279
vn -0.6379 0.2125 0.7402
vn -0.2906 0.7540 0.5891
vn -0.4647 0.6142 0.6378
vn -0.1335 0.8246 0.5497
vn -0.5981 0.7634 0.2440
vn -0.8748 -0.1812 0.4493
vn -0.4436 0.2427 0.8627
vn -0.2844 0.7345 0.6161
vn -0.6043 0.7142 0.3532
vn -0.8574 0.4011 0.3225
vn -0.9046 0.3382 0.2596
vn -0.7565 0.6540 -0.0078
vn -0.4955 0.7392 0.4561
vn -0.2876 0.7616 0.5807
vn -0.5227 0.8441 -0.1195
vn -0.7823 0.6004 0.1659
vn -0.9253 0.3764 -0.0470
vn -0.8578 0.4720 0.2036
vn -0.6145 0.7487 0.2486
vn -0.7310 0.5738 -0.3694
vn -0.8618 0.4900 -0.1314
vn -0.6759 0.7309 -0.0943
vn -0.4011 0.6682 -0.6266
vn -0.5183 0.8323 -0.1964
vn -0.7294 0.3216 -0.6038
vn -0.0529 0.3784 -0.9241
vn -0.7061 0.2588 -0.6591
vn -0.8731 0.0865 -0.4798
vn -0.5980 0.5508 -0.5822
vn -0.6942 0.3865 -0.6072
vn -0.6679 0.6915 -0.2752
vn -0.9309 0.3548 0.0867
vn -0.6778 0.6935 0.2442
vn -0.7494 0.6390 0.1735
vn 0.0158 -0.1656 0.9861
vn 0.3377 0.4083 0.8481
vn -0.5212 0.7446 0.4170
vn 0.1340 0.8832 0.4495
vn -0.1026 0.5129 0.8523
vn -0.3705 0.1102 0.9223
vn -0.5823 -0.0630 0.8105
vn -0.5346 0.6054 0.5896
vn -0.5232 -0.2421 0.8171
vn -0.8488 0.0471 0.5266
vn -0.2857 0.9477 -0.1423
vn -0.7514 0.4034 0.5222
vn -0.8790 0.4474 0.1648
vn -0.9977 -0.0628 -0.0236
vn -0.9706 -0.2355 -0.0503
vn -0.9802 -0.0949 -0.1739
vn -0.8675 -0.2129 -0.4495
vn -0.9834 -0.0475 -0.1749
vn -0.8808 0.2753 -0.3852
vn -0.5667 -0.0944 -0.8185
vn -0.1182 -0.4747 -0.8722
vn -0.5826 0.8109 0.0551
vn -0.5448 0.6632 -0.5132
vn -0.2522 0.9063 0.3391
vn -0.2052 0.9787 -0.0079
vn -0.0786 0.9899 0.1178
vn -0.0078 0.9195 -0.3930
vn -0.1729 0.4716 -0.8647
vn 0.2517 0.3225 -0.9125
vn -0.0629 -0.2048 -0.9768
vn 0.2362 -0.5354 -0.8109
vn 0.1176 0.9019 -0.4156
vn 0.5586 0.4798 -0.6766
vn 0.6128 0.7543 -0.2357
vn 0.0788 0.9931 0.0867
vn 0.5209 0.8286 0.2052
vn -0.7730 0.3944 0.4969
vn 0.3222 -0.3065 -0.8957
vn 0.3470 -0.3154 -0.8832
vn 0.5918 0.2525 -0.7655
vn 0.4253 0.1654 -0.8898
vn 0.4590 0.6362 -0.6202
vn 0.9629 0.2605 -0.0710
vn 0.8419 0.3855 -0.3776
vn 0.9667 -0.1159 -0.2282
vn 0.5987 0.2991 -0.7431
vn 0.4906 0.3086 -0.8149
vn 0.1138 0.3294 -0.9373
vn 0.5855 0.6330 -0.5064
vn 0.3611 0.6672 -0.6515
vn 0.3386 0.1890 -0.9218
vn 0.6670 0.3708 0.6463
vn 0.8519 0.3121 0.4205
vn 0.9880 -0.0784 -0.1333
vn 0.9710 0.0315 0.2369
vn 0.9592 -0.2794 -0.0440
vn 0.9123 0.4089 -0.0236
vn 0.7711 0.4878 -0.4092
vn 0.8736 0.1181 0.4721
vn 0.5290 0.8290 -0.1816
vn 0.2283 0.8973 -0.3778
vn 0.5501 0.7938 0.2594
vn 0.1738 0.9794 -0.1027
vn -0.3769 0.8795 -0.2905
vn 0.6298 0.2362 0.7400
vn 0.5994 -0.1692 0.7824
vn 0.0865 0.5902 0.8026
vn 0.2292 -0.0474 0.9722
vn 0.2890 0.0591 0.9555
vn -0.2048 -0.1418 0.9685
vn -0.4258 -0.1575 0.8910
vn -0.2383 -0.4612 0.8547
vn -0.7285 -0.3930 0.5611
vn -0.5983 -0.3070 0.7401
vn -0.8673 -0.3785 0.3232
vn -0.3621 0.5116 0.7792
vn -0.7416 0.0158 0.6706
vn -0.9294 0.3072 0.2048
vn -0.9673 0.1259 -0.2202
vn -0.5818 0.6681 0.4639
vn -0.3794 0.9244 0.0394
vn -0.2041 0.9188 0.3378
vn 0.0552 0.9947 -0.0869
vn 0.2361 0.9364 0.2597
vn -0.9934 0.0353 0.1089
vn -0.2744 0.5811 0.7662
vn -0.8736 0.3778 0.3069
vn -0.6065 0.2205 0.7639
vn -0.4493 0.5911 0.6699
vn -0.6203 0.5888 0.5182
vn -0.4787 0.6514 0.5886
vn 0.0786 0.6849 0.7244
vn -0.7942 0.5976 0.1100
vn 0.2907 0.9273 0.2357
vn 0.1979 0.9101 -0.3641
vn 0.5891 0.7227 0.3615
vn 0.7615 0.1884 -0.6202
vn 0.7707 0.6213 0.1415
vn 0.4263 0.6552 0.6237
vn 0.4700 0.7521 0.4620
vn 0.9783 0.1953 0.0691
vn -0.4944 0.6850 0.5350
vn 0.5680 0.6827 0.4596
vn 0.4219 -0.0498 0.9053
vn 0.8094 0.5736 0.1257
vn 0.8140 0.5507 0.1847
vn 0.7142 0.6671 0.2119
vn 0.6845 0.6924 -0.2282
vn 0.0217 0.8165 -0.5770
vn 0.7103 0.6708 -0.2131
vn 0.5806 0.6904 -0.4315
vn 0.5251 0.6506 -0.5487
vn -0.1236 0.9424 -0.3109
vn 0.3473 0.6471 -0.6787
vn 0.5146 0.7880 -0.3380
vn 0.4953 0.6523 -0.5737
vn 0.5679 0.6311 -0.5284
vn 0.1963 0.5971 -0.7778
vn 0.2120 0.6124 -0.7616
vn -0.1821 0.8214 -0.5404
vn -0.3925 0.7067 -0.5887
vn -0.1726 0.5021 -0.8474
vn -0.5032 0.7080 0.4955
vn -0.6930 0.5985 -0.4018
vn -0.2919 0.5287 -0.7970
vn -0.3307 0.5433 -0.7716
vn -0.4400 0.5107 -0.7386
vn -0.5348 0.5269 -0.6606
vn -0.8742 0.4804 -0.0708
vn -0.4968 0.4101 -0.7648
vn -0.9758 0.1731 0.1337
vn -0.9151 0.3471 -0.2052
vn -0.7710 0.2753 -0.5743
vn -0.8270 0.4609 -0.3219
vn -0.8847 0.4660 0.0087
vn -0.6845 0.2282 -0.6924
vn -0.8284 0.2128 -0.5181
vn -0.5197 0.2440 -0.8188
vn -0.6367 0.6959 -0.3323
vn -0.3618 0.1494 -0.9202
vn -0.8236 0.5168 0.2336
vn -0.0610 0.6053 -0.7937
vn -0.7980 0.3273 -0.5060
vn -0.4268 0.0791 -0.9009
vn -0.8432 0.3710 0.3890
vn -0.4290 -0.4592 0.7779
vn 0.3478 -0.3874 0.8538
vn 0.2510 0.5882 0.7688
vn -0.0867 -0.1496 0.9849
vn -0.3228 0.6692 0.6693
vn -0.1498 0.9539 0.2601
vn -0.8036 -0.0710 0.5909
vn -0.6358 -0.1732 0.7522
vn -0.7659 0.5843 0.2684
vn -0.9345 -0.2670 0.2356
vn 0.1579 -0.0401 0.9866
vn -0.8401 0.4644 -0.2802
vn -0.9858 -0.1104 -0.1262
vn -0.6694 0.7164 -0.1969
vn -0.7763 -0.5571 -0.2949
vn -0.0158 0.9770 -0.2127
vn -0.7710 -0.1967 -0.6057
vn -0.9529 0.2110 -0.2177
vn -0.4581 0.6003 -0.6556
vn -0.3312 -0.1972 -0.9227
vn 0.0708 0.5350 -0.8419
vn 0.0633 -0.4746 -0.8779
vn 0.1734 -0.0242 -0.9846
vn 0.3728 0.3747 -0.8489
vn 0.8145 -0.5140 -0.2689
vn 0.6222 -0.3150 -0.7167
vn 0.5044 0.0866 -0.8591
vn 0.4639 0.7547 -0.4639
vn 0.8941 -0.3639 0.2611
vn 0.8896 0.2677 -0.3700
vn 0.9303 0.3626 0.0551
vn 0.7099 0.7022 -0.0552
vn 0.3950 0.9005 0.1817
vn 0.7893 0.3709 0.4894
vn 0.1103 0.9931 0.0394
vn -0.6286 0.2435 0.7386
vn -0.3364 0.4071 0.8492
vn -0.1057 0.7941 0.5985
vn -0.5048 0.1814 0.8440
vn -0.5534 0.5850 0.5929
vn -0.6380 0.6617 0.3938
vn -0.7526 0.6585 -0.0078
vn -0.8337 0.4955 0.2439
vn -0.2212 0.8156 0.5347
vn -0.7430 0.5783 0.3370
vn -0.5765 0.7502 -0.3239
vn -0.7571 0.6228 -0.1971
vn 0.0395 0.9148 -0.4021
vn -0.2986 0.7626 0.5738
vn 0.6438 0.5967 0.4790
vn 0.6674 0.6752 -0.3140
vn 0.0631 0.6938 -0.7174
vn -0.4406 0.6766 -0.5900
vn -0.1889 0.9680 -0.1652
vn -0.8595 0.4021 -0.3154
vn -0.6311 0.5283 -0.5680
vn -0.4580 0.7426 -0.4887
vn -0.7949 0.4251 -0.4329
vn -0.6666 0.7450 -0.0236
vn -0.2881 0.9425 0.1694
vn -0.6994 0.6915 0.1807
vn -0.6070 0.7881 0.1025
vn -0.7484 0.6616 -0.0473
vn -0.8109 0.5826 -0.0551
vn -0.8338 -0.4641 -0.2988
vn -0.9639 0.1552 0.2164
vn -0.9035 0.3850 0.1885
vn -0.5201 0.5200 0.6776
vn -0.9467 0.1894 0.2605
vn -0.8830 0.4652 -0.0630
vn -0.6921 0.6606 0.2908
vn -0.5581 0.7309 0.3928
vn -0.5755 0.4573 0.6780
vn -0.2905 0.7221 0.6279
vn -0.1498 0.3549 0.9228
vn -0.2752 0.2201 0.9359
vn 0.1186 0.4504 0.8849
vn -0.0865 0.6763 0.7315
vn 0.5909 0.6854 0.4255
vn 0.6108 0.7203 0.3289
vn 0.1813 0.9772 -0.1103
vn -0.9737 -0.1480 0.1733
vn -0.3931 0.9168 0.0702
vn -0.2047 -0.3306 0.9213
vn -0.6043 -0.4474 0.6593
vn -0.4873 0.2357 0.8408
vn -0.9233 0.0631 0.3788
vn -0.9225 -0.1906 -0.3356
vn -0.9590 -0.2673 -0.0942
vn -0.7354 0.5614 -0.3795
vn -0.7870 -0.3067 -0.5352
vn -0.1793 0.0834 -0.9803
vn 0.2673 -0.3538 0.8963
vn 0.0551 0.4715 0.8801
vn 0.7945 0.0433 0.6057
vn 0.6058 0.0393 0.7946
vn 0.8380 -0.4269 0.3399
vn 0.7151 -0.6847 0.1409
vn 0.9749 -0.0143 0.2223
vn 0.9231 -0.3471 -0.1657
vn 0.8575 0.4720 0.2046
vn 0.6592 -0.2354 -0.7142
vn 0.8756 0.3787 -0.2998
vn 0.4095 0.8267 0.3858
vn 0.4640 0.8808 -0.0944
vn 0.4727 0.6539 -0.5908
vn 0.6286 -0.0975 -0.7716
vn 0.0944 0.2359 -0.9672
vn 0.0393 0.8808 -0.4719
vn 0.1413 0.9892 0.0392
vn 0.0628 0.9420 0.3297
vn -0.1490 0.9883 -0.0314
vn -0.4247 0.7628 0.4876
vn -0.4088 0.9118 0.0393
vn -0.3158 0.7979 -0.5135
vn -0.3549 0.1499 -0.9228
vn -0.9862 0.0854 0.1419
vn -0.8947 -0.4238 -0.1412
vn -0.7862 -0.3695 -0.4953
vn -0.6307 0.2759 -0.7253
vn -0.0393 0.5970 -0.8013
vn -0.4402 -0.0551 -0.8962
vn 0.4553 0.5808 -0.6748
vn 0.0079 0.2757 -0.9612
vn -0.2372 0.2264 -0.9447
vn 0.2599 0.5357 -0.8034
vn 0.8742 -0.0709 -0.4804
vn 0.5976 0.1572 -0.7862
vn 0.9742 0.1295 -0.1846
vn 0.0869 -0.1342 -0.9871
vn 0.6231 0.2344 0.7462
vn -0.0811 0.4019 0.9121
vn 0.4972 0.3236 0.8050
vn -0.0552 0.4018 0.9141
vn 0.3062 0.4004 0.8637
vn 0.0562 0.2409 0.9689
vn 0.5006 0.5807 0.6421
vn 0.0079 0.3233 0.9463
vn 0.0315 0.6424 0.7657
vn 0.8356 0.4223 0.3513
vn 0.8247 0.5576 0.0943
vn 0.8680 0.3551 0.3472
vn 0.8522 -0.0775 0.5174
vn 0.6386 0.4178 0.6463
vn 0.4261 0.3630 0.8286
vn 0.5949 0.1510 0.7895
vn 0.0866 0.5526 0.8289
vn 0.2288 0.0789 0.9703
vn -0.3693 0.2712 0.8889
vn -0.0314 0.4407 0.8971
vn -0.4876 0.6054 0.6290
vn 0.0078 0.1490 0.9888
vn -0.7748 0.5108 0.3725
vn -0.6831 0.5793 0.4447
vn -0.3536 0.4950 0.7937
vn 0.2006 0.2371 0.9505
vn 0.2522 -0.1654 0.9534
vn 0.5922 0.7343 0.3317
vn 0.5330 0.7403 0.4097
vn 0.1820 0.5618 0.8070
vn 0.5502 0.7703 0.3223
vn 0.5363 0.8437 0.0237
vn 0.5141 0.8325 -0.2067
vn 0.7337 0.6548 -0.1813
vn 0.9828 -0.0426 0.1798
vn 0.9483 -0.1027 0.3002
vn 0.6621 0.7252 0.1892
vn 0.5271 0.8495 0.0237
vn 0.3791 0.8213 -0.4264
vn 0.6272 0.7289 -0.2744
vn 0.7393 0.4561 0.4954
vn 0.7950 0.6062 -0.0236
vn 0.8510 0.4728 0.2285
vn 0.9519 0.1495 -0.2674
vn 0.7739 0.5132 0.3712
vn 0.6590 0.2118 0.7217
vn 0.4089 0.6213 0.6684
vn 0.6710 0.7102 0.2131
vn 0.5884 0.8080 -0.0314
vn 0.3318 0.8061 0.4900
vn -0.0708 0.9517 -0.2987
vn 0.3791 0.7109 0.5924
vn -0.1416 0.7155 0.6841
vn 0.1178 0.1493 0.9817
vn -0.9313 0.1815 -0.3157
vn -0.6699 0.5911 -0.4492
vn -0.8290 0.2842 -0.4816
vn -0.5817 0.3222 -0.7469
vn -0.7489 0.5597 -0.3548
vn -0.1649 0.5968 -0.7853
vn 0.2677 0.7083 -0.6532
vn -0.2518 0.5743 -0.7790
vn -0.5368 0.5683 -0.6236
vn -0.4870 0.6911 -0.5341
vn -0.6607 0.6134 -0.4326
vn -0.8826 0.4570 -0.1104
vn -0.6569 0.7381 -0.1539
vn -0.6062 0.7951 0.0157
vn -0.4817 0.7975 -0.3633
vn -0.5264 0.2358 -0.8169
vn -0.6045 0.3392 -0.7208
vn -0.2962 0.5137 -0.8052
vn -0.0746 0.8310 -0.5512
vn -0.4896 0.5052 -0.7107
vn -0.6327 0.7394 -0.2301
vn -0.4499 0.6235 -0.6394
vn -0.1100 0.4319 -0.8952
vn -0.4941 0.1960 -0.8470
vn -0.5106 0.2906 -0.8092
vn -0.1816 0.5526 -0.8134
vn -0.3470 0.6940 -0.6309
vn -0.3858 0.8188 -0.4252
vn -0.0155 0.5028 -0.8643
vn 0.1417 0.6920 -0.7078
vn 0.3700 -0.3149 -0.8740
vn 0.4709 0.1806 -0.8635
vn 0.4260 0.6705 -0.6074
vn 0.1896 -0.0632 -0.9798
vn 0.4011 0.1885 -0.8964
vn 0.6135 0.6607 -0.4326
vn 0.0473 0.6532 -0.7557
vn 0.8924 0.0316 -0.4502
vn 0.8989 0.2208 -0.3785
vn 0.4477 0.6204 -0.6440
vn 0.5354 0.1732 -0.8267
vn 0.5265 0.2830 -0.8017
vn -0.1729 0.7706 -0.6134
vn 0.2442 0.6697 -0.7013
vn 0.4471 0.0001 -0.8945
vn 0.4565 -0.2046 -0.8659
vn 0.3066 -0.1729 -0.9360
vn -0.5119 0.7324 -0.4490
vn 0.3056 0.0862 -0.9482
vn -0.1421 0.8604 -0.4894
vn 0.0706 0.7370 -0.6722
vn -0.6790 0.7055 -0.2032
vn -0.2577 0.8136 -0.5212
vn 0.2282 0.6924 -0.6845
vn 0.0169 0.5001 -0.8658
vn 0.6292 0.6920 -0.3539
vn 0.5511 0.7085 -0.4408
vn 0.6052 0.5264 -0.5972
vn 0.4969 0.1960 -0.8454
vn 0.2730 0.7754 -0.5695
vn 0.7852 0.6168 0.0551
vn 0.7938 0.3638 0.4874
vn 0.4849 0.4545 0.7472
vn 0.6994 0.1807 0.6915
vn 0.4959 0.5982 0.6294
vn 0.4638 0.3557 0.8114
vn 0.3699 0.4249 0.8262
vn 0.0393 0.4719 0.8808
vn -0.2033 0.4115 0.8885
vn 0.4408 0.5511 0.7085
vn -0.3382 0.5507 0.7631
vn 0.6749 0.4002 0.6199
vn 0.2128 0.5438 0.8118
vn -0.1966 0.6445 0.7389
vn 0.0187 0.6879 0.7256
vn -0.4558 0.6600 0.5972
vn -0.6314 0.6629 0.4024
vn -0.4327 0.7632 0.4799
vn -0.6530 0.6609 0.3698
vn -0.1252 0.9374 0.3250
vn -0.7171 0.6855 -0.1261
vn -0.7810 0.6232 -0.0395
vn -0.4799 0.7632 -0.4328
vn 0.0784 0.8704 -0.4860
vn -0.7619 0.6284 -0.1569
vn -0.3858 0.8582 0.3386
vn -0.4863 0.6667 -0.5648
vn 0.6539 0.6145 0.4414
vn 0.7712 0.6295 -0.0943
vn 0.9078 0.4104 0.0867
vn 0.6127 0.6284 0.4792
vn 0.9000 0.3710 -0.2289
vn 0.7790 0.2519 0.5742
vn 0.9492 0.0944 -0.3003
vn 0.4876 0.7946 -0.3618
vn 0.9873 0.1580 0.0159
vn 0.9394 0.0147 0.3425
vn 0.9569 -0.1608 -0.2418
vn 0.0722 -0.4414 -0.8944
vn 0.2607 -0.0553 -0.9638
vn 0.7849 -0.2356 -0.5730
vn 0.9772 -0.1103 -0.1813
vn 0.1726 0.9846 -0.0279
vn 0.6921 0.3540 -0.6290
vn 0.3295 0.8552 -0.4001
vn 0.7778 0.5970 -0.1964
vn 0.8121 0.5835 -0.0000
vn 0.9653 -0.1726 0.1962
vn 0.2515 0.9508 0.1808
vn -0.0315 0.9766 -0.2126
vn 0.7706 0.4010 0.4954
vn -0.0236 0.9977 -0.0628
vn -0.3792 0.9089 -0.1738
vn -0.0866 0.9451 0.3150
vn 0.3613 0.4635 0.8091
vn 0.6355 -0.3295 0.6983
vn 0.7768 -0.5514 0.3042
vn 0.2446 -0.5287 0.8128
vn -0.2277 0.6440 0.7304
vn 0.9180 0.3085 0.2492
vn 0.3025 0.2619 0.9164
vn -0.0628 0.0391 0.9973
vn -0.3456 -0.4475 0.8248
vn -0.5373 0.4660 0.7030
vn -0.7804 -0.4178 0.4651
vn -0.8235 -0.5316 0.1981
vn -0.7234 -0.4923 -0.4841
vn -0.9586 -0.2200 -0.1807
vn -0.8691 0.3080 0.3871
vn -0.8862 0.4627 -0.0235
vn -0.6674 0.5496 -0.5025
vn -0.5563 0.7993 0.2272
vn 0.4414 0.8424 -0.3091
vn 0.2613 0.8485 0.4603
vn 0.3069 0.9444 -0.1181
vn -0.6156 0.4499 0.6470
vn 0.1217 0.8594 0.4966
vn -0.2901 0.7840 0.5488
vn -0.4799 0.5585 0.6766
vn -0.0000 0.6789 0.7342
vn -0.6934 0.3626 0.6226
vn -0.3228 0.9370 0.1338
vn -0.2527 0.0869 0.9636
vn -0.0235 0.6454 -0.7635
vn 0.1569 0.9416 0.2980
vn 0.4807 0.6619 -0.5752
vn 0.1739 0.7347 -0.6557
vn 0.6942 0.7177 -0.0552
vn 0.6632 0.5132 -0.5448
vn 0.7548 0.6369 -0.1572
vn 0.7218 0.5806 -0.3767
vn 0.1971 0.8629 0.4654
vn 0.5851 0.7036 0.4033
vn 0.8660 0.4172 0.2756
vn 0.8993 0.3990 0.1792
vn 0.5817 0.7468 0.3223
vn 0.8669 0.4098 0.2837
vn 0.9064 0.3510 0.2349
vn 0.6623 0.5677 0.4889
vn 0.5180 0.0079 0.8554
vn 0.7400 0.3622 0.5668
vn 0.5585 0.7707 0.3068
vn 0.6305 0.6777 0.3783
vn 0.9520 0.1337 0.2754
vn 0.2562 0.4577 0.8514
vn 0.8397 0.3296 0.4316
vn 0.9280 -0.2594 0.2673
vn 0.7514 -0.1196 0.6489
vn 0.8526 -0.0394 0.5210
vn 0.7591 0.4191 0.4981
vn 0.7006 0.7083 -0.0865
vn 0.9621 0.2725 0.0122
vn 0.4350 0.8305 -0.3480
vn 0.3389 0.8095 -0.4794
vn 0.4784 0.8391 -0.2588
vn -0.0298 0.8809 -0.4724
vn 0.2518 0.8656 -0.4328
vn 0.6456 0.7399 -0.1889
vn 0.4116 0.7236 -0.5541
vn 0.6849 -0.1337 0.7163
vn 0.7864 0.2281 0.5741
vn 0.8601 0.0710 0.5052
vn 0.8815 0.4721 -0.0000
vn 0.7076 0.6366 -0.3066
vn 0.9927 0.1182 -0.0236
vn 0.9735 0.1962 -0.1177
vn 0.5728 -0.0784 0.8159
vn 0.7964 0.5599 0.2286
vn 0.6635 0.7346 0.1423
vn 0.3311 0.4808 0.8119
vn 0.5598 0.2996 0.7726
vn 0.3783 0.7251 0.5755
vn 0.3539 0.6921 0.6291
vn 0.6611 0.7240 0.1969
vn 0.7463 0.1335 0.6521
vn 0.2211 0.4582 0.8609
vn 0.0237 0.7186 0.6950
vn -0.0633 0.6567 0.7515
vn 0.0792 0.6724 0.7359
vn -0.3469 0.7014 0.6226
vn 0.3950 0.4265 0.8137
vn -0.4098 0.5832 0.7014
vn -0.3923 -0.0471 0.9186
vn -0.5454 0.2292 0.8063
vn -0.7821 0.4819 0.3950
vn -0.7169 0.3701 0.5908
vn -0.9160 0.2369 0.3238
vn -0.8415 0.5192 -0.1494
vn -0.9293 0.3625 -0.0708
vn -0.6619 0.4806 0.5752
vn -0.7531 0.6511 -0.0942
vn -0.9223 0.2443 0.2995
vn -0.5040 0.8186 0.2755
vn -0.5283 0.7883 0.3152
vn -0.8901 0.1419 -0.4331
vn -0.9322 -0.1549 -0.3271
vn -0.5032 0.8571 0.1101
vn -0.6220 0.6769 0.3935
vn -0.9526 0.2992 -0.0551
vn -0.7219 0.6904 -0.0471
vn -0.4241 0.8874 0.1806
vn -0.4083 0.8165 0.4082
vn -0.9805 0.0157 -0.1960
vn -0.8861 0.4625 0.0313
vn -0.7711 0.4879 -0.4092
vn -0.7047 0.4776 -0.5247
vn -0.2978 0.6347 -0.7131
vn -0.4322 0.5972 -0.6757
vn -0.4578 0.2526 -0.8524
vn -0.3067 0.6449 -0.7000
vn -0.4410 0.1653 -0.8822
vn -0.7224 -0.0236 -0.6911
vn 0.2118 0.7291 -0.6508
vn -0.6744 0.6822 -0.2824
vn -0.5492 0.4708 -0.6905
vn 0.0706 0.2989 -0.9517
vn -0.0001 -0.4025 -0.9154
vn -0.0079 -0.1490 -0.9888
vn -0.2277 0.7694 -0.5968
vn -0.3540 0.6845 -0.6373
vn -0.1333 0.2274 -0.9646
vn -0.1106 0.6323 -0.7668
vn -0.2200 0.8406 -0.4950
vn 0.0946 0.2839 -0.9542
vn -0.0313 0.3927 -0.9191
vn 0.2511 0.4946 -0.8321
vn 0.1817 0.6793 -0.7110
vn 0.4084 0.7226 -0.5577
vn 0.0944 0.7156 -0.6921
vn 0.7792 0.2676 -0.5667
vn 0.5118 0.7636 -0.3936
vn 0.5907 0.7324 -0.3386
vn 0.5682 0.3394 -0.7497
vn 0.7073 -0.3379 -0.6209
vn 0.9508 0.2515 -0.1807
vn 0.6004 0.7347 -0.3160
vn 0.9109 -0.1491 -0.3848
vn 0.5844 0.4186 -0.6952
vn 0.7555 -0.3147 -0.5746
vn 0.5126 0.5992 -0.6150
vn 0.3556 0.3634 -0.8611
vn 0.1499 0.6544 -0.7412
vn 0.2442 0.5433 -0.8032
vn 0.0001 0.8677 -0.4970
vn -0.2052 0.7341 -0.6473
vn 0.6572 0.2455 -0.7126
vn 0.4110 -0.1817 -0.8933
vn 0.3452 0.6980 -0.6274
vn 0.2838 0.6701 -0.6859
vn 0.4172 -0.0787 -0.9054
vn 0.5217 0.0586 -0.8511
vn 0.5334 0.2746 -0.8001
vn -0.3937 0.6601 -0.6397
vn -0.3790 0.7422 -0.5527
vn -0.2404 0.7485 -0.6180
vn -0.3149 0.8187 -0.4802
vn -0.4181 0.7654 -0.4893
vn 0.1103 0.8826 -0.4570
vn 0.0628 0.4867 -0.8713
vn -0.1257 0.8408 -0.5265
vn 0.6124 0.1467 -0.7768
vn 0.5977 0.2203 -0.7709
vn 0.3305 0.0261 -0.9435
vn 0.3076 0.7965 -0.5205
vn 0.8727 0.0237 -0.4876
vn 0.8532 0.0001 -0.5216
vn 0.8669 0.2837 -0.4098
vn 0.7570 0.5678 -0.3233
vn 0.7606 0.5726 -0.3059
vn 0.8491 0.3774 -0.3696
vn 0.9792 -0.1973 -0.0475
vn 0.2747 0.4238 -0.8631
vn 0.7313 0.2437 -0.6370
vn 0.5684 0.7262 -0.3868
vn 0.9542 0.0946 0.2838
vn 0.7994 0.5173 0.3056
vn 0.6308 0.7727 0.0711
vn 0.6482 0.7589 0.0632
vn 0.6382 0.7092 0.2995
vn 0.6549 -0.5760 0.4893
vn -0.6614 -0.7006 0.2678
vn 0.5355 -0.8193 -0.2049
vn 0.3786 -0.4969 -0.7809
vn -0.3063 0.9425 -0.1335
vn -0.0158 -0.9954 -0.0948
vn 0.0237 -0.9872 0.1578
vn -0.1659 0.9707 0.1737
vn 0.1338 0.9849 -0.1102
vn 0.5271 0.8416 0.1180
vn -0.0158 0.9786 0.2051
vn -0.3154 0.7883 -0.5283
vn 0.1416 0.7000 -0.7000
vn -0.2277 0.2984 -0.9269
vn -0.4643 -0.2203 -0.8578
vn -0.1072 0.9748 0.1956
vn -0.1893 0.7175 0.6704
vn 0.6268 -0.2110 0.7501
vn -0.7274 0.3006 0.6168
vn 0.0392 -0.3765 0.9256
vn -0.4587 -0.2452 0.8541
vn -0.7769 -0.1098 0.6200
vn -0.9536 -0.2128 0.2128
vn -0.9201 0.3067 0.2438
vn -0.5897 0.5346 0.6054
vn -0.6061 0.7950 0.0236
vn 0.5437 -0.3467 0.7643
vn 0.8752 -0.4825 -0.0350
vn -0.2286 0.3548 0.9066
vn -0.2604 0.9152 0.3077
vn -0.2050 0.9618 -0.1814
vn 0.0236 0.9989 0.0393
vn 0.2125 0.1337 0.9680
vn 0.1415 0.7707 0.6213
vn 0.4717 0.4559 0.7547
vn 0.3158 0.9001 0.3000
vn 0.1103 0.9772 -0.1814
vn 0.0553 0.9638 -0.2607
vn 0.4240 0.9029 -0.0707
vn 0.6916 0.5107 0.5108
vn 0.8430 0.5358 0.0473
vn 0.8139 -0.2212 0.5373
vn 0.6532 0.5981 -0.4643
vn 0.9788 -0.0553 0.1974
vn 0.9883 0.0313 -0.1492
vn 0.8794 -0.1099 -0.4632
vn 0.8826 0.3863 -0.2679
vn -0.2574 0.8684 -0.4238
vn -0.5482 0.8361 -0.0232
vn -0.6519 -0.0156 -0.7582
vn -0.7797 0.3697 -0.5053
vn -0.9358 0.2202 -0.2752
vn -0.5744 0.6688 -0.4721
vn -0.8656 0.0709 -0.4957
vn -0.7869 -0.2683 -0.5557
vn -0.5110 0.5503 -0.6603
vn -0.0948 0.8529 -0.5133
vn -0.7149 -0.0078 -0.6992
vn 0.1524 0.3360 -0.9294
vn -0.3702 0.2913 -0.8821
vn -0.0629 0.5111 -0.8572
vn 0.0237 0.1103 -0.9936
vn 0.1977 -0.0158 -0.9801
vn -0.3427 0.4548 -0.8220
vn 0.3696 0.0472 -0.9280
vn 0.4098 0.5037 -0.7605
vn 0.6693 0.1967 -0.7165
vn 0.2768 0.6089 -0.7434
vn 0.1739 0.9088 -0.3793
vn -0.4062 -0.1575 -0.9001
vn -0.9890 0.1256 0.0785
vn -0.8631 0.3687 -0.3452
vn -0.8743 -0.3938 -0.2836
vn -0.8688 0.4613 -0.1801
vn -0.8933 0.1020 0.4378
vn -0.9442 0.2125 -0.2517
vn -0.7699 0.3929 -0.5028
vn -0.6220 0.7715 0.1338
vn -0.6276 0.7609 -0.1647
vn -0.5381 0.8308 0.1423
vn -0.5911 0.4492 -0.6699
vn -0.6833 -0.2355 -0.6911
vn -0.4323 0.7780 -0.4559
vn -0.4492 0.1813 -0.8748
vn -0.5680 0.7179 -0.4025
vn -0.6969 0.6916 0.1899
vn -0.6708 0.6944 0.2604
vn -0.9088 0.4005 -0.1174
vn -0.7622 0.0629 -0.6443
vn -0.5835 -0.0078 -0.8121
vn -0.5460 0.8312 -0.1045
vn -0.6845 0.6373 -0.3541
vn -0.6547 0.7558 -0.0116
vn -0.5983 0.6691 -0.4408
vn -0.3941 0.7409 -0.5438
vn -0.6741 0.7164 -0.1797
vn -0.5060 0.5258 -0.6838
vn -0.2750 0.5186 -0.8096
vn 0.3699 0.1141 -0.9221
vn -0.0000 -1.0000 -0.0000
vn -0.0000 1.0000 -0.0000
vn -0.9937 -0.0000 0.1120
vn -0.9937 -0.0000 -0.1120
vn -0.9439 -0.0000 -0.3303
vn -0.8467 -0.0000 -0.5320
vn -0.7071 -0.0000 -0.7071
vn -0.5320 -0.0000 -0.8467
vn -0.3303 -0.0000 -0.9439
vn -0.1120 -0.0000 -0.9937
vn 1.0000 -0.0000 -0.0000
vn 0.2225 -0.0000 0.9749
vn -0.1065 0.3073 -0.9456
vn -0.0661 0.8072 -0.5865
vn 0.0661 0.8072 0.5865
vn 0.1065 0.3073 0.9456
vn 0.1065 -0.3073 0.9456
vn 0.0661 -0.8072 0.5865
vn -0.0661 -0.8072 -0.5865
vn -0.1065 -0.3073 -0.9456
vn -0.3143 0.3072 -0.8982
vn -0.1949 0.8072 -0.5571
vn 0.1949 0.8072 0.5571
vn 0.3143 0.3073 0.8982
vn 0.3143 -0.3073 0.8982
vn 0.1949 -0.8072 0.5571
vn -0.1949 -0.8072 -0.5571
vn -0.3143 -0.3072 -0.8982
vn -0.5063 0.3072 -0.8058
vn -0.3140 0.8073 -0.4997
vn 0.3140 0.8072 0.4998
vn 0.5063 0.3072 0.8058
vn 0.5063 -0.3072 0.8058
vn 0.3140 -0.8072 0.4998
vn -0.3140 -0.8073 -0.4997
vn -0.5063 -0.3072 -0.8058
vn -0.6729 0.3072 -0.6729
vn -0.4173 0.8073 -0.4173
vn 0.4173 0.8072 0.4173
vn 0.6729 0.3072 0.6729
vn 0.6729 -0.3072 0.6729
vn 0.4173 -0.8072 0.4173
vn -0.4173 -0.8073 -0.4173
vn -0.6729 -0.3072 -0.6729
vn -0.8058 0.3072 -0.5063
vn -0.4997 0.8073 -0.3140
vn 0.4997 0.8073 0.3140
vn 0.8058 0.3072 0.5063
vn 0.8058 -0.3072 0.5063
vn 0.4997 -0.8073 0.3140
vn -0.4997 -0.8073 -0.3140
vn -0.8058 -0.3072 -0.5063
vn -0.8982 0.3072 -0.3143
vn -0.5571 0.8072 -0.1949
vn 0.5571 0.8072 0.1949
vn 0.8982 0.3073 0.3143
vn 0.8982 -0.3073 0.3143
vn 0.5571 -0.8072 0.1949
vn -0.5571 -0.8072 -0.1949
vn -0.8982 -0.3072 -0.3143
vn -0.9456 0.3073 -0.1065
vn -0.5865 0.8072 -0.0661
vn 0.5865 0.8072 0.0661
vn 0.9456 0.3073 0.1065
vn 0.9456 -0.3073 0.1065
vn 0.5865 -0.8072 0.0661
vn -0.5865 -0.8072 -0.0661
vn -0.9456 -0.3073 -0.1065
vn -0.9456 0.3073 0.1065
vn -0.5865 0.8072 0.0661
vn 0.5865 0.8072 -0.0661
vn 0.9456 0.3073 -0.1065
vn 0.9456 -0.3073 -0.1065
vn 0.5865 -0.8072 -0.0661
vn -0.5865 -0.8072 0.0661
vn -0.9456 -0.3073 0.1065
vn 0.4898 0.7239 0.4859
vn 0.5119 0.7042 -0.4920
vn 0.3216 0.8505 -0.4163
vn -0.6556 0.5944 -0.4657
vn -0.3706 0.7982 0.4749
vn -0.3372 0.6730 0.6583
vn 0.1362 0.8286 0.5431
vn 0.5672 0.8184 0.0925
vn 0.3274 0.8840 0.3337
vn 0.2184 0.7861 0.5782
vn -0.1336 0.0941 0.9866
vn 0.4879 0.6409 0.5926
vn 0.6419 0.4008 0.6537
vn 0.3760 0.6055 0.7015
vn 0.3837 0.5218 0.7619
vn 0.1857 0.6456 0.7407
vn 0.5541 0.6217 0.5536
vn 0.4173 0.7610 0.4968
vn -0.0495 0.7672 0.6395
vn 0.2142 0.3940 0.8938
vn 0.9601 0.2766 -0.0409
vn -0.0378 -0.5988 0.8000
vn -0.3852 0.2684 0.8830
vn 0.4794 0.1707 0.8608
vn 0.7878 0.0654 0.6124
vn -0.3672 0.1474 0.9184
vn -0.6934 0.7132 0.1025
vn -0.5890 0.0707 0.8050
vn 0.8149 0.2037 0.5426
vn 0.5915 0.0862 0.8017
vn -0.9889 0.1081 0.1024
vn -0.9484 -0.0229 -0.3163
vn -0.6952 -0.2319 -0.6804
vn -0.0520 -0.2223 -0.9736
vn -0.3401 0.0175 -0.9402
vn -0.8177 0.0474 -0.5736
vn -0.6067 0.1976 -0.7700
vn -0.9991 -0.0157 -0.0394
vn -0.6778 0.2914 0.6751
vn -0.4684 0.0155 -0.8834
vn -0.8361 -0.0728 0.5438
vn 0.6991 -0.0855 -0.7099
vn 0.4748 0.1502 -0.8672
vn 0.7280 0.0157 0.6854
vn 0.9590 -0.1654 0.2299
vn -0.0676 0.1573 0.9852
vn 0.4634 0.1026 -0.8802
vn 0.0416 -0.0142 -0.9990
vn 0.3492 -0.0865 -0.9331
vn 0.5732 -0.0157 -0.8193
vn 0.9476 -0.0552 0.3147
vn 0.7603 -0.0392 -0.6484
vn 0.1312 -0.3544 0.9259
vn -0.8130 0.0706 0.5780
vn -0.5896 0.1811 0.7872
vn 0.6647 0.2739 0.6951
vn 0.7245 0.1183 -0.6790
vn -0.7446 0.0079 0.6674
vn 0.6308 -0.2252 0.7425
vn 0.8974 0.0629 0.4368
vn 0.9142 0.3854 -0.1256
vn -0.2289 0.0392 0.9727
vn -0.0536 0.1102 0.9925
vn -0.0794 -0.1809 0.9803
vn 0.7498 -0.5958 -0.2878
vn -0.9785 -0.0337 -0.2033
vn -0.8192 0.0157 -0.5732
vn -0.6420 -0.1179 -0.7576
vn -0.7551 0.0842 0.6502
vn -0.8737 0.0079 -0.4864
vn -0.8926 0.0932 -0.4412
vn -0.4851 0.1261 -0.8653
vn 0.8473 0.0551 -0.5283
vn 0.7170 0.1014 -0.6897
vn -0.9248 -0.1184 0.3615
vn -0.6940 0.0868 -0.7148
vn -0.7690 -0.1488 -0.6217
vn -0.6509 -0.2032 0.7315
vn 0.5880 -0.1581 -0.7933
vn 0.0314 -0.0091 -0.9995
vn 0.7713 -0.1086 0.6271
vn -0.9916 -0.0609 0.1142
vn -0.6395 0.0150 0.7687
vn 0.7411 -0.1265 0.6594
vn 0.3626 0.3395 0.8679
vn 0.8845 0.1871 0.4273
vn -0.3658 0.0157 0.9306
vn 0.3028 0.0316 0.9525
vn 0.9203 -0.0331 0.3898
vn -0.6684 0.0394 0.7428
vn -0.9953 -0.0787 -0.0564
vn -0.4483 -0.0000 -0.8939
vn 0.9079 -0.1172 -0.4025
vn 0.2524 0.1258 0.9594
vn 0.6951 0.0544 -0.7168
vn -0.8694 0.0314 -0.4931
vn 0.3897 -0.0623 -0.9188
vn 0.8319 0.1027 0.5453
vn 0.1888 -0.3997 0.8970
vn -0.9674 0.0171 0.2528
vn -0.6739 -0.0393 0.7377
vn 0.0437 0.0710 -0.9965
vn -0.2619 0.1415 0.9547
vn -0.9313 -0.0845 -0.3543
vn 0.9989 0.0144 -0.0456
vn 0.4837 -0.0865 0.8710
vn 0.6799 0.0711 -0.7299
vn -0.9804 0.1395 0.1390
vn -0.6554 -0.1804 -0.7334
vn -0.9475 -0.0711 -0.3117
vn -0.9769 0.1081 0.1845
vn -0.0134 0.0315 -0.9994
vn 0.9986 0.0321 0.0424
vn -0.1588 -0.0091 -0.9873
vn 0.9860 -0.1116 -0.1235
vn -0.1428 0.0870 0.9859
vn -0.3574 -0.1628 0.9197
vn 0.9795 -0.0341 -0.1987
vn 0.6602 0.0287 0.7505
vn -0.0932 -0.3699 -0.9244
vn -0.6060 -0.0784 -0.7916
vn 0.5039 0.1179 -0.8557
vn -0.5769 0.1340 -0.8057
vn 0.8345 0.3075 -0.4573
vn -0.5490 0.2844 0.7859
vn -0.5044 0.3242 -0.8003
vn 0.0282 0.9991 0.0316
vn 0.2336 0.9675 -0.0969
vn 0.1879 0.9809 0.0500
vn 0.0681 0.9970 0.0362
vn 0.0070 1.0000 0.0030
vn -0.0947 0.8265 -0.5549
vn -0.5664 0.8075 -0.1645
vn -0.1032 0.9133 -0.3941
vn 0.5462 0.6964 -0.4655
vn -0.4181 0.7087 0.5683
vn -0.2674 0.9604 0.0782
vn 0.1533 0.8353 0.5280
vn 0.6073 0.6482 0.4593
vn 0.4969 0.8667 0.0445
vn -0.2582 -0.0255 0.9658
vn -0.9701 -0.0742 0.2312
vn -0.9278 0.3720 -0.0268
vn -0.0304 0.3067 -0.9513
vn 0.5938 0.6771 -0.4347
vn -0.1380 -0.5108 0.8486
vn 0.0778 -0.5533 0.8294
vn 0.0267 -0.6864 0.7267
vn 0.5675 0.5498 -0.6129
vn 0.1741 0.6693 -0.7223
vn -0.8714 -0.1847 0.4545
vn 0.6571 0.4358 0.6150
vn -0.1741 -0.6693 0.7223
vn 0.2597 0.9586 -0.1167
vn 0.5605 0.3113 -0.7674
vn 0.2819 0.9166 -0.2834
vn 0.1775 0.6611 -0.7290
vn -0.2156 -0.2361 0.9475
vn -0.4766 -0.6684 0.5710
vn -0.5016 0.1808 -0.8460
vn -0.6874 -0.1545 0.7097
vn -0.2790 0.6596 -0.6979
vn 0.1953 0.6928 -0.6942
vn -0.1358 0.9352 -0.3270
vn -0.1818 0.7976 -0.5752
vn 0.1954 0.6544 -0.7304
vn 0.1910 0.6671 -0.7201
vn 0.1809 0.6528 -0.7356
vn 0.1804 0.6744 -0.7160
vn 0.1808 0.6913 -0.6996
vn 0.1779 0.6783 -0.7130
vn 0.1843 0.6833 -0.7065
vn 0.1847 0.6620 -0.7264
vn 0.1711 0.6558 -0.7353
vn -0.3064 0.4153 0.8565
vn -0.5287 0.6260 0.5733
vn -0.0370 0.8205 0.5705
vn 0.9047 0.0434 0.4238
vn 0.9743 -0.0614 0.2168
vn 0.9101 -0.2031 0.3613
vn -0.1297 -0.2527 0.9588
vn 0.3163 0.1261 0.9402
vn 0.9344 0.2061 0.2906
vn 0.6821 0.2901 0.6713
vn 0.8031 -0.1185 0.5839
vn 0.9992 0.0079 0.0394
vn 0.8949 -0.4349 -0.0999
vn 0.6705 0.5986 0.4384
vn 0.3438 0.5751 0.7424
vn 0.9501 0.3069 -0.0555
vn 0.8006 0.5739 0.1723
vn 0.0487 0.7175 0.6949
vn -0.0225 0.5613 0.8273
vn -0.1659 0.6321 0.7569
vn 0.0382 0.2615 0.9644
vn -0.1693 0.0919 0.9813
vn -0.5133 -0.0392 0.8573
vn -0.4082 0.4628 0.7869
vn -0.8159 0.4724 0.3333
vn -0.4823 0.6398 0.5983
vn -0.7808 0.5772 0.2391
vn -0.4281 0.8861 -0.1776
vn -0.7972 0.5414 -0.2671
vn -0.9572 0.2657 0.1146
vn -0.8311 0.2995 -0.4685
vn -0.9422 -0.2963 -0.1566
vn -0.8100 -0.0262 -0.5859
vn 0.0331 -0.2325 -0.9720
vn -0.3885 0.3168 -0.8653
vn -0.4799 -0.1177 -0.8694
vn -0.1411 -0.2769 -0.9505
vn -0.3781 -0.3869 -0.8411
vn -0.3083 0.3889 -0.8682
vn 0.3906 0.0719 -0.9177
vn 0.5965 0.4182 -0.6850
vn 0.4568 0.0948 -0.8845
vn 0.1896 0.6278 -0.7549
vn 0.7666 0.2600 -0.5871
vn 0.8645 0.3160 -0.3910
vn 0.8288 -0.2040 -0.5211
vn 0.9089 0.1316 0.3958
vn 0.8473 -0.1819 -0.4990
vn 0.2526 -0.6376 -0.7278
vn 0.4006 -0.5611 -0.7243
vn 0.3552 0.4450 0.8221
vn 0.1271 -0.5858 -0.8004
vn 0.5365 0.2467 -0.8071
vn 0.2835 0.6622 0.6937
vn -0.2054 0.6291 0.7497
vn -0.1981 0.6284 0.7523
vn -0.1951 0.6142 0.7647
vn -0.1948 0.6368 0.7460
vn -0.1908 0.6276 0.7548
vn -0.0281 0.9917 0.1251
vn -0.3109 0.9475 0.0745
vn -0.1909 0.6276 0.7548
vn -0.1981 0.6284 0.7522
vn -0.7065 0.3362 0.6228
vn -0.1747 0.6248 0.7610
vn -0.5375 -0.2346 -0.8100
vn -0.2533 -0.5852 -0.7703
vn 0.7039 -0.3254 0.6314
vn 0.2350 0.9032 0.3591
vn 0.3115 -0.3234 -0.8935
vn -0.1497 0.4000 0.9042
vn -0.8331 0.0372 0.5519
vn -0.2613 0.7689 0.5835
vn 0.0997 0.5866 -0.8037
vn -0.6958 0.6038 0.3891
vn -0.1804 0.6125 0.7696
vn -0.4076 0.7895 0.4589
vn -0.5914 -0.7685 -0.2442
vn -0.4961 0.8474 0.1890
vn -0.5741 -0.7755 -0.2628
vn 0.8487 0.0297 0.5281
vn 0.3667 0.3489 -0.8624
vn 0.5574 -0.8291 0.0434
vn 0.2336 -0.9628 -0.1360
vn 0.5390 0.8403 0.0581
vn 0.9873 0.1515 0.0488
vn 0.4044 0.8843 0.2333
vn 0.0971 0.9281 0.3595
vn 0.5392 0.8420 -0.0135
vn -0.1786 0.9604 -0.2140
vn 0.4107 0.8526 0.3231
vn -0.4022 -0.8285 -0.3897
vn 0.3234 0.8969 0.3017
vn -0.6412 -0.6799 -0.3558
vn 0.4517 0.8921 0.0108
vn -0.7327 0.1807 -0.6561
vn -0.3610 -0.8839 -0.2975
vn -0.3605 -0.8442 -0.3968
vn -0.4342 -0.8375 -0.3319
vn 0.0768 0.4058 -0.9107
vn -0.4036 -0.8979 -0.1759
vn -0.2433 -0.9424 -0.2294
vn -0.0937 -0.9831 0.1571
vn 0.6591 -0.2361 -0.7141
vn 0.0954 0.9300 0.3550
vn 0.2174 0.9675 0.1293
vn 0.7711 0.5002 0.3939
vn 0.8481 0.5095 0.1455
vn 0.8726 0.4875 -0.0302
vn 0.9296 0.3087 -0.2015
vn 0.8393 0.5437 -0.0063
vn 0.7033 0.6867 -0.1841
vn 0.9994 0.0330 -0.0044
vn 0.5865 0.6453 -0.4895
vn 0.4195 -0.9050 -0.0706
vn 0.4621 0.7084 -0.5335
vn -0.6436 0.3988 -0.6533
vn 0.3851 0.5997 -0.7015
vn 0.3602 0.5971 -0.7167
vn 0.3196 0.3330 -0.8871
vn -0.1352 -0.9903 0.0323
vn -0.1647 0.5965 -0.7855
vn 0.0857 0.7310 -0.6770
vn -0.3987 0.6277 -0.6686
vn 0.9887 0.0238 -0.1482
vn -0.1810 0.6056 -0.7749
vn -0.1828 0.7650 0.6175
vn -0.2127 0.4802 0.8510
vn -0.3588 0.4706 0.8061
vn -0.3542 0.5364 0.7661
vn -0.2165 0.8237 -0.5240
vn -0.2394 0.8014 -0.5481
vn 0.7551 0.3680 -0.5426
vn -0.2950 0.0040 -0.9555
vn -0.2101 0.7742 0.5970
vn -0.6685 0.5716 0.4758
vn -0.8509 0.2047 0.4838
vn -0.6560 0.4649 -0.5946
vn -0.7267 0.6298 -0.2744
vn -0.2244 0.1011 -0.9692
vn -0.5846 0.6466 -0.4900
vn -0.6415 -0.5909 -0.4892
vn -0.9576 -0.2606 -0.1231
vn -0.7002 0.5350 -0.4728
vn -0.4895 0.2509 -0.8351
vn -0.7861 0.5731 -0.2317
vn -0.7216 0.6776 0.1422
vn -0.6441 -0.6307 0.4329
vn -0.4405 0.7800 0.4445
vn -0.7367 0.6697 0.0940
vn -0.7895 0.6136 0.0130
vn -0.6881 0.6249 0.3688
vn -0.6511 0.7309 0.2047
vn -0.9130 0.2750 0.3015
vn -0.8590 0.4746 0.1920
vn -0.8967 0.2484 0.3663
vn 0.6920 -0.5363 0.4832
vn 0.3571 0.9120 0.2016
vn 0.1146 -0.7375 0.6656
vn 0.3949 0.8845 -0.2485
vn 0.4870 -0.8223 -0.2944
vn 0.0004 0.9352 0.3540
vn -0.0204 -0.9699 0.2427
vn -0.4357 -0.4555 0.7763
vn -0.3781 0.8857 0.2693
vn -0.0654 -0.7052 0.7060
vn -0.0553 -0.9696 0.2382
vn -0.0313 -0.9691 0.2446
vn 0.4815 -0.4497 0.7523
vn -0.4153 0.5930 0.6898
vn 0.8465 0.4454 0.2916
vn 0.8070 0.5117 0.2949
vn -0.4523 0.2447 0.8576
vn 0.7347 0.6450 0.2102
vn 0.5677 0.8101 0.1461
vn 0.6202 0.4186 0.6634
vn 0.1812 0.5448 0.8188
vn -0.2010 0.6580 0.7257
vn -0.2439 0.6366 0.7316
vn -0.0014 0.9642 -0.2652
vn 0.2279 0.8708 -0.4357
vn 0.0663 0.9610 -0.2685
vn 0.0554 0.9622 -0.2667
vn 0.0488 0.9690 -0.2424
vn 0.0511 0.9714 -0.2320
vn 0.0510 0.9714 -0.2320
vn 0.0400 0.9787 -0.2013
vn 0.4492 0.8358 -0.3158
vn 0.1125 0.8635 -0.4916
vn 0.2074 0.9731 -0.1000
vn -0.1920 -0.9403 -0.2810
vn -0.2868 0.8020 -0.5240
vn -0.3625 -0.9228 -0.1302
vn -0.0619 -0.9768 0.2051
vn -0.7527 -0.6581 0.0173
vn -0.4399 0.8340 -0.3330
vn 0.1141 0.9673 -0.2265
vn 0.0619 0.9703 -0.2339
vn 0.6655 -0.5925 0.4539
vn 0.5673 0.8197 -0.0791
vn 0.2501 0.8650 0.4350
vn 0.0799 0.9499 -0.3022
vn -0.0855 -0.5793 0.8106
vn -0.1014 -0.9610 0.2574
vn 0.0904 0.9420 -0.3232
vn -0.0835 -0.9580 0.2742
vn -0.0227 -0.9491 0.3142
vn 0.2372 0.7621 0.6025
vn -0.7371 -0.4626 0.4926
vn -0.2101 -0.8974 0.3879
vn -0.2689 0.8789 0.3940
vn -0.4914 -0.5557 0.6706
vn -0.2367 0.9714 0.0166
vn -0.7529 0.1181 0.6475
vn -0.5603 0.7863 -0.2604
vn 0.1399 0.9590 -0.2465
vn -0.0913 0.8325 -0.5465
vn 0.1047 0.9588 -0.2639
vn 0.0769 0.9622 -0.2614
vn 0.0590 0.9588 -0.2778
vn 0.4349 0.8185 -0.3754
vn 0.8093 0.5041 -0.3016
vn 0.5056 0.8627 -0.0104
vn 0.1708 0.6309 -0.7568
vn 0.7037 0.5745 -0.4181
vn 0.6075 0.2232 -0.7623
vn 0.4319 0.5783 -0.6921
vn 0.7912 0.3444 -0.5053
vn 0.5075 0.3773 -0.7747
vn 0.2240 0.4571 -0.8607
vn 0.1169 0.1910 -0.9746
vn 0.1143 0.6154 -0.7799
vn 0.5227 0.6294 -0.5750
vn 0.1588 -0.9871 -0.0181
vn 0.8055 -0.5837 0.1022
vn 0.7727 0.6158 -0.1539
vn 0.6906 0.6834 -0.2366
vn 0.6686 0.6813 0.2980
vn 0.6667 0.7406 0.0836
vn 0.7164 0.6691 -0.1978
vn 0.6797 0.6369 0.3638
vn 0.8443 0.4211 0.3314
vn 0.5024 0.6034 0.6193
vn 0.4404 0.5455 0.7131
vn 0.4269 0.4905 0.7597
vn 0.4938 0.6306 0.5988
vn 0.0924 0.9620 0.2571
vn 0.1386 0.6654 0.7335
vn 0.3355 0.6223 0.7072
vn -0.0820 0.3154 0.9454
vn 0.2870 0.5978 0.7485
vn 0.3228 -0.9346 0.1495
vn 0.2780 -0.9602 -0.0289
vn -0.4582 -0.8372 -0.2985
vn 0.9432 0.1832 -0.2771
vn -0.0264 0.7708 -0.6365
vn -0.3607 0.6293 -0.6884
vn 0.0522 0.9677 -0.2465
vn 0.0522 0.9629 -0.2649
vn 0.0908 0.9675 -0.2359
vn -0.4015 0.6824 0.6108
vn -0.7105 0.6456 0.2801
vn -0.5404 0.6789 0.4971
vn -0.6796 0.7210 0.1351
vn -0.7644 0.6440 0.0319
vn -0.5878 -0.7196 0.3698
vn -0.6427 0.7527 -0.1425
vn -0.3868 -0.9196 -0.0692
vn -0.4085 -0.8703 -0.2752
vn -0.6131 0.6526 -0.4451
vn -0.5163 -0.5429 -0.6623
vn -0.6037 0.7013 -0.3791
vn -0.3645 0.6546 -0.6623
vn -0.7747 0.5276 -0.3485
vn -0.1129 0.6597 -0.7430
vn -0.3535 0.6854 -0.6366
vn -0.1466 0.5272 -0.8370
vn 0.3632 0.4404 -0.8210
vn -0.1937 0.6708 -0.7159
vn -0.5875 0.5524 -0.5913
vn -0.7650 0.0615 -0.6411
vn -0.7904 0.4471 -0.4188
vn -0.8803 0.3952 -0.2625
vn -0.9258 -0.0596 -0.3733
vn -0.8752 0.4712 0.1095
vn -0.6440 0.6035 0.4702
vn -0.1065 -0.6920 0.7140
vn 0.8575 0.2362 0.4571
vn -0.3633 -0.4238 0.8297
vn -0.8523 -0.4329 0.2935
vn -0.9737 0.0863 0.2110
vn 0.8934 0.2278 0.3871
vn 0.2716 0.2122 0.9387
vn -0.3787 0.9229 -0.0700
vn 0.8404 0.1816 0.5106
vn -0.2708 0.7103 -0.6497
vn 0.8729 0.1341 0.4691
vn 0.8984 0.1497 0.4129
vn 0.8661 0.0629 0.4959
vn 0.7049 0.7092 0.0076
vn -0.5836 0.4246 -0.6921
vn 0.9172 0.1817 0.3546
vn 0.9404 0.0268 0.3391
vn 0.9212 -0.1279 0.3675
vn -0.3344 -0.8707 0.3606
vn -0.5838 -0.7955 0.1624
vn -0.8501 -0.0105 -0.5265
vn -0.7868 0.2357 -0.5705
vn -0.5589 0.4789 -0.6770
vn -0.5650 0.4780 -0.6725
vn -0.5514 0.5124 -0.6583
vn -0.5944 0.4011 -0.6970
vn 0.7129 0.4108 0.5683
vn 0.9502 -0.0726 0.3030
vn 0.8507 -0.0787 0.5197
vn 0.8565 -0.0236 0.5156
vn 0.2169 0.2920 -0.9315
vn -0.5707 0.4565 -0.6826
vn -0.2535 0.7885 -0.5604
vn -0.1050 0.7639 0.6367
vn 0.4739 0.2075 0.8558
vn 0.1816 0.3765 0.9085
vn -0.7015 0.5061 0.5017
vn 0.0942 -0.0922 0.9913
vn 0.9062 0.3311 0.2631
vn 0.3788 -0.0000 0.9255
vn 0.9683 -0.2492 -0.0162
vn 0.8619 -0.0314 0.5061
vn 0.9940 -0.0944 -0.0559
vn 0.9237 0.1893 0.3332
vn 0.9532 0.1884 -0.2363
vn 0.9366 0.3230 0.1358
vn 0.6236 0.2435 0.7428
vn 0.7084 0.2438 0.6624
vn 0.6186 0.2908 0.7299
vn 0.8632 0.4728 -0.1771
vn 0.2239 0.2288 0.9474
vn 0.7466 0.6301 0.2135
vn 0.3750 0.8378 -0.3968
vn 0.2495 0.7414 0.6230
vn -0.1093 0.1737 0.9787
vn -0.5193 0.8513 -0.0750
vn -0.2016 0.6954 -0.6898
vn -0.5433 0.4253 0.7239
vn -0.7422 0.5271 -0.4139
vn -0.8232 0.3928 0.4099
vn -0.4530 0.4237 0.7844
vn -0.8348 0.5198 0.1815
vn -0.8689 0.4250 -0.2538
vn -0.6340 0.2131 -0.7434
vn -0.7941 0.4816 0.3708
vn -0.9267 0.2689 -0.2624
vn -0.7224 -0.0234 -0.6911
vn -0.0896 0.3705 0.9245
vn -0.3971 0.3307 0.8561
vn 0.2533 0.3079 0.9171
vn 0.3710 0.3232 0.8706
vn 0.1212 0.2837 0.9512
vn -0.0679 0.0716 0.9951
vn -0.2853 -0.0790 0.9552
vn -0.0301 0.4593 0.8878
vn -0.6598 0.1651 0.7331
vn -0.7710 -0.3852 0.5071
vn -0.6928 0.4073 -0.5951
vn -0.9911 0.0237 0.1307
vn -0.9435 -0.1652 -0.2872
vn -0.7316 -0.4076 -0.5464
vn -0.6988 -0.2259 -0.6787
vn 0.9292 -0.0546 0.3655
vn 0.8382 -0.3737 -0.3972
vn 0.9565 0.2589 -0.1343
vn 0.3617 0.9049 0.2242
vn 0.3858 0.5419 -0.7467
vn -0.9917 0.0770 0.1032
vn -0.4275 -0.2051 -0.8804
vn -0.9996 -0.0079 -0.0288
vn -0.4756 0.6534 0.5889
vn 0.0814 0.9564 -0.2805
vn -0.5018 0.6827 -0.5311
vn -0.3800 0.9217 0.0781
vn 0.8376 0.0235 -0.5458
vn 0.6096 -0.1813 -0.7717
vn 0.4964 0.1735 -0.8506
vn 0.9549 0.0938 -0.2819
vn -0.0566 -0.2046 -0.9772
vn 0.1164 -0.0000 -0.9932
vn -0.4212 -0.0628 -0.9048
vn -0.1410 0.1885 -0.9719
vn -0.4788 0.3545 -0.8032
vn -0.0800 0.3938 -0.9157
vn 0.4693 0.4748 -0.7445
vn 0.8316 0.3154 -0.4572
vn -0.2276 -0.1366 -0.9641
vn 0.7757 0.5312 0.3407
vn -0.9548 -0.2920 0.0552
vn -0.7415 0.1100 0.6619
vn 0.7166 0.5990 0.3573
vn 0.4646 0.5513 0.6930
vn 0.4326 0.6482 -0.6266
vn 0.9521 0.1340 -0.2748
vn 0.2210 0.4736 0.8525
vn 0.5047 0.7508 0.4261
vn -0.5172 0.3063 0.7992
vn -0.9777 0.1977 0.0702
vn 0.8770 0.4083 -0.2533
vn -0.0395 -0.4812 -0.8757
vn 0.3917 -0.3770 -0.8393
vn 0.9381 0.1743 -0.2993
vn -0.7575 -0.4577 -0.4656
vn -0.0315 0.5269 -0.8494
vn 0.1041 0.9750 -0.1963
vn -0.2837 0.3615 0.8882
vn 0.4244 0.2815 0.8606
vn -0.9530 -0.2677 -0.1417
vn -0.3716 -0.4611 -0.8058
vn 0.6733 0.4193 0.6090
vn 0.9154 -0.0079 -0.4025
vn 0.9367 0.2352 -0.2592
vn 0.5984 0.5580 0.5750
vn -0.2598 0.3147 0.9129
vn -0.5263 0.8169 0.2357
vn -0.9125 -0.0000 0.4091
vn -0.9675 -0.0313 0.2509
vn -0.2131 0.4643 -0.8597
vn -0.6517 -0.4475 -0.6124
vn 0.3619 -0.3462 -0.8655
vn -0.0552 -0.4339 -0.8993
vn 0.8421 0.1210 -0.5256
vn -0.2042 0.8660 -0.4565
vn 0.1429 0.9893 0.0304
vn -0.0619 0.9899 0.1279
vn -0.0381 0.9898 0.1372
vn 0.1187 0.9898 0.0783
vn 0.1105 0.9897 -0.0907
vn -0.1316 -0.9894 -0.0605
vn 0.1272 0.9895 -0.0686
vn 0.0481 0.9900 -0.1323
vn 0.0924 0.9900 -0.1067
vn 0.0731 0.9900 -0.1209
vn -0.0736 0.9899 -0.1215
vn -0.1174 0.9899 0.0791
vn 0.1405 0.9899 -0.0189
vn -0.1249 0.9899 -0.0673
vn -0.1112 0.9899 -0.0883
vn -0.1022 0.9900 0.0971
vn -0.1410 0.9900 0.0074
vn 0.1410 -0.9900 -0.0074
vn 0.1316 0.9894 0.0605
vn -0.0836 0.9899 0.1143
vn -0.0496 0.9898 -0.1334
vn -0.0134 0.9897 0.1423
vn 0.0256 0.9901 -0.1378
vn -0.1402 0.9899 -0.0195
vn 0.0622 0.9898 0.1279
vn -0.1311 0.9897 0.0567
vn 0.0019 0.9899 -0.1418
vn -0.1348 0.9899 -0.0432
vn 0.0387 0.9897 0.1377
vn 0.1368 0.9897 -0.0424
vn 0.0835 0.9899 0.1143
vn 0.0127 0.9897 0.1429
vn -0.0929 0.9899 -0.1072
vn -0.0262 0.9898 -0.1401
vn 0.1020 0.9899 0.0985
vn 0.1431 0.9897 0.0043
vn -0.1387 0.9899 0.0295
vn 0.1348 -0.9899 0.0432
vn 0.1022 -0.9900 -0.0971
vn -0.1020 -0.9899 -0.0985
vn 0.1112 -0.9899 0.0883
vn 0.1402 -0.9899 0.0195
vn 0.1249 -0.9899 0.0673
vn -0.0835 -0.9899 -0.1143
vn -0.1405 -0.9899 0.0189
vn 0.1387 -0.9899 -0.0295
vn 0.1174 -0.9899 -0.0791
vn 0.1311 -0.9897 -0.0567
vn 0.0929 -0.9899 0.1072
vn 0.0736 -0.9899 0.1215
vn 0.0496 -0.9898 0.1334
vn -0.0731 -0.9900 0.1209
vn -0.0019 -0.9899 0.1418
vn -0.0924 -0.9900 0.1067
vn 0.0262 -0.9898 0.1401
vn -0.0481 -0.9900 0.1323
vn -0.0256 -0.9901 0.1378
vn -0.1272 -0.9895 0.0686
vn -0.1368 -0.9897 0.0424
vn -0.1105 -0.9897 0.0907
vn -0.1431 -0.9897 -0.0043
vn -0.1187 -0.9898 -0.0783
vn -0.0622 -0.9898 -0.1279
vn 0.0381 -0.9898 -0.1372
vn -0.0127 -0.9897 -0.1429
vn 0.0619 -0.9899 -0.1279
vn -0.0387 -0.9897 -0.1377
vn 0.0134 -0.9897 -0.1423
vn 0.0836 -0.9899 -0.1143
vn -0.1429 -0.9893 -0.0304
vn 0.6579 -0.0000 -0.7531
vn 0.9195 -0.0000 0.3930
vn -0.2660 -0.0000 0.9640
vn -0.9195 -0.0000 0.3930
vn -0.8806 -0.0000 -0.4739
vn 0.7818 -0.0000 -0.6235
vn 0.8346 -0.0000 0.5509
vn -0.1786 -0.0000 -0.9839
vn -0.7228 -0.0000 0.6911
vn -0.9909 -0.0000 -0.1342
vn 0.8806 -0.0000 -0.4739
vn -0.5129 -0.0000 -0.8584
vn 0.7228 -0.0000 0.6911
vn -0.0000 -0.0000 -1.0000
vn 0.9511 -0.0000 -0.3090
vn -0.4339 -0.0000 0.9010
vn 0.5878 -0.0000 0.8090
vn -0.9749 -0.0000 0.2225
vn -0.7818 -0.0000 -0.6235
vn 0.1786 -0.0000 -0.9839
vn 0.9909 -0.0000 -0.1342
vn 0.4339 -0.0000 0.9010
vn -0.0896 -0.0000 0.9960
vn -0.8346 -0.0000 0.5509
vn -0.9511 -0.0000 -0.3090
vn 0.3514 -0.0000 -0.9362
vn -0.3514 -0.0000 -0.9362
vn 0.9990 -0.0000 0.0449
vn 0.2660 -0.0000 0.9640
vn 0.5129 -0.0000 -0.8584
vn 0.0896 -0.0000 0.9960
vn -0.5878 -0.0000 0.8090
vn 0.9749 -0.0000 0.2225
vn -0.9990 -0.0000 0.0449
vn -0.6579 -0.0000 -0.7531
vt 0.802734 0.248535
vt 0.798584 0.246582
vt 0.809326 0.247803
vt 0.802734 0.244873
vt 0.809814 0.245117
vt 0.813477 0.243896
vt 0.806152 0.249756
vt 0.814697 0.244873
vt 0.809814 0.250732
vt 0.813477 0.248047
vt 0.819336 0.240723
vt 0.818359 0.243652
vt 0.819092 0.248047
vt 0.814941 0.254150
vt 0.817627 0.254150
vt 0.848145 0.233154
vt 0.841553 0.239258
vt 0.842773 0.236084
vt 0.842773 0.232178
vt 0.840332 0.235107
vt 0.840332 0.241699
vt 0.836426 0.236084
vt 0.834961 0.231445
vt 0.832764 0.235352
vt 0.836670 0.240234
vt 0.836426 0.243896
vt 0.832764 0.250000
vt 0.833496 0.240967
vt 0.833740 0.244385
vt 0.831055 0.235840
vt 0.831787 0.246826
vt 0.828125 0.240967
vt 0.829346 0.251465
vt 0.826416 0.246094
vt 0.821777 0.250244
vt 0.822021 0.247559
vt 0.824951 0.244141
vt 0.822998 0.243408
vt 0.828369 0.238281
vt 0.823730 0.238770
vt 0.826660 0.238281
vt 0.829102 0.234619
vt 0.832764 0.231445
vt 0.829834 0.230713
vt 0.826904 0.234131
vt 0.827881 0.229004
vt 0.825195 0.232422
vt 0.823242 0.235840
vt 0.821533 0.234131
vt 0.822510 0.224854
vt 0.820068 0.233887
vt 0.817383 0.240234
vt 0.811523 0.238770
vt 0.816406 0.235840
vt 0.816895 0.233398
vt 0.202148 0.659424
vt 0.205322 0.654297
vt 0.206787 0.658691
vt 0.206543 0.655273
vt 0.210449 0.655762
vt 0.199463 0.655029
vt 0.208008 0.650391
vt 0.202393 0.652588
vt 0.196045 0.661133
vt 0.193115 0.657715
vt 0.198486 0.653320
vt 0.194092 0.654541
vt 0.198975 0.651123
vt 0.218262 0.654785
vt 0.211670 0.658691
vt 0.205322 0.648682
vt 0.207764 0.645020
vt 0.213379 0.648438
vt 0.205566 0.643311
vt 0.201904 0.646484
vt 0.197266 0.647217
vt 0.208740 0.643066
vt 0.198730 0.644043
vt 0.206055 0.640625
vt 0.193604 0.648926
vt 0.191650 0.642578
vt 0.201660 0.640869
vt 0.193604 0.639648
vt 0.190674 0.650879
vt 0.188477 0.654785
vt 0.185547 0.649414
vt 0.187012 0.641113
vt 0.183105 0.644531
vt 0.183350 0.650391
vt 0.186035 0.638184
vt 0.184570 0.638916
vt 0.180664 0.637451
vt 0.175293 0.633301
vt 0.181152 0.633545
vt 0.176514 0.625488
vt 0.191162 0.636475
vt 0.180420 0.626709
vt 0.184570 0.632080
vt 0.182861 0.628174
vt 0.187500 0.634277
vt 0.192139 0.626221
vt 0.200195 0.637207
vt 0.189453 0.623535
vt 0.185303 0.624023
vt 0.205566 0.638672
vt 0.184326 0.621094
vt 0.189941 0.620605
vt 0.193848 0.622314
vt 0.189453 0.617676
vt 0.183350 0.618652
vt 0.175049 0.624512
vt 0.178467 0.620361
vt 0.174561 0.622559
vt 0.181152 0.614258
vt 0.177002 0.614258
vt 0.180908 0.612061
vt 0.173096 0.612793
vt 0.187012 0.609863
vt 0.176514 0.608643
vt 0.190674 0.612061
vt 0.183838 0.607910
vt 0.178711 0.604980
vt 0.175537 0.606934
vt 0.187012 0.606201
vt 0.189453 0.608887
vt 0.192627 0.612061
vt 0.190674 0.604980
vt 0.191650 0.601318
vt 0.194092 0.610352
vt 0.194092 0.606445
vt 0.192627 0.594238
vt 0.193115 0.601807
vt 0.195068 0.601318
vt 0.199219 0.611328
vt 0.199219 0.613770
vt 0.202881 0.612793
vt 0.194092 0.615967
vt 0.201172 0.615967
vt 0.203613 0.615967
vt 0.197266 0.618164
vt 0.193604 0.619141
vt 0.202148 0.621582
vt 0.197510 0.621338
vt 0.199951 0.621094
vt 0.204346 0.623779
vt 0.205078 0.620117
vt 0.201416 0.624268
vt 0.199463 0.624756
vt 0.204834 0.625000
vt 0.207031 0.622559
vt 0.207520 0.626465
vt 0.205811 0.627686
vt 0.203613 0.627441
vt 0.200195 0.627441
vt 0.194092 0.628906
vt 0.194580 0.631836
vt 0.208740 0.628906
vt 0.212646 0.629883
vt 0.211182 0.628418
vt 0.208252 0.630615
vt 0.211426 0.632568
vt 0.215088 0.635010
vt 0.205811 0.630615
vt 0.210205 0.632568
vt 0.213867 0.634766
vt 0.202637 0.630371
vt 0.216309 0.637695
vt 0.199707 0.630615
vt 0.204590 0.634033
vt 0.198486 0.633545
vt 0.205078 0.635498
vt 0.207764 0.634033
vt 0.208984 0.635498
vt 0.211426 0.634766
vt 0.214844 0.636963
vt 0.208496 0.639648
vt 0.211426 0.643555
vt 0.212402 0.640869
vt 0.214111 0.646484
vt 0.216553 0.650146
vt 0.215088 0.645020
vt 0.217041 0.647949
vt 0.213623 0.638916
vt 0.218750 0.645264
vt 0.215820 0.639160
vt 0.218018 0.640869
vt 0.218994 0.641357
vt 0.043213 0.612305
vt 0.044189 0.611572
vt 0.047363 0.612549
vt 0.042969 0.611816
vt 0.041016 0.613037
vt 0.045898 0.610596
vt 0.047852 0.608643
vt 0.045166 0.609375
vt 0.046875 0.607666
vt 0.047607 0.605225
vt 0.049561 0.605957
vt 0.044678 0.607178
vt 0.042480 0.609375
vt 0.039795 0.610596
vt 0.043701 0.606934
vt 0.046143 0.604004
vt 0.041504 0.608643
vt 0.042480 0.606689
vt 0.038818 0.604980
vt 0.048584 0.602295
vt 0.049805 0.600342
vt 0.041748 0.603760
vt 0.047119 0.599365
vt 0.044678 0.600586
vt 0.041504 0.601562
vt 0.037598 0.607910
vt 0.036377 0.603760
vt 0.036621 0.608643
vt 0.044434 0.596924
vt 0.035645 0.607422
vt 0.042480 0.600586
vt 0.035889 0.610352
vt 0.039551 0.612305
vt 0.035645 0.611816
vt 0.034180 0.609619
vt 0.032715 0.608887
vt 0.033936 0.607422
vt 0.031006 0.604004
vt 0.034668 0.604980
vt 0.034668 0.602051
vt 0.032715 0.599365
vt 0.036133 0.599609
vt 0.034668 0.595947
vt 0.039307 0.601074
vt 0.038086 0.596924
vt 0.035889 0.595703
vt 0.039062 0.594971
vt 0.040527 0.597656
vt 0.041260 0.593262
vt 0.041748 0.597900
vt 0.042236 0.595215
vt 0.044678 0.594727
vt 0.044678 0.592041
vt 0.047363 0.597656
vt 0.047852 0.595947
vt 0.048828 0.593994
vt 0.048340 0.596680
vt 0.049561 0.596191
vt 0.050781 0.597412
vt 0.050781 0.601562
vt 0.051270 0.602051
vt 0.429932 0.054688
vt 0.429199 0.064453
vt 0.427490 0.061768
vt 0.427002 0.057129
vt 0.423340 0.053467
vt 0.421143 0.060303
vt 0.418701 0.054443
vt 0.416260 0.049072
vt 0.418213 0.042725
vt 0.408936 0.039551
vt 0.425781 0.050293
vt 0.428711 0.050537
vt 0.431152 0.052734
vt 0.425049 0.046387
vt 0.430664 0.044434
vt 0.410889 0.037354
vt 0.402832 0.029053
vt 0.424805 0.041748
vt 0.435059 0.044434
vt 0.432373 0.041260
vt 0.431641 0.040039
vt 0.436523 0.039551
vt 0.422119 0.037109
vt 0.429443 0.033691
vt 0.416016 0.031494
vt 0.414551 0.026367
vt 0.409424 0.024414
vt 0.410400 0.011963
vt 0.423096 0.027100
vt 0.412598 0.016113
vt 0.419678 0.012207
vt 0.421387 0.009766
vt 0.420654 0.015869
vt 0.428711 0.018555
vt 0.420898 0.019043
vt 0.427246 0.021240
vt 0.432861 0.025879
vt 0.429688 0.027344
vt 0.435059 0.027588
vt 0.435303 0.031006
vt 0.434570 0.035156
vt 0.459717 0.037598
vt 0.461914 0.040771
vt 0.460205 0.040771
vt 0.457520 0.034668
vt 0.457031 0.038818
vt 0.450439 0.036621
vt 0.453857 0.038330
vt 0.459473 0.041992
vt 0.464355 0.043457
vt 0.455811 0.041748
vt 0.458252 0.044922
vt 0.452393 0.041504
vt 0.450684 0.041016
vt 0.452393 0.044189
vt 0.448730 0.038818
vt 0.443359 0.040527
vt 0.447998 0.041504
vt 0.448975 0.043213
vt 0.454834 0.046387
vt 0.455811 0.051025
vt 0.453125 0.047119
vt 0.449707 0.044922
vt 0.446777 0.042725
vt 0.448242 0.046387
vt 0.452637 0.048828
vt 0.449219 0.050537
vt 0.445068 0.043945
vt 0.448242 0.048096
vt 0.443604 0.045166
vt 0.440430 0.046143
vt 0.444580 0.048096
vt 0.447021 0.050537
vt 0.443115 0.048828
vt 0.443115 0.050537
vt 0.031982 0.967529
vt 0.028809 0.967773
vt 0.028564 0.966309
vt 0.028809 0.964600
vt 0.031006 0.965576
vt 0.031250 0.964355
vt 0.027344 0.961426
vt 0.031494 0.963623
vt 0.029541 0.961670
vt 0.032471 0.962402
vt 0.031006 0.960449
vt 0.029053 0.958740
vt 0.027588 0.958008
vt 0.028076 0.956299
vt 0.018311 0.960938
vt 0.022705 0.962646
vt 0.019287 0.963379
vt 0.020996 0.964600
vt 0.020020 0.965332
vt 0.016846 0.965576
vt 0.017334 0.963623
vt 0.015869 0.962402
vt 0.015137 0.962158
vt 0.014648 0.963623
vt 0.012207 0.966797
vt 0.908447 0.600586
vt 0.903809 0.600586
vt 0.905762 0.595459
vt 0.906982 0.592041
vt 0.908691 0.587158
vt 0.909424 0.595947
vt 0.910400 0.593262
vt 0.913574 0.591309
vt 0.916504 0.598145
vt 0.911377 0.600586
vt 0.912109 0.603516
vt 0.914551 0.604248
vt 0.907471 0.603516
vt 0.912354 0.606934
vt 0.909424 0.605957
vt 0.912109 0.610107
vt 0.904053 0.603760
vt 0.907959 0.608154
vt 0.908691 0.609619
vt 0.904541 0.606689
vt 0.409424 0.829590
vt 0.399902 0.826172
vt 0.400879 0.823975
vt 0.390625 0.825928
vt 0.392578 0.823730
vt 0.393311 0.819336
vt 0.382568 0.817871
vt 0.389160 0.808105
vt 0.379150 0.816406
vt 0.378174 0.820557
vt 0.374268 0.821777
vt 0.372314 0.815186
vt 0.382568 0.809570
vt 0.384521 0.805664
vt 0.378906 0.807861
vt 0.381836 0.801758
vt 0.375244 0.808594
vt 0.378174 0.800293
vt 0.371094 0.821289
vt 0.378174 0.796143
vt 0.381104 0.795166
vt 0.372314 0.800537
vt 0.369141 0.795654
vt 0.374512 0.791016
vt 0.381104 0.789795
vt 0.370605 0.788818
vt 0.370850 0.784424
vt 0.369385 0.804688
vt 0.363525 0.800781
vt 0.363770 0.795410
vt 0.366943 0.789062
vt 0.363281 0.786865
vt 0.367432 0.808594
vt 0.360352 0.792236
vt 0.361572 0.800537
vt 0.359619 0.787354
vt 0.357178 0.785889
vt 0.356934 0.787842
vt 0.357422 0.790039
vt 0.355469 0.792480
vt 0.359863 0.795166
vt 0.357910 0.798340
vt 0.354736 0.796631
vt 0.353027 0.792969
vt 0.351807 0.797607
vt 0.358154 0.802490
vt 0.358887 0.807129
vt 0.351318 0.802246
vt 0.346924 0.795166
vt 0.350342 0.793457
vt 0.354492 0.807861
vt 0.347412 0.801514
vt 0.345459 0.799316
vt 0.345947 0.794922
vt 0.340332 0.797852
vt 0.348633 0.805176
vt 0.349609 0.810303
vt 0.353760 0.811035
vt 0.351807 0.813965
vt 0.353271 0.815918
vt 0.357422 0.813721
vt 0.361084 0.811523
vt 0.360352 0.816406
vt 0.365479 0.813965
vt 0.363525 0.817627
vt 0.359131 0.819580
vt 0.364990 0.819580
vt 0.376221 0.855957
vt 0.371094 0.864746
vt 0.368652 0.860107
vt 0.368896 0.866455
vt 0.365234 0.862793
vt 0.368164 0.867920
vt 0.365723 0.872803
vt 0.362793 0.855957
vt 0.361328 0.864014
vt 0.358154 0.847168
vt 0.362549 0.874268
vt 0.363525 0.881104
vt 0.361328 0.883057
vt 0.360840 0.875977
vt 0.355225 0.880859
vt 0.347412 0.893311
vt 0.359863 0.870361
vt 0.358643 0.862549
vt 0.359131 0.854736
vt 0.357666 0.869873
vt 0.352783 0.858154
vt 0.357666 0.849609
vt 0.354492 0.849365
vt 0.352783 0.846924
vt 0.353760 0.854248
vt 0.352051 0.844727
vt 0.359375 0.844727
vt 0.344971 0.845703
vt 0.349854 0.848633
vt 0.350830 0.851318
vt 0.348145 0.856445
vt 0.344971 0.855957
vt 0.342529 0.851074
vt 0.345947 0.862061
vt 0.339600 0.861084
vt 0.338623 0.851074
vt 0.345215 0.843262
vt 0.352295 0.842773
vt 0.339600 0.846680
vt 0.346436 0.839355
vt 0.339355 0.841797
vt 0.340332 0.840088
vt 0.340576 0.835693
vt 0.334473 0.837646
vt 0.337158 0.844971
vt 0.333008 0.843506
vt 0.334229 0.848389
vt 0.331055 0.848145
vt 0.333252 0.851562
vt 0.326416 0.848877
vt 0.327881 0.852051
vt 0.330566 0.857178
vt 0.333740 0.856689
vt 0.331787 0.863770
vt 0.327148 0.861572
vt 0.332275 0.867188
vt 0.325928 0.858154
vt 0.324463 0.854980
vt 0.324951 0.864502
vt 0.323242 0.859131
vt 0.320557 0.854492
vt 0.321289 0.866211
vt 0.325928 0.868652
vt 0.344482 0.864014
vt 0.330811 0.870117
vt 0.348145 0.866699
vt 0.344238 0.867676
vt 0.337646 0.873535
vt 0.330322 0.872803
vt 0.341064 0.877686
vt 0.334229 0.878662
vt 0.323730 0.871094
vt 0.327148 0.876221
vt 0.339355 0.881104
vt 0.333496 0.881348
vt 0.344971 0.877930
vt 0.343750 0.881592
vt 0.348389 0.877197
vt 0.339600 0.884521
vt 0.347412 0.883789
vt 0.351807 0.875732
vt 0.353760 0.871338
vt 0.353516 0.878906
vt 0.350586 0.883545
vt 0.345947 0.891113
vt 0.344727 0.896240
vt 0.353027 0.895508
vt 0.342285 0.890625
vt 0.337891 0.897217
vt 0.335693 0.891113
vt 0.341309 0.886230
vt 0.333496 0.887451
vt 0.329834 0.893311
vt 0.331787 0.883789
vt 0.325928 0.885254
vt 0.326172 0.876953
vt 0.324951 0.891602
vt 0.324951 0.882080
vt 0.321045 0.885986
vt 0.319092 0.883789
vt 0.317871 0.889160
vt 0.315430 0.888428
vt 0.313721 0.890869
vt 0.313721 0.887451
vt 0.318359 0.881348
vt 0.318359 0.876465
vt 0.315186 0.878906
vt 0.317139 0.874268
vt 0.314941 0.883057
vt 0.313721 0.874023
vt 0.312744 0.869385
vt 0.320801 0.872314
vt 0.317383 0.871338
vt 0.318848 0.869629
vt 0.314453 0.868164
vt 0.313721 0.864258
vt 0.310303 0.863525
vt 0.317383 0.859131
vt 0.311523 0.857910
vt 0.313232 0.854736
vt 0.308105 0.854492
vt 0.312500 0.852539
vt 0.316162 0.854492
vt 0.314941 0.853027
vt 0.318848 0.852539
vt 0.316162 0.850342
vt 0.318115 0.845703
vt 0.319336 0.848145
vt 0.322510 0.845703
vt 0.322754 0.841797
vt 0.327393 0.845459
vt 0.332275 0.842041
vt 0.329346 0.841309
vt 0.331787 0.838867
vt 0.312256 0.885010
vt 0.308594 0.884521
vt 0.309326 0.887451
vt 0.311279 0.883057
vt 0.308350 0.889160
vt 0.312012 0.879639
vt 0.307129 0.882812
vt 0.311279 0.877686
vt 0.308594 0.881592
vt 0.307373 0.878662
vt 0.307129 0.877197
vt 0.304688 0.880127
vt 0.303223 0.877930
vt 0.305420 0.884521
vt 0.304199 0.882812
vt 0.302246 0.881104
vt 0.304688 0.887207
vt 0.301025 0.885986
vt 0.299561 0.883057
vt 0.299805 0.879883
vt 0.294678 0.882812
vt 0.296143 0.885254
vt 0.299316 0.887939
vt 0.299072 0.892822
vt 0.301514 0.890381
vt 0.304443 0.888672
vt 0.303467 0.890137
vt 0.303223 0.891846
vt 0.304688 0.895264
vt 0.308105 0.891846
vt 0.310303 0.894775
vt 0.310791 0.890869
vt 0.037598 0.460938
vt 0.037842 0.457520
vt 0.040527 0.458984
vt 0.041260 0.462402
vt 0.035889 0.465088
vt 0.034180 0.459473
vt 0.031982 0.457764
vt 0.034424 0.462891
vt 0.032471 0.461914
vt 0.030762 0.461670
vt 0.029053 0.460205
vt 0.033203 0.464355
vt 0.028076 0.462402
vt 0.026367 0.462646
vt 0.030518 0.464600
vt 0.028320 0.465576
vt 0.032959 0.468262
vt 0.031006 0.466064
vt 0.030273 0.467285
vt 0.029297 0.467773
vt 0.025391 0.467773
vt 0.044434 0.475830
vt 0.040527 0.474365
vt 0.044434 0.473877
vt 0.042969 0.476807
vt 0.034424 0.474365
vt 0.037598 0.476562
vt 0.043945 0.478760
vt 0.031494 0.476074
vt 0.038574 0.479736
vt 0.033691 0.479492
vt 0.041748 0.482178
vt 0.045410 0.480469
vt 0.037354 0.483154
vt 0.032715 0.480713
vt 0.030762 0.480225
vt 0.033203 0.482666
vt 0.039551 0.485596
vt 0.031006 0.482422
vt 0.030273 0.484375
vt 0.033447 0.486084
vt 0.031982 0.488525
vt 0.035889 0.486084
vt 0.036621 0.490234
vt 0.039307 0.495605
vt 0.040283 0.487549
vt 0.041016 0.490967
vt 0.044922 0.487549
vt 0.047119 0.488037
vt 0.041016 0.496338
vt 0.049316 0.488037
vt 0.050293 0.484375
vt 0.047363 0.484863
vt 0.047852 0.481689
vt 0.044189 0.485107
vt 0.053223 0.995605
vt 0.051025 0.995605
vt 0.053711 0.987793
vt 0.052490 0.988281
vt 0.061279 0.994873
vt 0.059814 0.993652
vt 0.050781 0.981445
vt 0.052246 0.977539
vt 0.051758 0.971680
vt 0.058105 0.985840
vt 0.063721 0.989746
vt 0.064941 0.980713
vt 0.067383 0.986572
vt 0.748779 0.024414
vt 0.748535 0.017334
vt 0.751221 0.023926
vt 0.752197 0.016357
vt 0.742676 0.017334
vt 0.749268 0.012207
vt 0.754883 0.010254
vt 0.740967 0.016846
vt 0.741455 0.011719
vt 0.755371 0.005615
vt 0.760498 0.001953
vt 0.753906 0.003174
vt 0.746094 0.004150
vt 0.753662 0.000977
vt 0.742676 0.010010
vt 0.741211 0.007568
vt 0.741455 0.003662
vt 0.738770 0.001465
vt 0.404785 0.984619
vt 0.409668 0.977539
vt 0.413330 0.979004
vt 0.419678 0.974609
vt 0.421875 0.980957
vt 0.427246 0.987061
vt 0.425781 0.982666
vt 0.423340 0.974121
vt 0.407959 0.964355
vt 0.403809 0.958008
vt 0.427246 0.975830
vt 0.423828 0.972412
vt 0.426270 0.970459
vt 0.422607 0.956787
vt 0.411377 0.953369
vt 0.409912 0.950439
vt 0.415283 0.963379
vt 0.417480 0.963379
vt 0.415039 0.955322
vt 0.420410 0.950439
vt 0.665283 0.832031
vt 0.665039 0.831055
vt 0.671631 0.830566
vt 0.663086 0.827393
vt 0.655762 0.832764
vt 0.675537 0.833984
vt 0.654541 0.833740
vt 0.662598 0.835938
vt 0.669189 0.839600
vt 0.652832 0.837646
vt 0.646240 0.832764
vt 0.674072 0.831787
vt 0.675537 0.823242
vt 0.666992 0.843994
vt 0.664307 0.843506
vt 0.659424 0.840820
vt 0.654541 0.844971
vt 0.650146 0.840820
vt 0.650635 0.845215
vt 0.649414 0.843750
vt 0.644043 0.834473
vt 0.642334 0.852051
vt 0.634277 0.846680
vt 0.641602 0.854736
vt 0.650391 0.851562
vt 0.643311 0.863037
vt 0.630859 0.854980
vt 0.622314 0.858398
vt 0.632568 0.842285
vt 0.642090 0.833496
vt 0.620117 0.851074
vt 0.608887 0.868896
vt 0.617920 0.863281
vt 0.625000 0.841309
vt 0.606445 0.843994
vt 0.620605 0.830078
vt 0.636230 0.833008
vt 0.632568 0.863281
vt 0.612305 0.870117
vt 0.643799 0.864502
vt 0.633545 0.867920
vt 0.636719 0.831543
vt 0.622070 0.828857
vt 0.614746 0.816406
vt 0.625732 0.818359
vt 0.635498 0.821045
vt 0.640625 0.828613
vt 0.641846 0.827148
vt 0.637695 0.820312
vt 0.636719 0.819092
vt 0.646240 0.817383
vt 0.649414 0.831543
vt 0.648193 0.827148
vt 0.657959 0.826660
vt 0.662598 0.824951
vt 0.659668 0.818115
vt 0.648926 0.824463
vt 0.655029 0.821045
vt 0.656006 0.819092
vt 0.650146 0.820068
vt 0.647949 0.821045
vt 0.412354 0.890381
vt 0.406982 0.893066
vt 0.407227 0.887939
vt 0.405273 0.890137
vt 0.404785 0.891113
vt 0.411133 0.894287
vt 0.415527 0.895508
vt 0.416016 0.901367
vt 0.405029 0.894531
vt 0.407471 0.894531
vt 0.404297 0.899170
vt 0.404541 0.901855
vt 0.401855 0.905029
vt 0.402344 0.912109
vt 0.400635 0.912598
vt 0.399658 0.919678
vt 0.408691 0.905518
vt 0.400146 0.921143
vt 0.394775 0.927979
vt 0.405273 0.921631
vt 0.411621 0.905273
vt 0.395996 0.929932
vt 0.391602 0.938232
vt 0.392578 0.938965
vt 0.395752 0.935547
vt 0.413086 0.912109
vt 0.417480 0.912842
vt 0.407715 0.922607
vt 0.413818 0.925293
vt 0.406006 0.927979
vt 0.405518 0.934082
vt 0.218018 0.416504
vt 0.219971 0.415771
vt 0.220947 0.418213
vt 0.212646 0.414795
vt 0.216064 0.420898
vt 0.220703 0.425293
vt 0.222900 0.426514
vt 0.223145 0.433838
vt 0.212891 0.416504
vt 0.219971 0.433838
vt 0.223877 0.439941
vt 0.217285 0.428711
vt 0.218506 0.434814
vt 0.223145 0.440186
vt 0.216797 0.437988
vt 0.216797 0.429932
vt 0.213379 0.429443
vt 0.212891 0.429443
vt 0.216309 0.427246
vt 0.211426 0.421875
vt 0.210938 0.425781
vt 0.215576 0.422119
vt 0.234863 0.941162
vt 0.234619 0.935791
vt 0.238037 0.942383
vt 0.236572 0.930176
vt 0.249756 0.944580
vt 0.235352 0.926758
vt 0.241455 0.926025
vt 0.229980 0.921631
vt 0.247559 0.929199
vt 0.249756 0.916992
vt 0.241943 0.915771
vt 0.252686 0.927734
vt 0.254395 0.929932
vt 0.260010 0.928467
vt 0.262939 0.925293
vt 0.262695 0.918457
vt 0.270020 0.930664
vt 0.263672 0.933105
vt 0.269531 0.933838
vt 0.259277 0.934326
vt 0.263672 0.934082
vt 0.262207 0.938721
vt 0.262695 0.944092
vt 0.036133 0.069580
vt 0.035400 0.066895
vt 0.042725 0.072754
vt 0.041016 0.065918
vt 0.046143 0.069580
vt 0.052002 0.074463
vt 0.043701 0.078125
vt 0.034912 0.074463
vt 0.051025 0.083984
vt 0.040527 0.079346
vt 0.034668 0.077393
vt 0.039062 0.083496
vt 0.033936 0.080078
vt 0.036133 0.085205
vt 0.038330 0.084961
vt 0.050293 0.092529
vt 0.052490 0.092041
vt 0.061035 0.095703
vt 0.064453 0.092529
vt 0.069336 0.092773
vt 0.073486 0.090332
vt 0.072998 0.089355
vt 0.059082 0.086914
vt 0.064209 0.083740
vt 0.058105 0.083008
vt 0.058105 0.077881
vt 0.728516 0.991211
vt 0.714355 0.982178
vt 0.730225 0.989990
vt 0.706787 0.980957
vt 0.694092 0.975830
vt 0.723389 0.970459
vt 0.692139 0.976807
vt 0.694336 0.965088
vt 0.707275 0.997070
vt 0.401367 0.688232
vt 0.395264 0.686279
vt 0.395996 0.685059
vt 0.399658 0.685303
vt 0.403320 0.686523
vt 0.395264 0.682617
vt 0.405029 0.684814
vt 0.401611 0.684082
vt 0.398682 0.683350
vt 0.398193 0.679688
vt 0.399902 0.681152
vt 0.404297 0.683105
vt 0.402588 0.681641
vt 0.400879 0.677734
vt 0.404297 0.679443
vt 0.406738 0.681152
vt 0.406250 0.678223
vt 0.409180 0.678467
vt 0.403320 0.675781
vt 0.405762 0.675293
vt 0.403564 0.672852
vt 0.402100 0.673340
vt 0.402100 0.671387
vt 0.400635 0.675049
vt 0.398438 0.674316
vt 0.395996 0.672363
vt 0.396240 0.677979
vt 0.394287 0.673828
vt 0.394775 0.678467
vt 0.360352 0.612305
vt 0.363281 0.611084
vt 0.365723 0.619141
vt 0.360107 0.617920
vt 0.328369 0.647705
vt 0.335693 0.640869
vt 0.333740 0.648926
vt 0.339844 0.639648
vt 0.358398 0.620850
vt 0.363770 0.621826
vt 0.361572 0.623535
vt 0.358154 0.625488
vt 0.364990 0.628418
vt 0.361328 0.628906
vt 0.369629 0.627197
vt 0.356689 0.630859
vt 0.352051 0.629639
vt 0.351807 0.639160
vt 0.363525 0.632812
vt 0.344238 0.627686
vt 0.344238 0.636230
vt 0.348145 0.637695
vt 0.338379 0.647949
vt 0.346680 0.645752
vt 0.357910 0.639893
vt 0.351807 0.643066
vt 0.351074 0.647217
vt 0.339844 0.654297
vt 0.345459 0.652588
vt 0.337646 0.654785
vt 0.334717 0.660645
vt 0.340820 0.663574
vt 0.330566 0.655273
vt 0.331543 0.661377
vt 0.327637 0.651611
vt 0.326904 0.654785
vt 0.327637 0.659668
vt 0.328369 0.662842
vt 0.339111 0.666748
vt 0.332520 0.668213
vt 0.330566 0.669189
vt 0.339111 0.672607
vt 0.346680 0.675537
vt 0.343018 0.679199
vt 0.336182 0.677246
vt 0.343262 0.676270
vt 0.346191 0.684814
vt 0.350342 0.681152
vt 0.352783 0.685303
vt 0.351807 0.691162
vt 0.360840 0.684082
vt 0.359863 0.681885
vt 0.363525 0.687988
vt 0.358643 0.679688
vt 0.353271 0.679199
vt 0.357666 0.677979
vt 0.368408 0.682373
vt 0.367432 0.679932
vt 0.367676 0.677490
vt 0.362061 0.677490
vt 0.375000 0.676025
vt 0.373535 0.680908
vt 0.370361 0.684326
vt 0.377930 0.681885
vt 0.378418 0.675781
vt 0.380859 0.677490
vt 0.387939 0.677734
vt 0.381104 0.671875
vt 0.373779 0.673584
vt 0.379150 0.669678
vt 0.384277 0.669189
vt 0.388672 0.670654
vt 0.381592 0.662598
vt 0.387451 0.664307
vt 0.390381 0.665771
vt 0.377686 0.667480
vt 0.374023 0.669922
vt 0.374756 0.659912
vt 0.379639 0.657227
vt 0.369629 0.669922
vt 0.382324 0.654297
vt 0.372803 0.666992
vt 0.368896 0.660889
vt 0.374756 0.655029
vt 0.364014 0.674561
vt 0.365479 0.670898
vt 0.365479 0.666016
vt 0.361572 0.671387
vt 0.355957 0.674561
vt 0.351807 0.675537
vt 0.359863 0.668701
vt 0.349365 0.673584
vt 0.363037 0.663330
vt 0.351562 0.670166
vt 0.345947 0.666992
vt 0.357910 0.666260
vt 0.350098 0.664795
vt 0.343506 0.661865
vt 0.343018 0.656006
vt 0.346680 0.660156
vt 0.361572 0.662109
vt 0.353516 0.659668
vt 0.352051 0.653564
vt 0.357178 0.657471
vt 0.354980 0.648682
vt 0.358887 0.646973
vt 0.359619 0.652344
vt 0.362549 0.641846
vt 0.365967 0.655029
vt 0.365967 0.643311
vt 0.364258 0.638428
vt 0.366943 0.646973
vt 0.369385 0.650391
vt 0.371582 0.645752
vt 0.375977 0.650391
vt 0.374756 0.644043
vt 0.368408 0.636719
vt 0.381104 0.647949
vt 0.374268 0.631592
vt 0.376465 0.634766
vt 0.384521 0.654541
vt 0.389160 0.660889
vt 0.386475 0.651367
vt 0.390381 0.654785
vt 0.386230 0.647949
vt 0.381104 0.645508
vt 0.374268 0.640869
vt 0.380615 0.643555
vt 0.371338 0.637695
vt 0.376953 0.640625
vt 0.379150 0.635254
vt 0.385254 0.643311
vt 0.381592 0.640869
vt 0.387695 0.641113
vt 0.386719 0.636719
vt 0.377686 0.629150
vt 0.390625 0.637451
vt 0.382080 0.635742
vt 0.382324 0.631348
vt 0.387939 0.631348
vt 0.390137 0.627930
vt 0.394287 0.630127
vt 0.382080 0.626709
vt 0.391846 0.621826
vt 0.379395 0.627197
vt 0.377197 0.626465
vt 0.379639 0.624023
vt 0.386230 0.626221
vt 0.376221 0.623779
vt 0.385742 0.623047
vt 0.382568 0.617432
vt 0.386475 0.616943
vt 0.378906 0.618164
vt 0.381348 0.613770
vt 0.378662 0.614258
vt 0.375732 0.616699
vt 0.373535 0.612305
vt 0.371338 0.608643
vt 0.370850 0.617920
vt 0.367432 0.612793
vt 0.369141 0.620117
vt 0.314941 0.759766
vt 0.308350 0.753906
vt 0.308594 0.750488
vt 0.321045 0.759766
vt 0.304199 0.750488
vt 0.300537 0.747070
vt 0.300537 0.744385
vt 0.307617 0.748047
vt 0.301758 0.741211
vt 0.307373 0.742188
vt 0.302002 0.734375
vt 0.307861 0.735840
vt 0.322510 0.751221
vt 0.327148 0.760010
vt 0.316162 0.746582
vt 0.311768 0.726807
vt 0.315918 0.723633
vt 0.315186 0.731445
vt 0.314453 0.740234
vt 0.319580 0.724365
vt 0.318848 0.743164
vt 0.320312 0.730469
vt 0.328125 0.721436
vt 0.323975 0.725586
vt 0.328613 0.727783
vt 0.322510 0.737305
vt 0.322266 0.745605
vt 0.324219 0.740479
vt 0.339355 0.728271
vt 0.336914 0.722900
vt 0.337646 0.723145
vt 0.327393 0.743164
vt 0.329834 0.734131
vt 0.337891 0.733154
vt 0.331787 0.740479
vt 0.328125 0.749268
vt 0.331787 0.752197
vt 0.332764 0.757568
vt 0.333984 0.749512
vt 0.337158 0.749023
vt 0.334961 0.741699
vt 0.333740 0.759766
vt 0.329590 0.761475
vt 0.332031 0.763916
vt 0.337891 0.737305
vt 0.341309 0.741699
vt 0.343750 0.740234
vt 0.340576 0.745850
vt 0.342041 0.751709
vt 0.345703 0.748047
vt 0.338623 0.756836
vt 0.353516 0.754883
vt 0.351074 0.761230
vt 0.348389 0.764893
vt 0.334229 0.767822
vt 0.353027 0.761230
vt 0.350342 0.768555
vt 0.352295 0.767334
vt 0.357910 0.765869
vt 0.356201 0.768311
vt 0.362549 0.758789
vt 0.355469 0.770264
vt 0.357910 0.771484
vt 0.357422 0.773682
vt 0.356934 0.773682
vt 0.354004 0.772217
vt 0.350098 0.771484
vt 0.346924 0.772949
vt 0.370117 0.747559
vt 0.364746 0.746338
vt 0.362549 0.743408
vt 0.363770 0.736572
vt 0.371826 0.739014
vt 0.363770 0.729980
vt 0.354004 0.731689
vt 0.346436 0.724854
vt 0.355957 0.735352
vt 0.343994 0.729980
vt 0.343262 0.734131
vt 0.350830 0.736816
vt 0.347412 0.739258
vt 0.354980 0.738281
vt 0.351318 0.742920
vt 0.353516 0.749756
vt 0.355225 0.746338
vt 0.355713 0.753662
vt 0.357422 0.756348
vt 0.357910 0.746094
vt 0.358398 0.751709
vt 0.360840 0.746338
vt 0.494141 0.848633
vt 0.499268 0.851318
vt 0.492676 0.852051
vt 0.500000 0.857910
vt 0.503174 0.853027
vt 0.488770 0.855957
vt 0.488525 0.861572
vt 0.502441 0.856934
vt 0.505371 0.853516
vt 0.496338 0.865234
vt 0.499023 0.862793
vt 0.508789 0.858643
vt 0.496582 0.872559
vt 0.488037 0.868652
vt 0.479492 0.866699
vt 0.481201 0.872070
vt 0.494141 0.874023
vt 0.482910 0.876709
vt 0.480713 0.876709
vt 0.491943 0.882080
vt 0.488281 0.886963
vt 0.483887 0.887939
vt 0.495361 0.895264
vt 0.493164 0.884766
vt 0.496582 0.893799
vt 0.502197 0.892090
vt 0.497803 0.881104
vt 0.501465 0.882568
vt 0.508789 0.882324
vt 0.501465 0.873291
vt 0.504883 0.875488
vt 0.506592 0.867920
vt 0.513916 0.869629
vt 0.514404 0.865234
vt 0.519531 0.869141
vt 0.515381 0.858887
vt 0.520508 0.861084
vt 0.524414 0.864990
vt 0.514893 0.855469
vt 0.512939 0.853516
vt 0.041748 0.278076
vt 0.042236 0.283691
vt 0.039307 0.281494
vt 0.037354 0.286133
vt 0.038818 0.279053
vt 0.036621 0.281738
vt 0.036621 0.276611
vt 0.035889 0.284180
vt 0.034668 0.278809
vt 0.032227 0.283447
vt 0.035645 0.273193
vt 0.033936 0.275879
vt 0.032715 0.272217
vt 0.030518 0.273926
vt 0.028564 0.272217
vt 0.031006 0.277100
vt 0.031494 0.281006
vt 0.026855 0.280029
vt 0.026123 0.275391
vt 0.023926 0.272949
vt 0.026123 0.284424
vt 0.025391 0.278564
vt 0.023438 0.283447
vt 0.022217 0.278076
vt 0.019775 0.283203
vt 0.022705 0.275635
vt 0.020508 0.274170
vt 0.020264 0.278809
vt 0.013672 0.285400
vt 0.013428 0.281738
vt 0.016357 0.280273
vt 0.017334 0.278320
vt 0.014893 0.279053
vt 0.017090 0.276611
vt 0.014404 0.277344
vt 0.421875 0.994385
vt 0.420898 0.993408
vt 0.424316 0.993652
vt 0.411377 0.991455
vt 0.415039 0.995605
vt 0.411133 0.995361
vt 0.412842 0.997314
vt 0.408447 0.998535
vt 0.408447 0.996582
vt 0.409668 0.994141
vt 0.406738 0.992676
vt 0.028809 0.293213
vt 0.027588 0.291748
vt 0.030762 0.290039
vt 0.026855 0.286865
vt 0.029541 0.285645
vt 0.032715 0.287354
vt 0.033936 0.289062
vt 0.057861 0.788818
vt 0.053711 0.781494
vt 0.060303 0.786377
vt 0.064697 0.815674
vt 0.067139 0.819580
vt 0.063965 0.818115
vt 0.060303 0.818848
vt 0.064453 0.821045
vt 0.060547 0.821777
vt 0.056885 0.821533
vt 0.057129 0.824951
vt 0.062988 0.823730
vt 0.059570 0.825195
vt 0.065186 0.824951
vt 0.068604 0.821289
vt 0.061523 0.828125
vt 0.060547 0.830322
vt 0.064453 0.830811
vt 0.068604 0.826660
vt 0.071533 0.826416
vt 0.066650 0.829590
vt 0.070557 0.831299
vt 0.067139 0.833740
vt 0.073242 0.833496
vt 0.069824 0.834473
vt 0.067871 0.838867
vt 0.070557 0.839844
vt 0.065674 0.837646
vt 0.065918 0.842285
vt 0.070068 0.844238
vt 0.061279 0.840332
vt 0.058350 0.843262
vt 0.062012 0.836426
vt 0.058105 0.838135
vt 0.055420 0.837402
vt 0.061035 0.833496
vt 0.057861 0.835449
vt 0.059082 0.833496
vt 0.056885 0.831299
vt 0.055176 0.831299
vt 0.737305 0.991211
vt 0.741455 0.989990
vt 0.738525 0.994385
vt 0.734863 0.996582
vt 0.738770 0.998535
vt 0.740479 0.996338
vt 0.744385 0.998535
vt 0.742188 0.993408
vt 0.744873 0.996338
vt 0.749268 0.997314
vt 0.744141 0.992188
vt 0.745361 0.988281
vt 0.747070 0.992432
vt 0.749512 0.994141
vt 0.754150 0.994873
vt 0.753662 0.991455
vt 0.750244 0.989990
vt 0.750732 0.988770
vt 0.752686 0.987061
vt 0.747559 0.987305
vt 0.750488 0.985352
vt 0.752686 0.984375
vt 0.971680 0.987305
vt 0.970947 0.986328
vt 0.972900 0.980957
vt 0.971191 0.979980
vt 0.958984 0.979492
vt 0.966797 0.986084
vt 0.958496 0.986816
vt 0.962891 0.983398
vt 0.953369 0.976318
vt 0.949951 0.963379
vt 0.957764 0.981689
vt 0.951172 0.980469
vt 0.958740 0.984131
vt 0.955811 0.982910
vt 0.950928 0.985107
vt 0.947510 0.989990
vt 0.952148 0.982178
vt 0.948730 0.981689
vt 0.946777 0.980469
vt 0.944336 0.981689
vt 0.950195 0.982666
vt 0.947510 0.985107
vt 0.948242 0.983643
vt 0.942871 0.986328
vt 0.892090 0.917236
vt 0.888428 0.909668
vt 0.894043 0.916260
vt 0.891357 0.906006
vt 0.897705 0.923340
vt 0.896973 0.901611
vt 0.888184 0.888672
vt 0.870117 0.914307
vt 0.879395 0.924072
vt 0.885254 0.904053
vt 0.863281 0.913574
vt 0.881104 0.903076
vt 0.887939 0.900879
vt 0.883301 0.896973
vt 0.882080 0.901367
vt 0.879150 0.897705
vt 0.878418 0.898193
vt 0.872803 0.894043
vt 0.875488 0.889648
vt 0.863525 0.883057
vt 0.889893 0.886230
vt 0.882568 0.883301
vt 0.876221 0.879883
vt 0.875977 0.897949
vt 0.863037 0.889648
vt 0.869629 0.895020
vt 0.869629 0.906006
vt 0.864258 0.892090
vt 0.860596 0.905518
vt 0.861816 0.890381
vt 0.854492 0.905029
vt 0.855469 0.901611
vt 0.855469 0.895996
vt 0.842773 0.898438
vt 0.857422 0.911865
vt 0.858154 0.921631
vt 0.852783 0.921875
vt 0.851074 0.919678
vt 0.848633 0.891846
vt 0.855713 0.890137
vt 0.851318 0.888916
vt 0.855713 0.888672
vt 0.850098 0.885498
vt 0.842285 0.906982
vt 0.845703 0.914795
vt 0.847412 0.921143
vt 0.841797 0.913818
vt 0.840088 0.909424
vt 0.840576 0.907471
vt 0.842285 0.900635
vt 0.841309 0.899170
vt 0.813721 0.127686
vt 0.810791 0.127197
vt 0.812744 0.125977
vt 0.811035 0.124023
vt 0.815918 0.125488
vt 0.816162 0.129395
vt 0.820312 0.130615
vt 0.820801 0.125000
vt 0.808350 0.123535
vt 0.812012 0.122314
vt 0.816406 0.122803
vt 0.818359 0.120117
vt 0.820557 0.120361
vt 0.818115 0.117188
vt 0.823730 0.116211
vt 0.818359 0.114014
vt 0.817871 0.111328
vt 0.815430 0.113281
vt 0.815918 0.116943
vt 0.812500 0.119141
vt 0.811768 0.114746
vt 0.814697 0.110596
vt 0.814941 0.108154
vt 0.812256 0.110840
vt 0.811035 0.107910
vt 0.812256 0.105225
vt 0.807373 0.105469
vt 0.809570 0.108887
vt 0.809082 0.111572
vt 0.808594 0.114258
vt 0.804932 0.109131
vt 0.810303 0.118164
vt 0.806152 0.118652
vt 0.808105 0.119141
vt 0.809814 0.122559
vt 0.803955 0.128418
vt 0.802490 0.116943
vt 0.802979 0.107422
vt 0.803223 0.127686
vt 0.797852 0.118896
vt 0.798340 0.110840
vt 0.799316 0.126953
vt 0.799561 0.133057
vt 0.794678 0.115479
vt 0.791748 0.123291
vt 0.793701 0.129395
vt 0.790527 0.104248
vt 0.792725 0.133789
vt 0.791748 0.137451
vt 0.788330 0.136230
vt 0.787598 0.139893
vt 0.785889 0.139160
vt 0.786377 0.142090
vt 0.788818 0.130615
vt 0.781982 0.140137
vt 0.778076 0.143555
vt 0.787109 0.127686
vt 0.775635 0.138184
vt 0.779053 0.134033
vt 0.779297 0.129395
vt 0.769775 0.136719
vt 0.787598 0.119141
vt 0.770020 0.141602
vt 0.772461 0.138672
vt 0.764404 0.140137
vt 0.765137 0.143066
vt 0.760010 0.143311
vt 0.759033 0.140137
vt 0.756104 0.141846
vt 0.763184 0.137939
vt 0.755371 0.137695
vt 0.749023 0.138916
vt 0.745361 0.134277
vt 0.758057 0.136230
vt 0.751953 0.135010
vt 0.753174 0.132812
vt 0.743896 0.126709
vt 0.760254 0.134766
vt 0.768066 0.135498
vt 0.774414 0.131592
vt 0.769287 0.132080
vt 0.774902 0.128662
vt 0.762939 0.131836
vt 0.755615 0.130859
vt 0.770508 0.129639
vt 0.758301 0.128662
vt 0.750488 0.126709
vt 0.741943 0.121338
vt 0.741211 0.127441
vt 0.765381 0.129150
vt 0.768066 0.123779
vt 0.754639 0.125000
vt 0.759521 0.127197
vt 0.764648 0.123779
vt 0.762451 0.121338
vt 0.772705 0.126465
vt 0.773193 0.122314
vt 0.766113 0.114014
vt 0.757812 0.121094
vt 0.759521 0.109863
vt 0.769775 0.112305
vt 0.776367 0.120850
vt 0.778809 0.126221
vt 0.782471 0.123291
vt 0.782227 0.120117
vt 0.784912 0.124268
vt 0.775391 0.112061
vt 0.781982 0.111328
vt 0.768555 0.104980
vt 0.785156 0.113525
vt 0.791260 0.112305
vt 0.787842 0.108887
vt 0.782715 0.104736
vt 0.774658 0.103027
vt 0.785400 0.100098
vt 0.777100 0.097412
vt 0.763672 0.099365
vt 0.789551 0.098389
vt 0.783203 0.094727
vt 0.776611 0.093262
vt 0.787109 0.092773
vt 0.794434 0.101074
vt 0.798340 0.104492
vt 0.797119 0.098145
vt 0.792236 0.094727
vt 0.801025 0.102295
vt 0.803711 0.095947
vt 0.780518 0.089111
vt 0.781982 0.086182
vt 0.771240 0.090820
vt 0.775146 0.085449
vt 0.764404 0.093994
vt 0.792480 0.092041
vt 0.769531 0.086914
vt 0.776367 0.082764
vt 0.768555 0.083984
vt 0.762695 0.090088
vt 0.762451 0.085693
vt 0.759766 0.100586
vt 0.757568 0.095215
vt 0.759277 0.106445
vt 0.754395 0.103516
vt 0.752686 0.111328
vt 0.753418 0.097168
vt 0.757568 0.091309
vt 0.754639 0.089355
vt 0.749023 0.097168
vt 0.747314 0.103027
vt 0.749756 0.092041
vt 0.744629 0.095703
vt 0.742676 0.105225
vt 0.746094 0.110596
vt 0.750732 0.087891
vt 0.736084 0.100586
vt 0.754639 0.114746
vt 0.743896 0.114258
vt 0.753174 0.119629
vt 0.747070 0.120361
vt 0.739502 0.112305
vt 0.736572 0.113281
vt 0.745605 0.092285
vt 0.744629 0.089600
vt 0.739502 0.091309
vt 0.750488 0.084229
vt 0.746826 0.083740
vt 0.738525 0.085938
vt 0.759766 0.080078
vt 0.753174 0.077393
vt 0.739258 0.083740
vt 0.745117 0.079590
vt 0.751465 0.071777
vt 0.755615 0.071777
vt 0.759766 0.071045
vt 0.766357 0.074707
vt 0.757324 0.084961
vt 0.763428 0.082520
vt 0.766846 0.078125
vt 0.774658 0.075195
vt 0.775146 0.070312
vt 0.780518 0.071777
vt 0.781006 0.074463
vt 0.782715 0.077148
vt 0.770020 0.081787
vt 0.770996 0.080566
vt 0.778564 0.080322
vt 0.784180 0.080566
vt 0.787598 0.084717
vt 0.792480 0.081787
vt 0.790771 0.087158
vt 0.796875 0.082764
vt 0.799561 0.076416
vt 0.798340 0.084717
vt 0.796387 0.092041
vt 0.801758 0.080078
vt 0.799561 0.096191
vt 0.801514 0.090820
vt 0.802490 0.075195
vt 0.803223 0.085938
vt 0.805176 0.081299
vt 0.806396 0.086914
vt 0.806152 0.091553
vt 0.806396 0.079346
vt 0.811035 0.087402
vt 0.811035 0.094971
vt 0.815430 0.091309
vt 0.810303 0.083252
vt 0.814453 0.083008
vt 0.808838 0.076172
vt 0.818848 0.083740
vt 0.819824 0.087891
vt 0.824463 0.085205
vt 0.810547 0.072754
vt 0.804932 0.072510
vt 0.822998 0.080811
vt 0.829102 0.081299
vt 0.817139 0.080078
vt 0.818359 0.076660
vt 0.824219 0.075439
vt 0.811768 0.070557
vt 0.810547 0.066895
vt 0.820068 0.072998
vt 0.825195 0.074951
vt 0.824463 0.070801
vt 0.829346 0.075195
vt 0.827637 0.068848
vt 0.832275 0.073975
vt 0.819580 0.067383
vt 0.828857 0.066650
vt 0.830322 0.065430
vt 0.822266 0.063477
vt 0.817871 0.065430
vt 0.816406 0.063477
vt 0.644287 0.728516
vt 0.644531 0.733887
vt 0.642822 0.730225
vt 0.642578 0.726318
vt 0.641602 0.724609
vt 0.640381 0.725830
vt 0.642578 0.732910
vt 0.641602 0.735352
vt 0.640381 0.729004
vt 0.639160 0.728027
vt 0.636719 0.727051
vt 0.636963 0.729004
vt 0.630371 0.729004
vt 0.640137 0.731201
vt 0.633545 0.731201
vt 0.638184 0.730957
vt 0.634766 0.732666
vt 0.629883 0.734375
vt 0.640137 0.733154
vt 0.634033 0.736328
vt 0.640137 0.735596
vt 0.640381 0.736816
vt 0.638672 0.734619
vt 0.638672 0.737061
vt 0.634766 0.738770
vt 0.629883 0.739990
vt 0.635254 0.741211
vt 0.629639 0.742188
vt 0.935059 0.550049
vt 0.935303 0.553467
vt 0.925537 0.550781
vt 0.934326 0.547119
vt 0.924316 0.542725
vt 0.919922 0.544922
vt 0.922852 0.542725
vt 0.926270 0.541260
vt 0.933594 0.544434
vt 0.931885 0.541016
vt 0.955811 0.528320
vt 0.956787 0.522461
vt 0.960205 0.527100
vt 0.962158 0.520752
vt 0.960693 0.531006
vt 0.965332 0.525391
vt 0.966064 0.519287
vt 0.970947 0.525635
vt 0.967529 0.528809
vt 0.966553 0.533203
vt 0.968994 0.534668
vt 0.963867 0.535645
vt 0.957764 0.534912
vt 0.954590 0.534424
vt 0.959473 0.536133
vt 0.968994 0.541504
vt 0.964600 0.543213
vt 0.955566 0.535156
vt 0.957764 0.539062
vt 0.960938 0.542725
vt 0.963379 0.546631
vt 0.957520 0.540527
vt 0.960205 0.544922
vt 0.959717 0.550049
vt 0.955811 0.546143
vt 0.957031 0.550537
vt 0.959961 0.553467
vt 0.155518 0.194336
vt 0.155518 0.187500
vt 0.158203 0.188232
vt 0.157715 0.182129
vt 0.160645 0.185547
vt 0.167725 0.188232
vt 0.163330 0.189697
vt 0.158203 0.199219
vt 0.161377 0.194824
vt 0.166504 0.193848
vt 0.173340 0.195068
vt 0.175781 0.187988
vt 0.180664 0.192871
vt 0.165039 0.199707
vt 0.180908 0.201416
vt 0.166992 0.206055
vt 0.160156 0.205811
vt 0.170166 0.199951
vt 0.175049 0.203125
vt 0.179688 0.208740
vt 0.188477 0.210693
vt 0.186035 0.218506
vt 0.172607 0.207520
vt 0.177246 0.212158
vt 0.176758 0.216797
vt 0.168701 0.211914
vt 0.164307 0.213623
vt 0.170898 0.216797
vt 0.174316 0.219238
vt 0.155518 0.210693
vt 0.153564 0.220215
vt 0.150146 0.219971
vt 0.145752 0.227783
vt 0.148926 0.229492
vt 0.145020 0.232910
vt 0.140625 0.237549
vt 0.145996 0.233398
vt 0.142822 0.232910
vt 0.143555 0.223877
vt 0.142090 0.221680
vt 0.143311 0.226807
vt 0.139160 0.233643
vt 0.139404 0.227783
vt 0.135010 0.226807
vt 0.135986 0.229980
vt 0.135254 0.234131
vt 0.135986 0.238770
vt 0.129639 0.239990
vt 0.133789 0.244141
vt 0.137939 0.242920
vt 0.139648 0.239990
vt 0.140625 0.241211
vt 0.937012 0.995117
vt 0.929443 0.996582
vt 0.921387 0.995850
vt 0.918701 0.997070
vt 0.911133 0.994141
vt 0.165527 0.968018
vt 0.165771 0.972656
vt 0.158203 0.974854
vt 0.179443 0.962158
vt 0.175537 0.973389
vt 0.168457 0.957520
vt 0.187500 0.968262
vt 0.183350 0.972412
vt 0.190918 0.967529
vt 0.190674 0.965576
vt 0.193359 0.963867
vt 0.195801 0.954102
vt 0.197021 0.953857
vt 0.197754 0.952148
vt 0.197266 0.950928
vt 0.190674 0.945068
vt 0.187988 0.953369
vt 0.178223 0.957520
vt 0.186523 0.951416
vt 0.189697 0.944824
vt 0.182373 0.952148
vt 0.181152 0.944092
vt 0.174072 0.945557
vt 0.177734 0.943604
vt 0.175781 0.940186
vt 0.178223 0.941406
vt 0.174805 0.933105
vt 0.172363 0.946289
vt 0.174316 0.935059
vt 0.171875 0.932373
vt 0.174805 0.939453
vt 0.170654 0.929688
vt 0.169434 0.942627
vt 0.167480 0.954346
vt 0.164551 0.961426
vt 0.163086 0.952148
vt 0.163818 0.939209
vt 0.168457 0.930908
vt 0.168945 0.928955
vt 0.166504 0.929443
vt 0.160645 0.949951
vt 0.148926 0.960205
vt 0.157471 0.944824
vt 0.147217 0.950195
vt 0.150146 0.942139
vt 0.152588 0.937988
vt 0.158691 0.930664
vt 0.160889 0.935059
vt 0.160645 0.931152
vt 0.164062 0.931152
vt 0.162354 0.929199
vt 0.159912 0.929443
vt 0.160645 0.927979
vt 0.162842 0.925781
vt 0.161133 0.925781
vt 0.163574 0.928955
vt 0.164795 0.926025
vt 0.164551 0.928955
vt 0.166748 0.927979
vt 0.184570 0.160889
vt 0.187744 0.163818
vt 0.185303 0.162842
vt 0.186523 0.166260
vt 0.188477 0.172607
vt 0.187256 0.171875
vt 0.187988 0.168457
vt 0.192627 0.178223
vt 0.189697 0.176758
vt 0.192139 0.181885
vt 0.193848 0.185059
vt 0.192383 0.185547
vt 0.192139 0.189941
vt 0.191406 0.189941
vt 0.187744 0.194580
vt 0.571045 0.988281
vt 0.568604 0.991455
vt 0.566650 0.988770
vt 0.570312 0.993652
vt 0.564941 0.992920
vt 0.565186 0.996826
vt 0.561279 0.993652
vt 0.572266 0.987305
vt 0.562500 0.988525
vt 0.567627 0.987061
vt 0.571045 0.983154
vt 0.572510 0.979736
vt 0.569580 0.984375
vt 0.566406 0.984619
vt 0.566162 0.981934
vt 0.571289 0.977051
vt 0.572510 0.973389
vt 0.568115 0.978516
vt 0.567627 0.975586
vt 0.564453 0.977051
vt 0.568848 0.981934
vt 0.562256 0.979736
vt 0.562744 0.983887
vt 0.558838 0.981689
vt 0.559326 0.984863
vt 0.434570 0.118164
vt 0.438232 0.119141
vt 0.433838 0.122070
vt 0.406494 0.109375
vt 0.409668 0.110352
vt 0.405762 0.112793
vt 0.411621 0.112305
vt 0.411865 0.120605
vt 0.420898 0.117188
vt 0.417725 0.121094
vt 0.419678 0.123535
vt 0.417969 0.123047
vt 0.415771 0.125977
vt 0.423584 0.118896
vt 0.429199 0.114990
vt 0.417725 0.128662
vt 0.415283 0.133301
vt 0.421143 0.125244
vt 0.419434 0.131592
vt 0.418457 0.136963
vt 0.421387 0.135254
vt 0.419922 0.138184
vt 0.422607 0.130615
vt 0.424805 0.131836
vt 0.428223 0.126221
vt 0.423340 0.125977
vt 0.427734 0.123779
vt 0.427002 0.121338
vt 0.431641 0.119629
vt 0.100342 0.899170
vt 0.087646 0.898438
vt 0.091064 0.896729
vt 0.103516 0.893555
vt 0.093018 0.892090
vt 0.093262 0.888428
vt 0.098633 0.888916
vt 0.094238 0.886230
vt 0.119873 0.887451
vt 0.115479 0.897217
vt 0.102783 0.900391
vt 0.131592 0.894043
vt 0.133057 0.883301
vt 0.111328 0.899170
vt 0.140381 0.880859
vt 0.141602 0.869141
vt 0.135498 0.891602
vt 0.142334 0.877441
vt 0.144043 0.865723
vt 0.133057 0.894775
vt 0.144287 0.874023
vt 0.144531 0.875244
vt 0.143799 0.876953
vt 0.148682 0.868164
vt 0.151367 0.862793
vt 0.153809 0.864502
vt 0.119873 0.896973
vt 0.122803 0.897949
vt 0.127441 0.902344
vt 0.112549 0.901855
vt 0.106934 0.904053
vt 0.133789 0.904541
vt 0.135010 0.895752
vt 0.138916 0.907227
vt 0.140137 0.906738
vt 0.139404 0.911865
vt 0.145264 0.918213
vt 0.142090 0.915771
vt 0.145996 0.914307
vt 0.147461 0.916504
vt 0.248779 0.159912
vt 0.247070 0.163574
vt 0.237793 0.159912
vt 0.247070 0.168701
vt 0.243652 0.172363
vt 0.256104 0.184082
vt 0.243164 0.183594
vt 0.246582 0.187256
vt 0.259033 0.189697
vt 0.246826 0.194092
vt 0.245361 0.196045
vt 0.240479 0.180176
vt 0.250977 0.198730
vt 0.252441 0.207275
vt 0.257568 0.210693
vt 0.258789 0.215332
vt 0.253174 0.212158
vt 0.261475 0.200928
vt 0.264893 0.207031
vt 0.266602 0.198486
vt 0.267090 0.202393
vt 0.244385 0.205811
vt 0.249756 0.215576
vt 0.238037 0.191406
vt 0.235352 0.180664
vt 0.234863 0.196533
vt 0.239258 0.204346
vt 0.235352 0.207520
vt 0.239502 0.219482
vt 0.241211 0.212158
vt 0.240479 0.225098
vt 0.249023 0.223389
vt 0.252441 0.224854
vt 0.255615 0.225586
vt 0.251709 0.233154
vt 0.249023 0.231689
vt 0.245850 0.228516
vt 0.238770 0.229736
vt 0.240723 0.233398
vt 0.244385 0.234375
vt 0.243164 0.233887
vt 0.239990 0.245850
vt 0.246826 0.234619
vt 0.242188 0.240479
vt 0.238770 0.254150
vt 0.242676 0.243408
vt 0.242188 0.246582
vt 0.238770 0.258545
vt 0.242920 0.246338
vt 0.185059 0.700439
vt 0.184326 0.698486
vt 0.187012 0.698975
vt 0.185059 0.695557
vt 0.186523 0.693115
vt 0.192871 0.701660
vt 0.191895 0.696777
vt 0.026123 0.600586
vt 0.023193 0.603271
vt 0.025146 0.599609
vt 0.024414 0.603271
vt 0.026611 0.602539
vt 0.021973 0.601807
vt 0.020996 0.605225
vt 0.022217 0.606689
vt 0.019775 0.610840
vt 0.018311 0.605713
vt 0.015137 0.615479
vt 0.014648 0.614502
vt 0.011963 0.607666
vt 0.006348 0.609619
vt 0.017822 0.592285
vt 0.012207 0.600098
vt 0.006592 0.601074
vt 0.003418 0.595215
vt 0.011963 0.590576
vt 0.002441 0.590332
vt 0.020264 0.593262
vt 0.019287 0.590576
vt 0.084473 0.990234
vt 0.086182 0.986572
vt 0.086914 0.988281
vt 0.086426 0.991943
vt 0.088867 0.997803
vt 0.088867 0.995361
vt 0.087891 0.985107
vt 0.093018 0.983398
vt 0.091309 0.990723
vt 0.097412 0.985840
vt 0.094971 0.990967
vt 0.094727 0.996582
vt 0.093262 0.998047
vt 0.088867 0.999512
vt 0.102051 0.999268
vt 0.100342 0.997803
vt 0.099365 0.995605
vt 0.098389 0.991699
vt 0.107666 0.993652
vt 0.115234 0.991455
vt 0.116211 0.986084
vt 0.110596 0.987549
vt 0.103027 0.994385
vt 0.107422 0.990479
vt 0.101074 0.993164
vt 0.103760 0.988525
vt 0.102783 0.984131
vt 0.104980 0.980225
vt 0.107178 0.985107
vt 0.108887 0.980225
vt 0.112305 0.979492
vt 0.534424 0.554688
vt 0.537354 0.552979
vt 0.540527 0.557861
vt 0.540771 0.555176
vt 0.541504 0.556641
vt 0.542480 0.553223
vt 0.545654 0.557373
vt 0.544189 0.551758
vt 0.132080 0.217529
vt 0.124756 0.217041
vt 0.128662 0.216309
vt 0.125977 0.215576
vt 0.117920 0.213623
vt 0.114258 0.210205
vt 0.120117 0.211182
vt 0.123779 0.213867
vt 0.127930 0.215088
vt 0.128662 0.213623
vt 0.126221 0.211182
vt 0.134033 0.212158
vt 0.123291 0.209961
vt 0.131104 0.210938
vt 0.141113 0.210693
vt 0.135498 0.209961
vt 0.119629 0.205078
vt 0.123779 0.202637
vt 0.121582 0.197021
vt 0.117432 0.204346
vt 0.118896 0.196533
vt 0.193359 0.728271
vt 0.192871 0.731445
vt 0.190918 0.730225
vt 0.189941 0.728271
vt 0.194336 0.727051
vt 0.190430 0.727295
vt 0.187256 0.725586
vt 0.191406 0.725342
vt 0.193848 0.724854
vt 0.186523 0.724609
vt 0.187744 0.723145
vt 0.184326 0.723633
vt 0.194580 0.718994
vt 0.183838 0.720459
vt 0.190186 0.718506
vt 0.186279 0.717041
vt 0.184570 0.714600
vt 0.187500 0.715088
vt 0.181885 0.708740
vt 0.187012 0.711426
vt 0.190918 0.714600
vt 0.184814 0.708496
vt 0.181152 0.705566
vt 0.189453 0.712402
vt 0.195068 0.716064
vt 0.196533 0.720459
vt 0.197998 0.718262
vt 0.198486 0.716553
vt 0.186768 0.705811
vt 0.189697 0.708984
vt 0.187012 0.703857
vt 0.189453 0.704102
vt 0.192383 0.708984
vt 0.195557 0.704102
vt 0.193848 0.712646
vt 0.197266 0.712891
vt 0.202637 0.715332
vt 0.201172 0.712891
vt 0.196289 0.709229
vt 0.200684 0.710449
vt 0.198242 0.706299
vt 0.076172 0.783936
vt 0.075928 0.781006
vt 0.078857 0.779297
vt 0.078613 0.783691
vt 0.080322 0.776367
vt 0.082275 0.776855
vt 0.073486 0.779053
vt 0.074951 0.775146
vt 0.072510 0.777588
vt 0.076660 0.769287
vt 0.080566 0.770508
vt 0.074219 0.770752
vt 0.068848 0.776367
vt 0.080322 0.765381
vt 0.070801 0.770996
vt 0.064697 0.773193
vt 0.074707 0.767578
vt 0.064697 0.770752
vt 0.078369 0.763916
vt 0.082275 0.760742
vt 0.068359 0.768555
vt 0.060791 0.767578
vt 0.073486 0.765869
vt 0.075195 0.762451
vt 0.078125 0.759277
vt 0.069824 0.764404
vt 0.070801 0.759521
vt 0.066162 0.765137
vt 0.066162 0.761963
vt 0.057129 0.762939
vt 0.075195 0.758789
vt 0.069824 0.752930
vt 0.066406 0.755127
vt 0.058838 0.757080
vt 0.073486 0.752197
vt 0.066162 0.749268
vt 0.064209 0.749268
vt 0.060303 0.750000
vt 0.055176 0.754639
vt 0.053955 0.750000
vt 0.058105 0.743164
vt 0.054932 0.744141
vt 0.051025 0.742676
vt 0.055176 0.736572
vt 0.051270 0.737061
vt 0.054932 0.732910
vt 0.058838 0.733154
vt 0.061768 0.728516
vt 0.065430 0.747070
vt 0.060547 0.722412
vt 0.065186 0.724121
vt 0.066406 0.729492
vt 0.062988 0.736816
vt 0.065674 0.741455
vt 0.069336 0.732666
vt 0.072998 0.729004
vt 0.074219 0.730225
vt 0.071533 0.733398
vt 0.076172 0.734375
vt 0.073730 0.737305
vt 0.076904 0.740479
vt 0.079102 0.734131
vt 0.070312 0.743896
vt 0.076660 0.743408
vt 0.083008 0.741943
vt 0.072021 0.747559
vt 0.081543 0.745117
vt 0.077637 0.746582
vt 0.083252 0.749023
vt 0.081299 0.751709
vt 0.076904 0.752441
vt 0.081299 0.755615
vt 0.084229 0.753906
vt 0.083740 0.760254
vt 0.537109 0.994629
vt 0.531738 0.996826
vt 0.531494 0.996094
vt 0.529053 0.998535
vt 0.536377 0.998779
vt 0.529541 0.988037
vt 0.539551 0.993164
vt 0.535156 0.989746
vt 0.531738 0.985352
vt 0.539551 0.978516
vt 0.904297 0.979736
vt 0.909912 0.974854
vt 0.908936 0.979004
vt 0.907471 0.973877
vt 0.905273 0.970459
vt 0.906250 0.967529
vt 0.902344 0.968994
vt 0.901367 0.966797
vt 0.896973 0.969238
vt 0.904785 0.964111
vt 0.899414 0.966553
vt 0.910645 0.964111
vt 0.909424 0.960938
vt 0.914795 0.967773
vt 0.914551 0.961182
vt 0.911133 0.958496
vt 0.912109 0.958496
vt 0.916260 0.959229
vt 0.913818 0.955811
vt 0.918701 0.960938
vt 0.916992 0.966309
vt 0.915527 0.969727
vt 0.918457 0.970459
vt 0.912354 0.974365
vt 0.910156 0.977539
vt 0.916260 0.974365
vt 0.921387 0.962891
vt 0.920166 0.971191
vt 0.916748 0.975098
vt 0.923584 0.975098
vt 0.930420 0.975586
vt 0.931396 0.972900
vt 0.932861 0.975830
vt 0.925781 0.969238
vt 0.927002 0.972412
vt 0.933838 0.973145
vt 0.934082 0.975830
vt 0.930420 0.968262
vt 0.932129 0.962646
vt 0.934814 0.967529
vt 0.927734 0.964355
vt 0.935303 0.970703
vt 0.927002 0.961182
vt 0.929199 0.959717
vt 0.932373 0.958740
vt 0.926514 0.957520
vt 0.922119 0.958984
vt 0.922607 0.956787
vt 0.919189 0.957520
vt 0.916504 0.954102
vt 0.920654 0.954346
vt 0.923340 0.953125
vt 0.926025 0.954102
vt 0.927734 0.951660
vt 0.927734 0.945801
vt 0.930176 0.949951
vt 0.930664 0.954346
vt 0.933350 0.949707
vt 0.934326 0.954346
vt 0.936035 0.960449
vt 0.936279 0.957520
vt 0.936279 0.961914
vt 0.936279 0.966064
vt 0.938965 0.962891
vt 0.939453 0.970703
vt 0.942139 0.971680
vt 0.941406 0.973145
vt 0.944824 0.974609
vt 0.941406 0.974854
vt 0.939209 0.973145
vt 0.939697 0.975342
vt 0.936523 0.973145
vt 0.937988 0.975586
vt 0.938232 0.978271
vt 0.935303 0.974609
vt 0.936768 0.976807
vt 0.239990 0.014160
vt 0.243652 0.013672
vt 0.237061 0.016357
vt 0.236816 0.015869
vt 0.236572 0.017578
vt 0.237549 0.014648
vt 0.236572 0.015137
vt 0.235352 0.014893
vt 0.237061 0.012207
vt 0.233887 0.011719
vt 0.235352 0.009766
vt 0.237305 0.007568
vt 0.240234 0.010986
vt 0.241455 0.006348
vt 0.241455 0.010254
vt 0.244629 0.011475
vt 0.245361 0.014160
vt 0.246338 0.014648
vt 0.243164 0.008057
vt 0.242432 0.004150
vt 0.240234 0.005859
vt 0.245361 0.007080
vt 0.245850 0.003174
vt 0.248535 0.011230
vt 0.248779 0.014893
vt 0.248291 0.005615
vt 0.249756 0.006348
vt 0.250000 0.003174
vt 0.248047 0.002197
vt 0.250977 0.001953
vt 0.253174 0.006104
vt 0.250977 0.010010
vt 0.252686 0.012939
vt 0.251221 0.015381
vt 0.976074 0.263672
vt 0.977295 0.263672
vt 0.976074 0.265869
vt 0.973389 0.264648
vt 0.974365 0.260010
vt 0.975830 0.267578
vt 0.971924 0.260986
vt 0.971191 0.258057
vt 0.968018 0.262695
vt 0.972900 0.269287
vt 0.969971 0.266602
vt 0.976562 0.271240
vt 0.978271 0.269775
vt 0.978760 0.275635
vt 0.979492 0.272217
vt 0.976807 0.274658
vt 0.972656 0.273682
vt 0.976074 0.275879
vt 0.967285 0.271484
vt 0.969727 0.276123
vt 0.967773 0.273926
vt 0.981445 0.279053
vt 0.974609 0.278564
vt 0.964844 0.277344
vt 0.970459 0.279541
vt 0.969727 0.285156
vt 0.973633 0.281006
vt 0.966064 0.285156
vt 0.958740 0.279297
vt 0.963623 0.274414
vt 0.959717 0.278320
vt 0.956055 0.277588
vt 0.961182 0.274658
vt 0.963379 0.272461
vt 0.959229 0.273682
vt 0.960938 0.271729
vt 0.963623 0.268311
vt 0.953857 0.270752
vt 0.945801 0.267334
vt 0.966309 0.260010
vt 0.958496 0.265625
vt 0.966797 0.256592
vt 0.955566 0.267578
vt 0.970215 0.255127
vt 0.961182 0.259766
vt 0.956787 0.260010
vt 0.953857 0.261475
vt 0.966309 0.254883
vt 0.963379 0.256836
vt 0.959961 0.255615
vt 0.963379 0.252686
vt 0.956787 0.255615
vt 0.959717 0.251709
vt 0.956055 0.252441
vt 0.950684 0.259766
vt 0.947998 0.263916
vt 0.949951 0.254639
vt 0.947021 0.258301
vt 0.944580 0.260010
vt 0.987793 0.994629
vt 0.993408 0.994629
vt 0.996094 0.997559
vt 0.989014 0.992676
vt 0.982422 0.990723
vt 0.986328 0.989990
vt 0.982666 0.994629
vt 0.983398 0.984863
vt 0.980225 0.982666
vt 0.981445 0.992920
vt 0.980713 0.987549
vt 0.978760 0.993164
vt 0.980713 0.988281
vt 0.973633 0.997559
vt 0.971436 0.997559
vt 0.319336 0.988770
vt 0.319336 0.993652
vt 0.318604 0.989014
vt 0.313721 0.990967
vt 0.313965 0.987793
vt 0.315918 0.985840
vt 0.309814 0.992188
vt 0.313721 0.992920
vt 0.318848 0.995850
vt 0.324219 0.994873
vt 0.303711 0.994385
vt 0.304688 0.995605
vt 0.304199 0.990723
vt 0.322266 0.992920
vt 0.324951 0.989258
vt 0.328857 0.993652
vt 0.308838 0.986816
vt 0.327393 0.985107
vt 0.303467 0.980225
vt 0.297363 0.980469
vt 0.304688 0.970703
vt 0.310547 0.969482
vt 0.332031 0.982422
vt 0.310547 0.976562
vt 0.312988 0.970215
vt 0.310547 0.960449
vt 0.314941 0.962646
vt 0.314941 0.981201
vt 0.320312 0.966309
vt 0.320312 0.985352
vt 0.319092 0.976074
vt 0.324219 0.979492
vt 0.323975 0.972656
vt 0.332275 0.967041
vt 0.335938 0.970215
vt 0.935547 0.435059
vt 0.936523 0.437744
vt 0.934082 0.437256
vt 0.933105 0.441650
vt 0.937012 0.442871
vt 0.935303 0.446533
vt 0.938965 0.445557
vt 0.939453 0.450439
vt 0.931641 0.445312
vt 0.928223 0.442871
vt 0.929199 0.445801
vt 0.927246 0.448730
vt 0.935791 0.448730
vt 0.938965 0.457520
vt 0.936035 0.453125
vt 0.941162 0.464844
vt 0.934814 0.455322
vt 0.932129 0.450439
vt 0.937012 0.461182
vt 0.929443 0.449707
vt 0.936279 0.463867
vt 0.931152 0.452881
vt 0.927490 0.450195
vt 0.922607 0.448486
vt 0.932129 0.455566
vt 0.927734 0.457031
vt 0.938721 0.469238
vt 0.926025 0.453125
vt 0.919434 0.450439
vt 0.923340 0.455078
vt 0.916504 0.451904
vt 0.934326 0.468262
vt 0.935791 0.473145
vt 0.930664 0.462891
vt 0.917236 0.455811
vt 0.908691 0.451172
vt 0.925049 0.459473
vt 0.927002 0.465820
vt 0.922119 0.460693
vt 0.910889 0.458740
vt 0.921631 0.464844
vt 0.917725 0.465820
vt 0.909668 0.461426
vt 0.923584 0.472412
vt 0.919434 0.471191
vt 0.915283 0.472656
vt 0.911621 0.471680
vt 0.922119 0.475586
vt 0.923096 0.477783
vt 0.918213 0.478516
vt 0.926270 0.480469
vt 0.924316 0.487793
vt 0.927979 0.473145
vt 0.928711 0.480957
vt 0.927979 0.485352
vt 0.930420 0.467773
vt 0.933594 0.469727
vt 0.931641 0.473145
vt 0.935791 0.479492
vt 0.932373 0.478760
vt 0.933594 0.482666
vt 0.931396 0.484131
vt 0.122559 0.910645
vt 0.126465 0.909912
vt 0.125488 0.916260
vt 0.130859 0.913818
vt 0.133057 0.919678
vt 0.131592 0.927490
vt 0.125000 0.926270
vt 0.121094 0.919189
vt 0.120850 0.922852
vt 0.120361 0.929932
vt 0.124268 0.931885
vt 0.129639 0.939453
vt 0.135254 0.925049
vt 0.144043 0.924072
vt 0.134277 0.935303
vt 0.137939 0.929443
vt 0.255859 0.863037
vt 0.260986 0.865479
vt 0.253662 0.865723
vt 0.250977 0.865967
vt 0.246582 0.865479
vt 0.248047 0.864014
vt 0.245605 0.862305
vt 0.248047 0.869629
vt 0.256836 0.867676
vt 0.240967 0.864746
vt 0.241699 0.862305
vt 0.260498 0.871094
vt 0.264648 0.870117
vt 0.250488 0.870605
vt 0.255371 0.872803
vt 0.262207 0.873291
vt 0.265625 0.872314
vt 0.268799 0.871338
vt 0.266357 0.873779
vt 0.256592 0.875000
vt 0.269287 0.873535
vt 0.272217 0.873047
vt 0.269531 0.875732
vt 0.265137 0.877686
vt 0.271240 0.878174
vt 0.262207 0.875244
vt 0.264893 0.879395
vt 0.260010 0.878662
vt 0.263428 0.882324
vt 0.267334 0.882080
vt 0.266113 0.884033
vt 0.255615 0.877686
vt 0.258789 0.881104
vt 0.261719 0.885010
vt 0.263672 0.888184
vt 0.266357 0.888672
vt 0.258789 0.887939
vt 0.258545 0.895020
vt 0.263916 0.894043
vt 0.261475 0.897949
vt 0.253174 0.898926
vt 0.258789 0.890625
vt 0.249268 0.896729
vt 0.252441 0.907227
vt 0.250244 0.902588
vt 0.256104 0.883057
vt 0.252686 0.886475
vt 0.251953 0.881836
vt 0.245361 0.898438
vt 0.243408 0.904053
vt 0.248779 0.887695
vt 0.230957 0.899170
vt 0.249268 0.878906
vt 0.245850 0.895020
vt 0.247314 0.883545
vt 0.252930 0.875977
vt 0.250000 0.874756
vt 0.245117 0.874756
vt 0.246338 0.876709
vt 0.244141 0.883545
vt 0.240723 0.879150
vt 0.243896 0.870850
vt 0.239502 0.875977
vt 0.239258 0.867676
vt 0.237305 0.872559
vt 0.236572 0.866943
vt 0.236816 0.862305
vt 0.234863 0.867920
vt 0.233887 0.872314
vt 0.234131 0.878174
vt 0.236572 0.881592
vt 0.230713 0.880859
vt 0.229980 0.867920
vt 0.231201 0.864014
vt 0.228271 0.866455
vt 0.227783 0.874268
vt 0.223145 0.876953
vt 0.223389 0.871826
vt 0.218750 0.874512
vt 0.226807 0.878906
vt 0.216797 0.880371
vt 0.220703 0.882080
vt 0.217041 0.884521
vt 0.224854 0.883545
vt 0.225830 0.886475
vt 0.220703 0.888428
vt 0.222900 0.892578
vt 0.216553 0.886719
vt 0.216553 0.891602
vt 0.213135 0.889404
vt 0.226807 0.899658
vt 0.228271 0.892334
vt 0.229492 0.887207
vt 0.232666 0.894775
vt 0.233643 0.888428
vt 0.238770 0.894043
vt 0.233154 0.883545
vt 0.241943 0.890869
vt 0.239746 0.883789
vt 0.015137 0.826904
vt 0.019531 0.829102
vt 0.018555 0.831055
vt 0.020264 0.831055
vt 0.016357 0.825928
vt 0.020508 0.836914
vt 0.009521 0.823242
vt 0.016602 0.833740
vt 0.015381 0.829590
vt 0.011475 0.826172
vt 0.009521 0.825928
vt 0.010498 0.828613
vt 0.007080 0.824707
vt 0.006104 0.827148
vt 0.003174 0.826416
vt 0.009277 0.827637
vt 0.006836 0.830078
vt 0.003662 0.828613
vt 0.000244 0.828613
vt 0.002441 0.829834
vt 0.002441 0.833496
vt 0.000244 0.833984
vt 0.004639 0.831787
vt 0.003174 0.837646
vt 0.000244 0.840332
vt 0.007568 0.832520
vt 0.006836 0.837158
vt 0.012695 0.830811
vt 0.010254 0.835693
vt 0.012939 0.835449
vt 0.010742 0.840576
vt 0.007324 0.840576
vt 0.008545 0.844238
vt 0.004639 0.842529
vt 0.003906 0.844727
vt 0.001465 0.845459
vt 0.009033 0.847412
vt 0.011963 0.840820
vt 0.011719 0.844727
vt 0.015381 0.845459
vt 0.013916 0.842285
vt 0.017822 0.842041
vt 0.014648 0.838135
vt 0.017578 0.838623
vt 0.132812 0.995850
vt 0.128906 0.994629
vt 0.133545 0.988525
vt 0.126709 0.993652
vt 0.129639 0.988525
vt 0.121582 0.990479
vt 0.133057 0.986572
vt 0.122314 0.989014
vt 0.120361 0.980957
vt 0.126709 0.981201
vt 0.129395 0.982178
vt 0.132568 0.976562
vt 0.135254 0.983154
vt 0.137451 0.978271
vt 0.140381 0.973877
vt 0.133057 0.969482
vt 0.140869 0.978027
vt 0.138184 0.967285
vt 0.142822 0.980713
vt 0.145752 0.977295
vt 0.143799 0.972412
vt 0.143555 0.965576
vt 0.145996 0.967285
vt 0.149414 0.980225
vt 0.146484 0.985596
vt 0.153320 0.988525
vt 0.142334 0.985352
vt 0.143799 0.989014
vt 0.148438 0.994141
vt 0.149902 0.990234
vt 0.154785 0.993164
vt 0.727051 0.417969
vt 0.730469 0.419189
vt 0.728516 0.420166
vt 0.726074 0.420410
vt 0.724609 0.419189
vt 0.728027 0.422363
vt 0.730225 0.422607
vt 0.725586 0.421387
vt 0.728516 0.424561
vt 0.730469 0.427490
vt 0.726074 0.423584
vt 0.728027 0.427979
vt 0.726562 0.434570
vt 0.724365 0.421631
vt 0.722900 0.419922
vt 0.724121 0.424805
vt 0.723389 0.421875
vt 0.720947 0.421631
vt 0.722412 0.423096
vt 0.722412 0.424805
vt 0.720215 0.423828
vt 0.719482 0.426514
vt 0.721436 0.426514
vt 0.718994 0.431152
vt 0.723389 0.426514
vt 0.721436 0.429199
vt 0.722656 0.432129
vt 0.721436 0.433838
vt 0.723145 0.429443
vt 0.725098 0.431396
vt 0.725098 0.427490
vt 0.726562 0.428711
vt 0.725830 0.426270
vt 0.811768 0.349854
vt 0.813477 0.353760
vt 0.808838 0.351562
vt 0.813965 0.359131
vt 0.811035 0.355469
vt 0.811768 0.358154
vt 0.807129 0.356689
vt 0.809082 0.359131
vt 0.804199 0.361328
vt 0.807129 0.354004
vt 0.802002 0.355469
vt 0.799316 0.358154
vt 0.802002 0.351074
vt 0.797852 0.363037
vt 0.791260 0.364258
vt 0.793701 0.364746
vt 0.788574 0.362549
vt 0.787842 0.367676
vt 0.791504 0.360840
vt 0.787109 0.358643
vt 0.785156 0.360352
vt 0.790283 0.357422
vt 0.786133 0.356689
vt 0.783447 0.359375
vt 0.787598 0.353271
vt 0.792725 0.356934
vt 0.795166 0.353516
vt 0.784424 0.355713
vt 0.781250 0.356689
vt 0.779541 0.357422
vt 0.784668 0.353027
vt 0.783203 0.349854
vt 0.786377 0.350098
vt 0.783447 0.346680
vt 0.790771 0.351807
vt 0.786621 0.347168
vt 0.784912 0.342285
vt 0.790771 0.349609
vt 0.787109 0.345215
vt 0.788330 0.344238
vt 0.786133 0.341064
vt 0.789062 0.341064
vt 0.786377 0.337402
vt 0.791260 0.347656
vt 0.794922 0.351562
vt 0.791504 0.340820
vt 0.793213 0.346924
vt 0.790283 0.335693
vt 0.797119 0.351562
vt 0.794189 0.339844
vt 0.798096 0.353271
vt 0.800537 0.348633
vt 0.796143 0.347656
vt 0.796143 0.343506
vt 0.800293 0.341553
vt 0.800537 0.344727
vt 0.806396 0.346924
vt 0.802979 0.345703
vt 0.809082 0.347656
vt 0.807129 0.343750
vt 0.804199 0.341553
vt 0.811279 0.344971
vt 0.808105 0.339844
vt 0.803223 0.338867
vt 0.805664 0.336914
vt 0.799072 0.338379
vt 0.802490 0.335693
vt 0.796875 0.336670
vt 0.799561 0.335449
vt 0.793945 0.335449
vt 0.797119 0.333984
vt 0.791260 0.335693
vt 0.793213 0.333496
vt 0.791260 0.330078
vt 0.816406 0.348633
vt 0.817871 0.347168
vt 0.822266 0.347412
vt 0.821045 0.346680
vt 0.819092 0.344971
vt 0.822754 0.345215
vt 0.822998 0.348145
vt 0.821533 0.344238
vt 0.823242 0.343750
vt 0.815186 0.349121
vt 0.825195 0.339844
vt 0.822754 0.340820
vt 0.820312 0.341797
vt 0.822021 0.338135
vt 0.818115 0.342285
vt 0.820312 0.338623
vt 0.819580 0.335205
vt 0.818604 0.340576
vt 0.818604 0.338379
vt 0.817139 0.340088
vt 0.816406 0.337646
vt 0.812988 0.336914
vt 0.811279 0.339355
vt 0.813721 0.342529
vt 0.814453 0.339600
vt 0.815918 0.339355
vt 0.816162 0.341553
vt 0.814941 0.345947
vt 0.814941 0.341797
vt 0.814941 0.343750
vt 0.816162 0.343262
vt 0.816895 0.344727
vt 0.815918 0.346191
vt 0.818115 0.343994
vt 0.262207 0.607910
vt 0.263428 0.611084
vt 0.260986 0.611084
vt 0.259521 0.609375
vt 0.259277 0.605225
vt 0.261963 0.604248
vt 0.260254 0.598633
vt 0.264893 0.604980
vt 0.265381 0.609131
vt 0.270264 0.607178
vt 0.262451 0.596680
vt 0.266846 0.602295
vt 0.258301 0.594482
vt 0.257568 0.595459
vt 0.253174 0.589355
vt 0.256348 0.590820
vt 0.260742 0.593506
vt 0.265381 0.594971
vt 0.263916 0.590820
vt 0.268555 0.601074
vt 0.269287 0.598877
vt 0.272217 0.601074
vt 0.268311 0.595215
vt 0.271240 0.596191
vt 0.274414 0.595459
vt 0.270508 0.591064
vt 0.268066 0.590332
vt 0.267090 0.583008
vt 0.270752 0.587646
vt 0.274414 0.593262
vt 0.276855 0.591309
vt 0.264893 0.584473
vt 0.262451 0.587158
vt 0.262451 0.584229
vt 0.263428 0.579346
vt 0.261719 0.580322
vt 0.257324 0.576172
vt 0.260498 0.582764
vt 0.258789 0.580566
vt 0.255371 0.579102
vt 0.258301 0.582520
vt 0.257568 0.583496
vt 0.258301 0.584961
vt 0.253418 0.581543
vt 0.254639 0.584229
vt 0.258057 0.587646
vt 0.042969 0.840332
vt 0.041260 0.838623
vt 0.042236 0.833008
vt 0.043457 0.835938
vt 0.043701 0.833496
vt 0.045898 0.836426
vt 0.045410 0.841309
vt 0.047119 0.838623
vt 0.049805 0.836670
vt 0.050049 0.840332
vt 0.049316 0.842529
vt 0.133545 0.489502
vt 0.135010 0.491211
vt 0.133545 0.491943
vt 0.132568 0.489014
vt 0.137939 0.498047
vt 0.133301 0.485840
vt 0.134277 0.488281
vt 0.134521 0.484863
vt 0.134033 0.482666
vt 0.134277 0.478271
vt 0.135498 0.481934
vt 0.135010 0.485596
vt 0.136963 0.479492
vt 0.135986 0.483887
vt 0.135254 0.488770
vt 0.136230 0.486572
vt 0.136963 0.483154
vt 0.138672 0.475098
vt 0.138184 0.480469
vt 0.137695 0.485352
vt 0.136963 0.488525
vt 0.136719 0.491699
vt 0.137939 0.489258
vt 0.138184 0.493896
vt 0.141602 0.491943
vt 0.139893 0.489746
vt 0.140625 0.486328
vt 0.138916 0.485107
vt 0.139893 0.480469
vt 0.141113 0.482178
vt 0.141357 0.476074
vt 0.135254 0.465820
vt 0.134766 0.471924
vt 0.132812 0.470215
vt 0.133301 0.468506
vt 0.130127 0.468750
vt 0.131592 0.466064
vt 0.129150 0.466309
vt 0.127930 0.469482
vt 0.126953 0.465576
vt 0.124512 0.465820
vt 0.129395 0.462891
vt 0.124268 0.462891
vt 0.122314 0.461182
vt 0.127686 0.462646
vt 0.132080 0.460938
vt 0.125732 0.462158
vt 0.122803 0.459961
vt 0.120850 0.459961
vt 0.121582 0.458984
vt 0.124268 0.460205
vt 0.123291 0.457520
vt 0.126709 0.460693
vt 0.126709 0.457764
vt 0.118896 0.451904
vt 0.126221 0.454102
vt 0.130859 0.452393
vt 0.124756 0.451172
vt 0.132812 0.457275
vt 0.136719 0.448975
vt 0.133545 0.460693
vt 0.138916 0.456543
vt 0.128662 0.446533
vt 0.137207 0.442627
vt 0.136475 0.461670
vt 0.143066 0.457764
vt 0.139160 0.462646
vt 0.145508 0.461670
vt 0.153564 0.459961
vt 0.153809 0.463623
vt 0.144531 0.465576
vt 0.141357 0.468994
vt 0.148926 0.468994
vt 0.150635 0.472412
vt 0.142578 0.473877
vt 0.157959 0.466553
vt 0.161377 0.464844
vt 0.150391 0.475342
vt 0.150635 0.477295
vt 0.155273 0.473633
vt 0.161133 0.469238
vt 0.165771 0.468018
vt 0.164062 0.473389
vt 0.154297 0.477295
vt 0.152344 0.478760
vt 0.153564 0.479004
vt 0.158691 0.476074
vt 0.159180 0.479004
vt 0.155762 0.479736
vt 0.115234 0.449463
vt 0.119873 0.449219
vt 0.117676 0.448242
vt 0.112305 0.447021
vt 0.123535 0.447754
vt 0.125244 0.444092
vt 0.113770 0.444336
vt 0.107666 0.441895
vt 0.109863 0.438232
vt 0.104736 0.437744
vt 0.108643 0.434814
vt 0.115723 0.440674
vt 0.114502 0.437500
vt 0.105957 0.431885
vt 0.115967 0.432861
vt 0.121582 0.440430
vt 0.118652 0.437012
vt 0.120850 0.433350
vt 0.116943 0.429443
vt 0.123535 0.437012
vt 0.125000 0.440430
vt 0.128662 0.438477
vt 0.121094 0.430176
vt 0.119629 0.426758
vt 0.127930 0.426025
vt 0.130859 0.431396
vt 0.131836 0.425049
vt 0.135498 0.430176
vt 0.127197 0.436279
vt 0.134033 0.439209
vt 0.130371 0.441895
vt 0.202148 0.676270
vt 0.206543 0.673584
vt 0.207031 0.676514
vt 0.205811 0.680176
vt 0.213379 0.675293
vt 0.213135 0.670654
vt 0.218506 0.671143
vt 0.208740 0.679688
vt 0.211670 0.681885
vt 0.207520 0.682861
vt 0.216553 0.679199
vt 0.222168 0.675781
vt 0.223877 0.673584
vt 0.217285 0.681641
vt 0.209473 0.684570
vt 0.203125 0.683350
vt 0.199707 0.682373
vt 0.198242 0.676758
vt 0.203125 0.685547
vt 0.193115 0.681152
vt 0.196777 0.684570
vt 0.199219 0.685303
vt 0.198730 0.689941
vt 0.202148 0.688477
vt 0.208984 0.689209
vt 0.204590 0.690430
vt 0.201904 0.691162
vt 0.203857 0.693115
vt 0.206055 0.693848
vt 0.208740 0.693359
vt 0.207275 0.695801
vt 0.213867 0.687256
vt 0.212158 0.688965
vt 0.213379 0.684326
vt 0.217529 0.685791
vt 0.218750 0.688232
vt 0.214355 0.690918
vt 0.216064 0.693115
vt 0.220947 0.684082
vt 0.222656 0.681641
vt 0.219238 0.686279
vt 0.223877 0.685303
vt 0.224854 0.681396
vt 0.222412 0.687500
vt 0.226074 0.686035
vt 0.227295 0.679688
vt 0.229980 0.678467
vt 0.223145 0.688721
vt 0.227783 0.683350
vt 0.229492 0.682373
vt 0.231934 0.679688
vt 0.229248 0.686523
vt 0.232910 0.681641
vt 0.226807 0.688721
vt 0.224609 0.691895
vt 0.226807 0.692627
vt 0.221680 0.690674
vt 0.219238 0.692627
vt 0.220947 0.694336
vt 0.214844 0.696777
vt 0.213379 0.696045
vt 0.218750 0.696777
vt 0.221680 0.696777
vt 0.213623 0.699219
vt 0.209229 0.697754
vt 0.229736 0.699707
vt 0.231201 0.694580
vt 0.231934 0.697754
vt 0.232666 0.689697
vt 0.234619 0.686035
vt 0.235107 0.690430
vt 0.240723 0.684326
vt 0.234619 0.694092
vt 0.241699 0.692139
vt 0.243164 0.689453
vt 0.241943 0.682861
vt 0.244141 0.684570
vt 0.375732 0.913086
vt 0.377197 0.914307
vt 0.375732 0.915283
vt 0.378418 0.916748
vt 0.374512 0.910156
vt 0.372070 0.913818
vt 0.369629 0.912354
vt 0.370605 0.908447
vt 0.372803 0.916016
vt 0.367432 0.910889
vt 0.374512 0.917969
vt 0.369385 0.918701
vt 0.367432 0.917236
vt 0.365967 0.907471
vt 0.364990 0.910645
vt 0.364990 0.917236
vt 0.367676 0.921143
vt 0.362549 0.911865
vt 0.359863 0.909668
vt 0.363281 0.918213
vt 0.360596 0.912842
vt 0.358398 0.911621
vt 0.367920 0.923828
vt 0.359863 0.915283
vt 0.358154 0.915283
vt 0.362549 0.920166
vt 0.370117 0.921387
vt 0.372070 0.923096
vt 0.377930 0.922363
vt 0.373779 0.919922
vt 0.379150 0.925049
vt 0.376465 0.920166
vt 0.381592 0.923096
vt 0.383057 0.926270
vt 0.378418 0.919434
vt 0.379883 0.918213
vt 0.046387 0.022705
vt 0.043701 0.025391
vt 0.043457 0.023682
vt 0.045654 0.022217
vt 0.046143 0.019775
vt 0.048340 0.019043
vt 0.043945 0.021729
vt 0.040527 0.022217
vt 0.043701 0.020752
vt 0.043213 0.019531
vt 0.045654 0.017334
vt 0.040527 0.017822
vt 0.036621 0.019775
vt 0.043213 0.016357
vt 0.036621 0.017090
vt 0.034180 0.015381
vt 0.037598 0.014648
vt 0.041748 0.013672
vt 0.044678 0.014648
vt 0.046631 0.014648
vt 0.044922 0.010986
vt 0.040527 0.012451
vt 0.047119 0.011230
vt 0.045410 0.007324
vt 0.042480 0.011230
vt 0.041992 0.009766
vt 0.039795 0.010010
vt 0.040771 0.007324
vt 0.040283 0.005371
vt 0.037598 0.005127
vt 0.038086 0.006592
vt 0.039062 0.009277
vt 0.037354 0.009277
vt 0.034668 0.009277
vt 0.037109 0.012451
vt 0.856201 0.876465
vt 0.858643 0.869873
vt 0.858887 0.878174
vt 0.856934 0.867432
vt 0.855469 0.872070
vt 0.853516 0.872070
vt 0.850586 0.873047
vt 0.858154 0.861328
vt 0.852539 0.863525
vt 0.850098 0.867676
vt 0.845703 0.869629
vt 0.848633 0.863037
vt 0.842529 0.876465
vt 0.842529 0.880615
vt 0.840820 0.874023
vt 0.838623 0.882324
vt 0.841309 0.887207
vt 0.837646 0.878662
vt 0.836670 0.884277
vt 0.835449 0.880615
vt 0.837402 0.887695
vt 0.830078 0.881592
vt 0.831299 0.885986
vt 0.831299 0.889404
vt 0.828369 0.887939
vt 0.827637 0.884521
vt 0.832275 0.883545
vt 0.824219 0.882812
vt 0.835449 0.875977
vt 0.823486 0.879883
vt 0.819824 0.881104
vt 0.826660 0.878662
vt 0.820312 0.878174
vt 0.813232 0.879150
vt 0.830566 0.875732
vt 0.833496 0.873779
vt 0.826416 0.875732
vt 0.823242 0.877441
vt 0.819580 0.874756
vt 0.811768 0.876709
vt 0.806885 0.875977
vt 0.815674 0.875488
vt 0.806885 0.873779
vt 0.802002 0.873291
vt 0.810303 0.873779
vt 0.814453 0.873047
vt 0.808105 0.872559
vt 0.802979 0.872314
vt 0.802734 0.869385
vt 0.800293 0.869141
vt 0.806885 0.868896
vt 0.801270 0.866455
vt 0.806885 0.866699
vt 0.814697 0.870605
vt 0.800781 0.862549
vt 0.817871 0.872314
vt 0.821289 0.873535
vt 0.823242 0.872070
vt 0.817871 0.870361
vt 0.812012 0.867676
vt 0.814941 0.868408
vt 0.810303 0.866211
vt 0.821289 0.869629
vt 0.817383 0.866943
vt 0.822021 0.866699
vt 0.824219 0.866455
vt 0.826416 0.868652
vt 0.822266 0.859619
vt 0.826904 0.864502
vt 0.828857 0.869629
vt 0.828369 0.873047
vt 0.831299 0.869873
vt 0.830811 0.864746
vt 0.830322 0.857666
vt 0.834473 0.870850
vt 0.833740 0.861084
vt 0.837402 0.872559
vt 0.839111 0.866943
vt 0.840088 0.871094
vt 0.844482 0.866943
vt 0.837158 0.855225
vt 0.845459 0.861572
vt 0.844482 0.855225
vt 0.832275 0.850586
vt 0.836182 0.850830
vt 0.847656 0.857178
vt 0.835449 0.846680
vt 0.844482 0.850098
vt 0.847900 0.851562
vt 0.853027 0.854492
vt 0.839355 0.845703
vt 0.857422 0.856934
vt 0.848389 0.847656
vt 0.851807 0.849854
vt 0.844727 0.846191
vt 0.842773 0.841064
vt 0.847412 0.843262
vt 0.854004 0.846436
vt 0.840332 0.843018
vt 0.837891 0.839600
vt 0.833740 0.841553
vt 0.832031 0.836182
vt 0.828613 0.843506
vt 0.829346 0.839600
vt 0.825928 0.837402
vt 0.825195 0.841309
vt 0.821777 0.839844
vt 0.824951 0.836182
vt 0.822266 0.845947
vt 0.824951 0.833984
vt 0.821045 0.837891
vt 0.819580 0.842773
vt 0.818848 0.840332
vt 0.815674 0.843262
vt 0.818359 0.840088
vt 0.819092 0.836670
vt 0.816406 0.842041
vt 0.811768 0.844482
vt 0.815186 0.840088
vt 0.815674 0.844482
vt 0.812012 0.847168
vt 0.815918 0.846436
vt 0.818359 0.845459
vt 0.816162 0.849854
vt 0.813477 0.850830
vt 0.811768 0.852539
vt 0.814209 0.854736
vt 0.818359 0.851807
vt 0.824219 0.846924
vt 0.810059 0.849609
vt 0.812744 0.855713
vt 0.815186 0.858398
vt 0.810059 0.855713
vt 0.808594 0.848877
vt 0.808350 0.852539
vt 0.812500 0.858398
vt 0.809814 0.856934
vt 0.807861 0.853760
vt 0.810059 0.860596
vt 0.810303 0.842773
vt 0.809814 0.841064
vt 0.808350 0.844238
vt 0.807373 0.840576
vt 0.811523 0.862061
vt 0.806152 0.848877
vt 0.804932 0.844727
vt 0.803955 0.841309
vt 0.805664 0.846680
vt 0.803223 0.842529
vt 0.803467 0.847168
vt 0.799805 0.847412
vt 0.805420 0.853271
vt 0.801514 0.850830
vt 0.807373 0.858154
vt 0.800781 0.852783
vt 0.802979 0.855469
vt 0.799072 0.853516
vt 0.801270 0.855469
vt 0.799316 0.857910
vt 0.803955 0.858154
vt 0.802490 0.859131
vt 0.801270 0.860840
vt 0.803955 0.862549
vt 0.804932 0.860107
vt 0.806641 0.864502
vt 0.807861 0.862793
vt 0.811035 0.864502
vt 0.808350 0.859131
vt 0.809814 0.862305
vt 0.812988 0.863525
vt 0.813477 0.865234
vt 0.815430 0.864014
vt 0.817383 0.860596
vt 0.820312 0.855225
vt 0.819824 0.861572
vt 0.823975 0.856201
vt 0.830078 0.855713
vt 0.825928 0.852295
vt 0.828125 0.849609
vt 0.830811 0.850830
vt 0.825928 0.854980
vt 0.827637 0.853760
vt 0.829834 0.853516
vt 0.828613 0.851318
vt 0.827148 0.852539
vt 0.827881 0.853271
vt 0.025146 0.493408
vt 0.024414 0.490967
vt 0.028320 0.493896
vt 0.026367 0.495850
vt 0.023682 0.494141
vt 0.024902 0.496338
vt 0.020996 0.493408
vt 0.022949 0.492920
vt 0.022461 0.490967
vt 0.024170 0.489746
vt 0.020264 0.490234
vt 0.022461 0.488770
vt 0.023193 0.484131
vt 0.017578 0.488770
vt 0.018311 0.484863
vt 0.021484 0.480713
vt 0.015625 0.489014
vt 0.019531 0.479980
vt 0.022461 0.478516
vt 0.020752 0.477539
vt 0.015381 0.485107
vt 0.016113 0.481934
vt 0.016357 0.478760
vt 0.018311 0.476807
vt 0.014648 0.475830
vt 0.013428 0.479004
vt 0.011719 0.475586
vt 0.013184 0.488281
vt 0.010498 0.492188
vt 0.012939 0.481934
vt 0.009521 0.480225
vt 0.006592 0.476562
vt 0.006348 0.480713
vt 0.012939 0.485107
vt 0.009766 0.483887
vt 0.010254 0.487305
vt 0.006836 0.485596
vt 0.004883 0.483154
vt 0.003662 0.481201
vt 0.005615 0.486816
vt 0.009033 0.489014
vt 0.006836 0.489502
vt 0.010010 0.490234
vt 0.003418 0.490479
vt 0.009277 0.490967
vt 0.007812 0.492188
vt 0.007324 0.492920
vt 0.005615 0.490723
vt 0.856445 0.853271
vt 0.857910 0.850342
vt 0.858887 0.848145
vt 0.160400 0.994873
vt 0.160889 0.993164
vt 0.164062 0.993408
vt 0.162842 0.994629
vt 0.162598 0.990967
vt 0.159424 0.989990
vt 0.160400 0.987793
vt 0.163330 0.988037
vt 0.162109 0.984863
vt 0.165283 0.990723
vt 0.167725 0.992432
vt 0.166016 0.988037
vt 0.165527 0.985352
vt 0.161377 0.981689
vt 0.163818 0.982422
vt 0.166504 0.990479
vt 0.170410 0.990234
vt 0.168457 0.989258
vt 0.168701 0.986328
vt 0.169922 0.987549
vt 0.170410 0.987549
vt 0.172607 0.988037
vt 0.171631 0.985107
vt 0.174316 0.983643
vt 0.175049 0.978271
vt 0.173096 0.979492
vt 0.172119 0.982422
vt 0.169922 0.979736
vt 0.169434 0.984375
vt 0.167725 0.981201
vt 0.165527 0.978516
vt 0.493164 0.015869
vt 0.493896 0.016113
vt 0.493408 0.020264
vt 0.399902 0.965576
vt 0.398438 0.970215
vt 0.396729 0.969727
vt 0.395508 0.972656
vt 0.397217 0.978027
vt 0.394531 0.970459
vt 0.397461 0.964111
vt 0.394287 0.966309
vt 0.391602 0.967285
vt 0.391602 0.971924
vt 0.394531 0.979492
vt 0.391357 0.976318
vt 0.397217 0.984131
vt 0.393799 0.983398
vt 0.389404 0.981934
vt 0.395508 0.988525
vt 0.388916 0.983887
vt 0.398682 0.989502
vt 0.399658 0.986816
vt 0.401367 0.991943
vt 0.397217 0.993896
vt 0.396484 0.990967
vt 0.391113 0.989014
vt 0.394043 0.991943
vt 0.389648 0.989990
vt 0.391602 0.993164
vt 0.389160 0.991455
vt 0.889893 0.769775
vt 0.888672 0.776611
vt 0.885498 0.768555
vt 0.885742 0.773193
vt 0.883057 0.772461
vt 0.878906 0.771240
vt 0.485596 0.661865
vt 0.487305 0.663330
vt 0.484131 0.665771
vt 0.487549 0.666748
vt 0.491699 0.668945
vt 0.491943 0.670166
vt 0.488525 0.671875
vt 0.494141 0.675537
vt 0.484863 0.669678
vt 0.489014 0.674561
vt 0.493896 0.677734
vt 0.483887 0.674805
vt 0.488281 0.679932
vt 0.493164 0.682129
vt 0.497070 0.677246
vt 0.483887 0.679932
vt 0.488037 0.687988
vt 0.493652 0.688232
vt 0.498047 0.687256
vt 0.499268 0.682861
vt 0.496826 0.688965
vt 0.491699 0.690674
vt 0.496094 0.691406
vt 0.613037 0.987549
vt 0.613037 0.993896
vt 0.608643 0.987305
vt 0.609131 0.991211
vt 0.435318 0.517238
vt 0.415753 0.512772
vt 0.415250 0.517238
vt 0.468172 0.403266
vt 0.468172 0.431092
vt 0.461431 0.431092
vt 0.461431 0.403266
vt 0.415753 0.521703
vt 0.454691 0.431092
vt 0.454691 0.403266
vt 0.417237 0.525945
vt 0.447951 0.431092
vt 0.447951 0.403266
vt 0.419628 0.529750
vt 0.441211 0.431092
vt 0.441211 0.403266
vt 0.422806 0.532927
vt 0.434471 0.431092
vt 0.434471 0.403266
vt 0.426611 0.535318
vt 0.427730 0.431092
vt 0.427730 0.403266
vt 0.430852 0.536803
vt 0.420990 0.431092
vt 0.420990 0.403266
vt 0.435318 0.537306
vt 0.414250 0.431092
vt 0.414250 0.403266
vt 0.564271 0.648580
vt 0.564271 0.666165
vt 0.577215 0.648580
vt 0.577215 0.666165
vt 0.578303 0.648557
vt 0.564113 0.648557
vt 0.564113 0.667298
vt 0.578303 0.667298
vt 0.492963 0.517669
vt 0.474933 0.513554
vt 0.474469 0.517669
vt 0.650741 0.385398
vt 0.650741 0.309224
vt 0.664316 0.309224
vt 0.664316 0.385398
vt 0.474933 0.521785
vt 0.677890 0.309224
vt 0.677890 0.385398
vt 0.476301 0.525694
vt 0.691465 0.309224
vt 0.691465 0.385398
vt 0.478504 0.529200
vt 0.705040 0.309224
vt 0.705040 0.385398
vt 0.481432 0.532129
vt 0.718615 0.309224
vt 0.718615 0.385398
vt 0.484939 0.534332
vt 0.732190 0.309224
vt 0.732190 0.385398
vt 0.488848 0.535700
vt 0.745765 0.309224
vt 0.745765 0.385398
vt 0.492963 0.536164
vt 0.759340 0.309224
vt 0.759340 0.385398
vt 0.618022 0.467637
vt 0.627764 0.467637
vt 0.627764 0.470956
vt 0.618022 0.470956
vt 0.627764 0.474274
vt 0.618022 0.474274
vt 0.627764 0.477593
vt 0.618022 0.477593
vt 0.627764 0.480911
vt 0.618022 0.480911
vt 0.618022 0.447726
vt 0.627764 0.447726
vt 0.627764 0.451044
vt 0.618022 0.451044
vt 0.627764 0.454363
vt 0.618022 0.454363
vt 0.627764 0.457682
vt 0.618022 0.457682
vt 0.627764 0.461000
vt 0.618022 0.461000
vt 0.627764 0.464319
vt 0.618022 0.464319
vt 0.637505 0.467637
vt 0.637505 0.470956
vt 0.637505 0.474274
vt 0.637505 0.477593
vt 0.637505 0.480911
vt 0.637505 0.447726
vt 0.637505 0.451044
vt 0.637505 0.454363
vt 0.637505 0.457682
vt 0.637505 0.461000
vt 0.637505 0.464319
vt 0.647247 0.467637
vt 0.647247 0.470956
vt 0.647247 0.474274
vt 0.647247 0.477593
vt 0.647247 0.480911
vt 0.647247 0.447726
vt 0.647247 0.451044
vt 0.647247 0.454363
vt 0.647247 0.457682
vt 0.647247 0.461000
vt 0.647247 0.464319
vt 0.656989 0.467637
vt 0.656989 0.470956
vt 0.656989 0.474274
vt 0.656989 0.477593
vt 0.656989 0.480911
vt 0.656989 0.447726
vt 0.656989 0.451044
vt 0.656989 0.454363
vt 0.656989 0.457682
vt 0.656989 0.461000
vt 0.656989 0.464319
vt 0.666730 0.467637
vt 0.666730 0.470956
vt 0.666730 0.474274
vt 0.666730 0.477593
vt 0.666730 0.480911
vt 0.666730 0.447726
vt 0.666730 0.451044
vt 0.666730 0.454363
vt 0.666730 0.457682
vt 0.666730 0.461000
vt 0.666730 0.464319
vt 0.676472 0.467637
vt 0.676472 0.470956
vt 0.676472 0.474274
vt 0.676472 0.477593
vt 0.676472 0.480911
vt 0.676472 0.447726
vt 0.676472 0.451044
vt 0.676472 0.454363
vt 0.676472 0.457682
vt 0.676472 0.461000
vt 0.676472 0.464319
vt 0.686213 0.467637
vt 0.686213 0.470956
vt 0.686213 0.474274
vt 0.686213 0.477593
vt 0.686213 0.480911
vt 0.686213 0.447726
vt 0.686213 0.451044
vt 0.686213 0.454363
vt 0.686213 0.457682
vt 0.686213 0.461000
vt 0.686213 0.464319
vt 0.413448 0.467637
vt 0.423190 0.467637
vt 0.423190 0.470956
vt 0.413448 0.470956
vt 0.423190 0.474274
vt 0.413448 0.474274
vt 0.423190 0.477593
vt 0.413448 0.477593
vt 0.423190 0.480911
vt 0.413448 0.480911
vt 0.413448 0.447726
vt 0.423190 0.447726
vt 0.423190 0.451044
vt 0.413448 0.451044
vt 0.423190 0.454363
vt 0.413448 0.454363
vt 0.423190 0.457682
vt 0.413448 0.457682
vt 0.423190 0.461000
vt 0.413448 0.461000
vt 0.423190 0.464319
vt 0.413448 0.464319
vt 0.890381 0.432373
vt 0.887695 0.426025
vt 0.890869 0.427490
vt 0.895752 0.423584
vt 0.892822 0.427979
vt 0.894775 0.430176
vt 0.711914 0.050781
vt 0.724121 0.056641
vt 0.714600 0.060059
vt 0.707275 0.054932
vt 0.706787 0.051514
vt 0.694580 0.046875
vt 0.697266 0.052246
vt 0.691650 0.049805
vt 0.689697 0.054932
vt 0.685059 0.053955
vt 0.691162 0.045898
vt 0.681396 0.044922
vt 0.681396 0.052979
vt 0.070557 0.965576
vt 0.075928 0.973389
vt 0.073242 0.971924
vt 0.069580 0.975098
vt 0.068848 0.968018
vt 0.067383 0.971680
vt 0.064941 0.964111
vt 0.067871 0.955811
vt 0.062988 0.966064
vt 0.064209 0.974854
vt 0.060059 0.971924
vt 0.056396 0.961670
vt 0.060303 0.958740
vt 0.065186 0.954834
vt 0.057861 0.954590
vt 0.055664 0.957764
vt 0.053467 0.963135
vt 0.050049 0.958984
vt 0.044434 0.966797
vt 0.043701 0.954590
vt 0.043457 0.957275
vt 0.042725 0.958008
vt 0.043701 0.963623
vt 0.039062 0.965576
vt 0.043213 0.960449
vt 0.040283 0.961914
vt 0.041504 0.958496
vt 0.037109 0.957520
vt 0.107910 0.830566
vt 0.109375 0.837402
vt 0.106689 0.833252
vt 0.113770 0.837158
vt 0.113770 0.840820
vt 0.112549 0.844727
vt 0.112305 0.833984
vt 0.109131 0.842529
vt 0.113525 0.850342
vt 0.105469 0.840088
vt 0.101074 0.835205
vt 0.104492 0.843018
vt 0.108398 0.847656
vt 0.112061 0.853027
vt 0.102051 0.847168
vt 0.107910 0.850342
vt 0.108887 0.853760
vt 0.110107 0.858643
vt 0.103271 0.852295
vt 0.105469 0.856445
vt 0.106689 0.861572
vt 0.109375 0.861816
vt 0.098145 0.853760
vt 0.097656 0.849121
vt 0.094727 0.843994
vt 0.091309 0.848633
vt 0.095703 0.857422
vt 0.090820 0.854248
vt 0.100342 0.857666
vt 0.091553 0.856689
vt 0.098633 0.841797
vt 0.092773 0.841309
vt 0.093262 0.837402
vt 0.099365 0.839111
vt 0.096436 0.833252
vt 0.092773 0.832520
vt 0.092041 0.827881
vt 0.101562 0.831787
vt 0.096436 0.829834
vt 0.095947 0.826172
vt 0.102783 0.829346
vt 0.090332 0.822266
vt 0.092529 0.819824
vt 0.088867 0.816895
vt 0.101318 0.821777
vt 0.102539 0.826416
vt 0.108154 0.827393
vt 0.107910 0.824707
vt 0.113770 0.827881
vt 0.567139 0.017090
vt 0.568359 0.012939
vt 0.571289 0.017578
vt 0.565430 0.011963
vt 0.568604 0.005859
vt 0.571777 0.013916
vt 0.572754 0.009521
vt 0.571045 0.000977
vt 0.574707 0.006104
vt 0.576660 0.013428
vt 0.578613 0.011963
vt 0.576172 0.018799
vt 0.579590 0.017578
vt 0.582275 0.017334
vt 0.582764 0.021973
vt 0.585205 0.021484
vt 0.583984 0.028320
vt 0.579834 0.023682
vt 0.574951 0.022461
vt 0.578369 0.026611
vt 0.580322 0.031494
vt 0.584229 0.031738
vt 0.584717 0.038574
vt 0.570312 0.022217
vt 0.574707 0.027832
vt 0.566162 0.023926
vt 0.581055 0.039062
vt 0.584717 0.042236
vt 0.580811 0.044678
vt 0.578125 0.034912
vt 0.577637 0.039062
vt 0.574219 0.034424
vt 0.569824 0.026611
vt 0.572754 0.029785
vt 0.568848 0.030518
vt 0.566650 0.031006
vt 0.562988 0.027588
vt 0.565918 0.034424
vt 0.570801 0.036621
vt 0.574951 0.040771
vt 0.569336 0.040039
vt 0.564209 0.037842
vt 0.573242 0.043701
vt 0.569092 0.045166
vt 0.562988 0.040771
vt 0.573242 0.050537
vt 0.577148 0.045898
vt 0.579834 0.050293
vt 0.576172 0.049316
vt 0.576660 0.057129
vt 0.580078 0.055176
vt 0.437256 0.013428
vt 0.442383 0.015381
vt 0.444092 0.020264
vt 0.436035 0.014404
vt 0.439209 0.009033
vt 0.435791 0.010498
vt 0.445068 0.008057
vt 0.449219 0.001221
vt 0.454834 0.010986
vt 0.459961 0.012207
vt 0.456299 0.010498
vt 0.589111 0.071533
vt 0.594727 0.066650
vt 0.600098 0.079590
vt 0.590332 0.085938
vt 0.610352 0.086182
vt 0.575928 0.090332
vt 0.583496 0.094727
vt 0.575439 0.094727
vt 0.570068 0.094482
vt 0.583740 0.102539
vt 0.580322 0.099121
vt 0.577881 0.103516
vt 0.574463 0.107910
vt 0.573730 0.100098
vt 0.108887 0.869629
vt 0.111816 0.868652
vt 0.107422 0.885498
vt 0.104736 0.868164
vt 0.102051 0.872803
vt 0.101074 0.866455
vt 0.102539 0.863281
vt 0.100830 0.860352
vt 0.097168 0.860596
vt 0.093750 0.862793
vt 0.098877 0.864258
vt 0.062988 0.394531
vt 0.057373 0.404541
vt 0.059814 0.396240
vt 0.043945 0.389648
vt 0.039795 0.385254
vt 0.051270 0.385010
vt 0.033691 0.387451
vt 0.030029 0.383057
vt 0.049072 0.413574
vt 0.061035 0.405273
vt 0.030029 0.419678
vt 0.060303 0.411865
vt 0.067383 0.409424
vt 0.055908 0.413330
vt 0.043701 0.424316
vt 0.037109 0.426270
vt 0.049805 0.420410
vt 0.046387 0.427490
vt 0.043701 0.432129
vt 0.055908 0.417725
vt 0.050537 0.423096
vt 0.054688 0.425537
vt 0.048340 0.430420
vt 0.058838 0.419678
vt 0.052246 0.427490
vt 0.054688 0.432617
vt 0.053467 0.436279
vt 0.058350 0.433350
vt 0.057861 0.439453
vt 0.062500 0.427246
vt 0.058838 0.427246
vt 0.062256 0.417969
vt 0.482178 0.815186
vt 0.486572 0.817383
vt 0.481201 0.817627
vt 0.475098 0.816650
vt 0.481689 0.810791
vt 0.339844 0.006104
vt 0.340088 0.002441
vt 0.345947 0.001221
vt 0.343262 0.011963
vt 0.335205 0.013428
vt 0.342041 0.020020
vt 0.333496 0.017090
vt 0.346436 0.019043
vt 0.338135 0.023193
vt 0.972168 0.862793
vt 0.959473 0.863770
vt 0.968506 0.860107
vt 0.980713 0.861816
vt 0.978027 0.858154
vt 0.969238 0.857422
vt 0.973633 0.855713
vt 0.973877 0.860107
vt 0.965576 0.856934
vt 0.955811 0.857910
vt 0.972168 0.849365
vt 0.978271 0.848877
vt 0.965576 0.853027
vt 0.971680 0.841553
vt 0.976318 0.840332
vt 0.983398 0.846191
vt 0.980469 0.841553
vt 0.983398 0.851074
vt 0.985840 0.853271
vt 0.991943 0.847900
vt 0.987061 0.844971
vt 0.985596 0.833984
vt 0.982422 0.837158
vt 0.978760 0.834717
vt 0.972168 0.835449
vt 0.973877 0.831787
vt 0.979004 0.825928
vt 0.968994 0.828613
vt 0.968750 0.825439
vt 0.963623 0.825439
vt 0.956299 0.822266
vt 0.963867 0.829834
vt 0.959717 0.827148
vt 0.957764 0.830566
vt 0.953857 0.836426
vt 0.964844 0.831055
vt 0.960938 0.833740
vt 0.968750 0.837402
vt 0.958740 0.842285
vt 0.952637 0.846436
vt 0.960693 0.845947
vt 0.963867 0.848633
vt 0.958008 0.849365
vt 0.954834 0.850586
vt 0.958740 0.853760
vt 0.033936 0.915283
vt 0.028564 0.929932
vt 0.030518 0.915039
vt 0.055176 0.937256
vt 0.053467 0.911377
vt 0.025879 0.927246
vt 0.024170 0.922607
vt 0.025879 0.912109
vt 0.018066 0.926270
vt 0.018311 0.916260
vt 0.015137 0.917236
vt 0.871094 0.981445
vt 0.878418 0.977051
vt 0.873291 0.983398
vt 0.867676 0.973633
vt 0.855225 0.972656
vt 0.861572 0.971191
vt 0.860107 0.965332
vt 0.856689 0.963623
vt 0.859375 0.979736
vt 0.852783 0.982910
vt 0.866455 0.984863
vt 0.874756 0.992432
vt 0.859619 0.990723
vt 0.870117 0.990234
vt 0.861816 0.994629
vt 0.847412 0.982666
vt 0.844482 0.989014
vt 0.851807 0.973633
vt 0.844971 0.982666
vt 0.848389 0.973877
vt 0.822998 0.005127
vt 0.816406 0.003418
vt 0.816895 0.000732
vt 0.825928 0.003662
vt 0.821289 0.007080
vt 0.818848 0.018555
vt 0.959229 0.439453
vt 0.955566 0.430908
vt 0.963379 0.436279
vt 0.958740 0.427979
vt 0.969727 0.436279
vt 0.986084 0.430664
vt 0.655273 0.989990
vt 0.658936 0.982910
vt 0.660400 0.988770
vt 0.658936 0.990234
vt 0.665771 0.994141
vt 0.659912 0.996094
vt 0.656494 0.996094
vt 0.011719 0.400391
vt 0.026611 0.403076
vt 0.024170 0.412842
vt 0.013916 0.406494
vt 0.013916 0.412598
vt 0.005127 0.400879
vt 0.007324 0.394531
vt 0.015625 0.394043
vt 0.024902 0.393311
vt 0.013428 0.389893
vt 0.025391 0.389404
vt 0.020996 0.380859
vt 0.027588 0.390869
vt 0.644043 0.907715
vt 0.649414 0.910889
vt 0.644043 0.912109
vt 0.649170 0.932617
vt 0.655029 0.942139
vt 0.648926 0.937256
vt 0.652100 0.943115
vt 0.657959 0.936279
vt 0.656982 0.923340
vt 0.662842 0.926270
vt 0.664795 0.922852
vt 0.660645 0.936523
vt 0.807129 0.007080
vt 0.804443 0.011963
vt 0.805176 0.003662
vt 0.805664 0.011230
vt 0.796387 0.008301
vt 0.791748 0.005615
vt 0.785156 0.011719
vt 0.800781 0.016357
vt 0.804688 0.014648
vt 0.789551 0.015381
vt 0.806396 0.018066
vt 0.810059 0.016602
vt 0.797119 0.022461
vt 0.786133 0.019775
vt 0.784912 0.020752
vt 0.794189 0.020752
vt 0.772217 0.000244
vt 0.780029 0.005371
vt 0.778076 0.011230
vt 0.770508 0.004150
vt 0.776123 0.013184
vt 0.768799 0.007324
vt 0.770752 0.018066
vt 0.779541 0.021240
vt 0.779541 0.012451
vt 0.809326 0.989746
vt 0.813477 0.983643
vt 0.817627 0.990967
vt 0.819580 0.979980
vt 0.826416 0.986328
vt 0.823975 0.980957
vt 0.826416 0.997803
vt 0.832764 0.993408
vt 0.833008 0.997314
vt 0.828613 0.987305
vt 0.833984 0.979248
vt 0.833740 0.991943
vt 0.231934 0.980713
vt 0.229004 0.992920
vt 0.221680 0.970215
vt 0.233887 0.990967
vt 0.238037 0.979736
vt 0.238525 0.989990
vt 0.347900 0.318604
vt 0.342529 0.313721
vt 0.348389 0.316162
vt 0.345947 0.312988
vt 0.350830 0.312988
vt 0.348633 0.309814
vt 0.355469 0.307617
vt 0.348145 0.305908
vt 0.348389 0.302734
vt 0.344238 0.310059
vt 0.338135 0.310547
vt 0.341309 0.304932
vt 0.343506 0.302246
vt 0.345459 0.299561
vt 0.344238 0.296143
vt 0.340820 0.295166
vt 0.335938 0.300781
vt 0.337158 0.309326
vt 0.335938 0.303467
vt 0.336426 0.294922
vt 0.317627 0.312744
vt 0.315430 0.318848
vt 0.308838 0.319580
vt 0.313477 0.311768
vt 0.334229 0.299805
vt 0.330811 0.295898
vt 0.332275 0.289307
vt 0.334717 0.288574
vt 0.309326 0.308838
vt 0.302246 0.313232
vt 0.303467 0.309814
vt 0.339111 0.285400
vt 0.332764 0.284668
vt 0.335938 0.278809
vt 0.343506 0.288330
vt 0.345459 0.291748
vt 0.350586 0.287842
vt 0.341064 0.281982
vt 0.336670 0.272461
vt 0.348389 0.283936
vt 0.351318 0.281006
vt 0.353027 0.283936
vt 0.354736 0.278809
vt 0.348877 0.279053
vt 0.345947 0.274658
vt 0.340820 0.273193
vt 0.347656 0.275146
vt 0.345703 0.268311
vt 0.350830 0.270020
vt 0.354248 0.270752
vt 0.357178 0.272217
vt 0.360596 0.265381
vt 0.023193 0.248047
vt 0.020508 0.244385
vt 0.025635 0.241699
vt 0.020264 0.256348
vt 0.023193 0.254150
vt 0.020020 0.229248
vt 0.027832 0.249268
vt 0.030762 0.256104
vt 0.034180 0.249756
vt 0.025635 0.221680
vt 0.020996 0.218018
vt 0.024658 0.230713
vt 0.033691 0.225098
vt 0.030762 0.230469
vt 0.037354 0.225586
vt 0.033203 0.241455
vt 0.035400 0.231689
vt 0.037842 0.249512
vt 0.038574 0.252930
vt 0.040527 0.248779
vt 0.042480 0.257324
vt 0.043701 0.256348
vt 0.043213 0.225342
vt 0.033936 0.235596
vt 0.044922 0.249756
vt 0.046875 0.252441
vt 0.047363 0.248535
vt 0.042236 0.245605
vt 0.045410 0.241211
vt 0.039795 0.238770
vt 0.041748 0.236572
vt 0.043213 0.232666
vt 0.047363 0.236572
vt 0.050537 0.233887
vt 0.048828 0.225586
vt 0.045410 0.217773
vt 0.030029 0.446045
vt 0.028320 0.453369
vt 0.017822 0.446289
vt 0.042969 0.447021
vt 0.023438 0.437012
vt 0.015137 0.445068
vt 0.019287 0.435547
vt 0.018555 0.433350
vt 0.043701 0.440430
vt 0.050537 0.441895
vt 0.038574 0.443604
vt 0.036377 0.436768
vt 0.031494 0.438477
vt 0.030762 0.430908
vt 0.025146 0.431641
vt 0.020508 0.431641
vt 0.019775 0.419922
vt 0.018066 0.431885
vt 0.017090 0.428955
vt 0.654785 0.008057
vt 0.648682 0.009033
vt 0.656494 0.000732
vt 0.645996 0.006592
vt 0.644287 0.010010
vt 0.655518 0.009766
vt 0.649902 0.010498
vt 0.658936 0.014404
vt 0.836670 0.967529
vt 0.829346 0.975098
vt 0.825195 0.972656
vt 0.840332 0.968994
vt 0.827881 0.964111
vt 0.824219 0.970703
vt 0.837402 0.956543
vt 0.848145 0.960693
vt 0.832764 0.955566
vt 0.828613 0.958740
vt 0.826416 0.954102
vt 0.845215 0.956299
vt 0.828369 0.949219
vt 0.823486 0.948486
vt 0.824463 0.939209
vt 0.830566 0.941895
vt 0.829834 0.933594
vt 0.836426 0.932617
vt 0.834473 0.941895
vt 0.839111 0.942627
vt 0.844482 0.938965
vt 0.842529 0.947266
vt 0.848633 0.947510
vt 0.471924 0.990723
vt 0.466553 0.986328
vt 0.475098 0.978271
vt 0.467773 0.979980
vt 0.479736 0.979736
vt 0.480469 0.989258
vt 0.474854 0.968994
vt 0.488770 0.979004
vt 0.490723 0.983887
vt 0.492432 0.978516
vt 0.496826 0.973633
vt 0.492188 0.964600
vt 0.483154 0.968994
vt 0.486816 0.970703
vt 0.485596 0.962158
vt 0.491943 0.960693
vt 0.490723 0.949707
vt 0.484131 0.952148
vt 0.472900 0.948486
vt 0.478516 0.958252
vt 0.470703 0.961426
vt 0.468262 0.972412
vt 0.459473 0.967041
vt 0.562500 0.883057
vt 0.567139 0.883057
vt 0.569580 0.892090
vt 0.564453 0.876953
vt 0.562256 0.887695
vt 0.567139 0.899170
vt 0.560791 0.892578
vt 0.568604 0.905518
vt 0.562500 0.901123
vt 0.565186 0.906738
vt 0.562012 0.909912
vt 0.557129 0.902588
vt 0.557373 0.895508
vt 0.553955 0.899170
vt 0.546143 0.890869
vt 0.554199 0.891602
vt 0.554932 0.887207
vt 0.544678 0.885010
vt 0.541992 0.886230
vt 0.539795 0.883789
vt 0.551514 0.880615
vt 0.554443 0.880371
vt 0.549805 0.874512
vt 0.556152 0.877686
vt 0.544189 0.875000
vt 0.540771 0.871826
vt 0.553711 0.868896
vt 0.549072 0.870117
vt 0.548096 0.867188
vt 0.543213 0.861572
vt 0.542969 0.857666
vt 0.537354 0.860107
vt 0.539795 0.864502
vt 0.533691 0.860596
vt 0.537109 0.867188
vt 0.534424 0.868652
vt 0.529053 0.864258
vt 0.551758 0.967773
vt 0.567383 0.963379
vt 0.553955 0.971191
vt 0.557373 0.974121
vt 0.564941 0.957031
vt 0.550049 0.959717
vt 0.553223 0.948242
vt 0.562500 0.948486
vt 0.573730 0.941406
vt 0.579102 0.949219
vt 0.583496 0.943359
vt 0.577393 0.955078
vt 0.582764 0.950684
vt 0.587891 0.949219
vt 0.578125 0.960693
vt 0.579102 0.965332
vt 0.580566 0.970459
vt 0.585693 0.958984
vt 0.593262 0.959473
vt 0.417725 0.932373
vt 0.427246 0.934082
vt 0.426270 0.937988
vt 0.423340 0.928711
vt 0.433838 0.926514
vt 0.420654 0.924072
vt 0.442871 0.930420
vt 0.432129 0.935791
vt 0.431885 0.940430
vt 0.415771 0.943604
vt 0.428955 0.947021
vt 0.436768 0.940674
vt 0.441406 0.945068
vt 0.428223 0.952881
vt 0.445801 0.931885
vt 0.440918 0.942139
vt 0.448486 0.919434
vt 0.441162 0.922607
vt 0.442627 0.919678
vt 0.449463 0.913818
vt 0.456543 0.924072
vt 0.453125 0.928223
vt 0.463379 0.923828
vt 0.460449 0.927734
vt 0.448975 0.932861
vt 0.455322 0.932617
vt 0.459473 0.931885
vt 0.448730 0.942139
vt 0.453125 0.938721
vt 0.448486 0.946777
vt 0.459717 0.937500
vt 0.463135 0.937012
vt 0.456055 0.940430
vt 0.463379 0.945557
vt 0.466797 0.946045
vt 0.465576 0.956299
vt 0.461426 0.953857
vt 0.457031 0.947021
vt 0.454834 0.958984
vt 0.451172 0.951904
vt 0.447021 0.961914
vt 0.441895 0.957520
vt 0.439453 0.952393
vt 0.431885 0.959229
vt 0.037598 0.033203
vt 0.029053 0.038818
vt 0.026367 0.034668
vt 0.026611 0.019775
vt 0.016846 0.027832
vt 0.037354 0.040039
vt 0.019043 0.038330
vt 0.011963 0.043213
vt 0.025635 0.046631
vt 0.021973 0.052734
vt 0.031494 0.047607
vt 0.043701 0.047607
vt 0.040283 0.056152
vt 0.035400 0.059814
vt 0.025879 0.064209
vt 0.716309 0.821045
vt 0.708496 0.816162
vt 0.714355 0.815918
vt 0.708252 0.809814
vt 0.704102 0.810547
vt 0.711914 0.802246
vt 0.697998 0.816162
vt 0.700439 0.819580
vt 0.700684 0.834717
vt 0.690674 0.827148
vt 0.707031 0.842285
vt 0.686768 0.832764
vt 0.688721 0.838623
vt 0.704102 0.849121
vt 0.688232 0.843994
vt 0.711182 0.853516
vt 0.691650 0.854492
vt 0.704102 0.858887
vt 0.714111 0.871094
vt 0.697754 0.866455
vt 0.979004 0.042236
vt 0.975830 0.037109
vt 0.981445 0.038086
vt 0.990479 0.040283
vt 0.984619 0.048096
vt 0.999268 0.041260
vt 0.999756 0.030518
vt 0.986572 0.032959
vt 0.991211 0.022217
vt 0.999268 0.014404
vt 0.985840 0.014160
vt 0.979736 0.014893
vt 0.972900 0.024658
vt 0.970947 0.013916
vt 0.964600 0.015869
vt 0.962891 0.021240
vt 0.959717 0.017334
vt 0.961182 0.013672
vt 0.359619 0.989502
vt 0.355225 0.987793
vt 0.358398 0.982910
vt 0.349609 0.985596
vt 0.353027 0.982178
vt 0.348389 0.978760
vt 0.352539 0.972412
vt 0.348633 0.971924
vt 0.353760 0.966309
vt 0.355225 0.976807
vt 0.355713 0.971191
vt 0.359863 0.967041
vt 0.356689 0.962891
vt 0.361328 0.971436
vt 0.361572 0.962891
vt 0.363525 0.958496
vt 0.364258 0.963623
vt 0.365723 0.969482
vt 0.369385 0.962891
vt 0.372070 0.959717
vt 0.367188 0.965576
vt 0.376709 0.966064
vt 0.371094 0.968506
vt 0.369385 0.972168
vt 0.375488 0.969482
vt 0.380615 0.971436
vt 0.384277 0.970459
vt 0.374512 0.975342
vt 0.379150 0.974854
vt 0.383057 0.978271
vt 0.365967 0.976318
vt 0.370117 0.977539
vt 0.361084 0.975830
vt 0.358398 0.979248
vt 0.362793 0.980469
vt 0.365723 0.981689
vt 0.367676 0.985596
vt 0.367920 0.990967
vt 0.373291 0.982178
vt 0.374023 0.986572
vt 0.376465 0.990479
vt 0.377441 0.980469
vt 0.380371 0.981934
vt 0.382324 0.984131
vt 0.383789 0.988770
vt 0.317139 0.944824
vt 0.322021 0.946045
vt 0.319580 0.953613
vt 0.333496 0.938232
vt 0.328369 0.944824
vt 0.324707 0.949951
vt 0.332275 0.946777
vt 0.341064 0.951172
vt 0.336670 0.949463
vt 0.333252 0.954590
vt 0.326904 0.961914
vt 0.326660 0.957031
vt 0.330322 0.949219
vt 0.333740 0.950928
vt 0.329834 0.953369
vt 0.973145 0.133301
vt 0.977295 0.131104
vt 0.978516 0.135498
vt 0.976562 0.125732
vt 0.969482 0.129395
vt 0.984375 0.130615
vt 0.975342 0.122314
vt 0.981934 0.120850
vt 0.981445 0.114746
vt 0.984375 0.125732
vt 0.988281 0.120605
vt 0.992188 0.115723
vt 0.993408 0.121826
vt 0.989502 0.126465
vt 0.994141 0.126953
vt 0.998779 0.127930
vt 0.992920 0.130615
vt 0.996582 0.134033
vt 0.990234 0.134766
vt 0.993896 0.139160
vt 0.988770 0.140625
vt 0.984375 0.135010
vt 0.984131 0.140381
vt 0.064697 0.676025
vt 0.071533 0.672363
vt 0.063721 0.692871
vt 0.067871 0.704102
vt 0.075684 0.671875
vt 0.074219 0.688721
vt 0.078857 0.673096
vt 0.080566 0.708984
vt 0.074219 0.709717
vt 0.076416 0.723389
vt 0.073730 0.721680
vt 0.071289 0.724121
vt 0.503906 0.074463
vt 0.500732 0.070801
vt 0.520264 0.054688
vt 0.512939 0.053711
vt 0.505371 0.077393
vt 0.540283 0.047119
vt 0.545654 0.035156
vt 0.549805 0.035400
vt 0.557373 0.032471
vt 0.544678 0.032227
vt 0.523926 0.043945
vt 0.550781 0.026123
vt 0.549316 0.031982
vt 0.958252 0.790283
vt 0.965088 0.773682
vt 0.966309 0.790771
vt 0.972412 0.774414
vt 0.971680 0.788818
vt 0.957764 0.762207
vt 0.952881 0.768066
vt 0.958740 0.743652
vt 0.963623 0.743896
vt 0.965088 0.750244
vt 0.967529 0.744141
vt 0.969727 0.758545
vt 0.971436 0.746826
vt 0.975098 0.744629
vt 0.973877 0.748779
vt 0.977783 0.748779
vt 0.980225 0.744629
vt 0.983643 0.771729
vt 0.979248 0.769287
vt 0.977783 0.790527
vt 0.944336 0.994141
vt 0.967041 0.998047
vt 0.941650 0.999023
vt 0.467285 0.007568
vt 0.464600 0.003174
vt 0.470215 0.003906
vt 0.464600 0.012207
vt 0.470947 0.010254
vt 0.651275 0.199864
vt 0.625679 0.268063
vt 0.638241 0.271684
vt 0.578786 0.209683
vt 0.581279 0.222607
vt 0.561560 0.229014
vt 0.557797 0.212527
vt 0.651275 0.272832
vt 0.676852 0.268013
vt 0.688582 0.262306
vt 0.699658 0.280843
vt 0.684421 0.288181
vt 0.603477 0.254573
vt 0.613971 0.262300
vt 0.664280 0.271528
vt 0.668118 0.292680
vt 0.594362 0.245251
vt 0.587189 0.234350
vt 0.577523 0.258679
vt 0.568206 0.244565
vt 0.598737 0.149633
vt 0.590253 0.159584
vt 0.572548 0.147897
vt 0.583092 0.134675
vt 0.584008 0.171113
vt 0.564534 0.162789
vt 0.632012 0.130067
vt 0.619722 0.134343
vt 0.610346 0.114874
vt 0.626179 0.108932
vt 0.578636 0.196602
vt 0.608627 0.141164
vt 0.595828 0.123548
vt 0.580359 0.183678
vt 0.693987 0.141075
vt 0.682887 0.134220
vt 0.692204 0.114874
vt 0.706722 0.123548
vt 0.707994 0.245096
vt 0.715402 0.234372
vt 0.734343 0.244565
vt 0.725027 0.258679
vt 0.557038 0.195632
vt 0.559308 0.178873
vt 0.718164 0.171274
vt 0.711974 0.159797
vt 0.730002 0.147897
vt 0.738016 0.162789
vt 0.703887 0.149561
vt 0.719458 0.134675
vt 0.644774 0.127634
vt 0.699073 0.254574
vt 0.713340 0.270903
vt 0.657812 0.127233
vt 0.723938 0.196601
vt 0.723130 0.209598
vt 0.670632 0.129726
vt 0.720654 0.222407
vt 0.745512 0.195632
vt 0.744753 0.212527
vt 0.722076 0.183704
vt 0.676371 0.108932
vt 0.651275 0.294196
vt 0.642819 0.105912
vt 0.743242 0.178873
vt 0.618129 0.288181
vt 0.602892 0.280843
vt 0.740990 0.229014
vt 0.659731 0.105912
vt 0.634431 0.292680
vt 0.589210 0.270903
s 1
usemtl material0
f 20/1/1 12/2/2 35/3/3
f 35/3/3 12/2/2 16/4/4
f 35/3/3 16/4/4 27/5/5
f 27/5/5 16/4/4 38/6/6
f 20/1/1 35/3/3 26/7/7
f 27/5/5 38/6/6 50/8/8
f 27/5/5 50/8/8 35/3/3
f 26/7/7 35/3/3 31/9/9
f 35/3/3 50/8/8 46/10/10
f 35/3/3 46/10/10 31/9/9
f 82/11/11 50/8/8 38/6/6
f 46/10/10 50/8/8 75/12/12
f 75/12/12 50/8/8 82/11/11
f 46/10/10 75/12/12 70/13/13
f 31/9/9 46/10/10 41/14/14
f 41/14/14 46/10/10 70/13/13
f 58/15/15 41/14/14 70/13/13
f 296/16/16 271/17/17 269/18/18
f 269/18/18 271/17/17 277/19/19
f 277/19/19 271/17/17 282/20/20
f 282/20/20 271/17/17 260/21/21
f 282/20/20 260/21/21 250/22/22
f 230/23/23 250/22/22 224/24/24
f 250/22/22 260/21/21 238/25/25
f 250/22/22 238/25/25 224/24/24
f 238/25/25 260/21/21 213/26/26
f 213/26/26 260/21/21 177/27/27
f 224/24/24 238/25/25 221/28/28
f 238/25/25 213/26/26 204/29/29
f 204/29/29 213/26/26 177/27/27
f 238/25/25 204/29/29 221/28/28
f 224/24/24 221/28/28 199/30/30
f 204/29/29 177/27/27 183/31/31
f 204/29/29 183/31/31 221/28/28
f 199/30/30 221/28/28 170/32/32
f 170/32/32 221/28/28 183/31/31
f 183/31/31 177/27/27 138/33/33
f 170/32/32 183/31/31 136/34/34
f 136/34/34 183/31/31 138/33/33
f 136/34/34 138/33/33 87/35/35
f 138/33/33 58/15/15 87/35/35
f 87/35/35 58/15/15 102/36/36
f 87/35/35 102/36/36 136/34/34
f 102/36/36 58/15/15 70/13/13
f 136/34/34 102/36/36 132/37/37
f 132/37/37 102/36/36 70/13/13
f 136/34/34 132/37/37 170/32/32
f 132/37/37 70/13/13 118/38/38
f 118/38/38 70/13/13 75/12/12
f 170/32/32 132/37/37 174/39/39
f 174/39/39 132/37/37 118/38/38
f 170/32/32 174/39/39 199/30/30
f 118/38/38 75/12/12 121/40/40
f 174/39/39 118/38/38 154/41/41
f 154/41/41 118/38/38 121/40/40
f 121/40/40 75/12/12 82/11/11
f 199/30/30 174/39/39 195/42/42
f 195/42/42 174/39/39 154/41/41
f 199/30/30 195/42/42 219/43/43
f 219/43/43 195/42/42 210/44/44
f 195/42/42 154/41/41 162/45/45
f 195/42/42 162/45/45 210/44/44
f 162/45/45 154/41/41 121/40/40
f 210/44/44 162/45/45 188/46/46
f 188/46/46 162/45/45 145/47/47
f 162/45/45 121/40/40 113/48/48
f 162/45/45 113/48/48 145/47/47
f 113/48/48 121/40/40 82/11/11
f 145/47/47 113/48/48 96/49/49
f 96/49/49 113/48/48 82/11/11
f 145/47/47 96/49/49 146/50/50
f 146/50/50 96/49/49 78/51/51
f 96/49/49 82/11/11 67/52/52
f 96/49/49 67/52/52 78/51/51
f 67/52/52 82/11/11 38/6/6
f 67/52/52 38/6/6 33/53/53
f 78/51/51 67/52/52 52/54/54
f 78/51/51 52/54/54 60/55/55
f 250/56/22 268/57/56 282/58/20
f 282/58/20 268/57/56 279/59/57
f 282/58/20 279/59/57 277/60/19
f 268/57/56 250/56/22 230/61/23
f 279/59/57 268/57/56 263/62/58
f 279/59/57 263/62/58 277/60/19
f 268/57/56 230/61/23 244/63/59
f 268/57/56 244/63/59 263/62/58
f 224/64/24 199/65/30 230/61/23
f 230/61/23 199/65/30 246/66/60
f 230/61/23 246/66/60 244/63/59
f 246/66/60 199/65/30 219/67/43
f 244/63/59 246/66/60 253/68/61
f 253/68/61 246/66/60 219/67/43
f 296/69/16 269/70/18 277/60/19
f 296/69/16 277/60/19 263/62/58
f 237/71/62 263/62/58 244/63/59
f 237/71/62 244/63/59 253/68/61
f 263/62/58 237/71/62 249/72/63
f 263/62/58 249/72/63 292/73/64
f 263/62/58 292/73/64 296/69/16
f 249/72/63 237/71/62 254/74/65
f 237/71/62 253/68/61 236/75/66
f 237/71/62 236/75/66 254/74/65
f 236/75/66 253/68/61 231/76/67
f 249/72/63 254/74/65 248/77/68
f 249/72/63 248/77/68 292/73/64
f 254/74/65 236/75/66 205/78/69
f 205/78/69 236/75/66 231/76/67
f 248/77/68 254/74/65 233/79/70
f 231/76/67 253/68/61 212/80/71
f 212/80/71 253/68/61 219/67/43
f 231/76/67 212/80/71 163/81/72
f 254/74/65 205/78/69 218/82/73
f 254/74/65 218/82/73 233/79/70
f 205/78/69 231/76/67 155/83/74
f 155/83/74 231/76/67 163/81/72
f 205/78/69 155/83/74 218/82/73
f 212/80/71 219/67/43 214/84/75
f 214/84/75 219/67/43 210/85/44
f 214/84/75 210/85/44 188/86/46
f 212/80/71 214/84/75 130/87/76
f 212/80/71 130/87/76 163/81/72
f 130/87/76 214/84/75 188/86/46
f 163/81/72 130/87/76 155/83/74
f 130/87/76 188/86/46 146/88/50
f 146/88/50 188/86/46 145/89/47
f 155/83/74 130/87/76 106/90/77
f 130/87/76 146/88/50 115/91/78
f 130/87/76 115/91/78 106/90/77
f 115/91/78 146/88/50 104/92/79
f 104/92/79 146/88/50 78/93/51
f 115/91/78 104/92/79 74/94/80
f 115/91/78 74/94/80 106/90/77
f 104/92/79 78/93/51 60/95/55
f 104/92/79 60/95/55 74/94/80
f 117/96/81 155/83/74 106/90/77
f 74/94/80 60/95/55 47/97/82
f 106/90/77 74/94/80 72/98/83
f 74/94/80 47/97/82 61/99/84
f 74/94/80 61/99/84 72/98/83
f 106/90/77 72/98/83 92/100/85
f 106/90/77 92/100/85 117/96/81
f 92/100/85 72/98/83 71/101/86
f 182/102/87 155/83/74 117/96/81
f 155/83/74 182/102/87 218/82/73
f 72/98/83 61/99/84 55/103/88
f 72/98/83 55/103/88 71/101/86
f 55/103/88 61/99/84 53/104/89
f 53/104/89 61/99/84 47/97/82
f 218/82/73 182/102/87 215/105/90
f 218/82/73 215/105/90 233/79/70
f 53/104/89 47/97/82 37/106/91
f 37/106/91 47/97/82 60/95/55
f 55/103/88 53/104/89 57/107/92
f 57/107/92 53/104/89 37/106/91
f 55/103/88 57/107/92 62/108/93
f 55/103/88 62/108/93 71/101/86
f 57/107/92 37/106/91 43/109/94
f 37/106/91 60/95/55 51/110/95
f 37/106/91 51/110/95 43/109/94
f 51/110/95 60/95/55 52/111/54
f 51/110/95 52/111/54 45/112/96
f 45/112/96 52/111/54 67/113/52
f 45/112/96 67/113/52 21/114/97
f 45/112/96 21/114/97 51/110/95
f 21/114/97 67/113/52 33/115/53
f 21/114/97 33/115/53 22/116/98
f 22/116/98 33/115/53 38/117/6
f 51/110/95 21/114/97 14/118/99
f 14/118/99 21/114/97 22/116/98
f 22/116/98 38/117/6 16/119/4
f 51/110/95 14/118/99 30/120/100
f 51/110/95 30/120/100 43/109/94
f 14/118/99 22/116/98 19/121/101
f 22/116/98 16/119/4 8/122/102
f 22/116/98 8/122/102 19/121/101
f 8/122/102 16/119/4 12/123/2
f 19/121/101 13/124/103 14/118/99
f 17/125/104 30/120/100 14/118/99
f 17/125/104 14/118/99 13/124/103
f 30/120/100 17/125/104 29/126/105
f 30/120/100 29/126/105 43/109/94
f 17/125/104 13/124/103 11/127/106
f 11/127/106 13/124/103 3/128/107
f 29/126/105 17/125/104 28/129/108
f 28/129/108 17/125/104 11/127/106
f 11/127/106 3/128/107 10/130/109
f 11/127/106 10/130/109 28/129/108
f 3/128/107 4/131/110 1/132/111
f 3/128/107 1/132/111 10/130/109
f 1/132/111 4/131/110 5/133/112
f 1/132/111 5/133/112 10/130/109
f 10/130/109 5/133/112 39/134/113
f 10/130/109 39/134/113 59/135/114
f 10/130/109 59/135/114 28/129/108
f 59/135/114 39/134/113 54/136/115
f 44/137/116 29/126/105 28/129/108
f 44/137/116 28/129/108 59/135/114
f 29/126/105 44/137/116 43/109/94
f 59/135/114 54/136/115 68/138/117
f 68/138/117 54/136/115 76/139/118
f 44/137/116 59/135/114 64/140/119
f 64/140/119 59/135/114 68/138/117
f 43/109/94 44/137/116 65/141/120
f 65/141/120 44/137/116 64/140/119
f 43/109/94 65/141/120 57/107/92
f 57/107/92 65/141/120 62/108/93
f 68/138/117 76/139/118 97/142/121
f 65/141/120 64/140/119 73/143/122
f 65/141/120 73/143/122 62/108/93
f 64/140/119 68/138/117 85/144/123
f 85/144/123 68/138/117 97/142/121
f 64/140/119 85/144/123 73/143/122
f 97/142/121 76/139/118 120/145/124
f 97/142/121 120/145/124 85/144/123
f 120/145/124 76/139/118 107/146/125
f 73/143/122 85/144/123 112/147/126
f 112/147/126 85/144/123 120/145/124
f 103/148/127 62/108/93 73/143/122
f 103/148/127 73/143/122 112/147/126
f 62/108/93 103/148/127 71/101/86
f 112/147/126 120/145/124 134/149/128
f 134/149/128 120/145/124 116/150/129
f 134/149/128 116/150/129 156/151/130
f 112/147/126 134/149/128 160/152/131
f 103/148/127 112/147/126 140/153/132
f 140/153/132 112/147/126 160/152/131
f 71/101/86 103/148/127 119/154/133
f 119/154/133 103/148/127 140/153/132
f 71/101/86 119/154/133 90/155/134
f 71/101/86 90/155/134 92/100/85
f 92/100/85 90/155/134 111/156/135
f 111/156/135 90/155/134 119/154/133
f 92/100/85 111/156/135 117/96/81
f 186/157/136 160/152/131 134/149/128
f 186/157/136 134/149/128 156/151/130
f 186/157/136 156/151/130 207/158/137
f 207/158/137 156/151/130 191/159/138
f 160/152/131 186/157/136 196/160/139
f 160/152/131 196/160/139 140/153/132
f 186/157/136 207/158/137 225/161/140
f 186/157/136 225/161/140 196/160/139
f 225/161/140 207/158/137 265/162/141
f 140/153/132 196/160/139 180/163/142
f 140/153/132 180/163/142 119/154/133
f 196/160/139 225/161/140 216/164/143
f 196/160/139 216/164/143 180/163/142
f 225/161/140 265/162/141 252/165/144
f 225/161/140 252/165/144 216/164/143
f 119/154/133 180/163/142 153/166/145
f 252/165/144 265/162/141 287/167/146
f 119/154/133 153/166/145 133/168/147
f 119/154/133 133/168/147 111/156/135
f 153/166/145 180/163/142 193/169/148
f 153/166/145 193/169/148 133/168/147
f 111/156/135 133/168/147 141/170/149
f 141/170/149 133/168/147 193/169/148
f 111/156/135 141/170/149 117/96/81
f 117/96/81 141/170/149 182/102/87
f 182/102/87 141/170/149 200/171/150
f 200/171/150 141/170/149 193/169/148
f 182/102/87 200/171/150 215/105/90
f 208/172/151 193/169/148 180/163/142
f 193/169/148 208/172/151 200/171/150
f 208/172/151 180/163/142 216/164/143
f 215/105/90 200/171/150 222/173/152
f 222/173/152 200/171/150 208/172/151
f 208/172/151 216/164/143 240/174/153
f 208/172/151 240/174/153 222/173/152
f 240/174/153 216/164/143 252/165/144
f 240/174/153 252/165/144 273/175/154
f 240/174/153 273/175/154 222/173/152
f 273/175/154 252/165/144 287/167/146
f 215/105/90 222/173/152 228/176/155
f 215/105/90 228/176/155 233/79/70
f 233/79/70 228/176/155 248/77/68
f 248/77/68 228/176/155 278/177/156
f 248/77/68 278/177/156 292/73/64
f 228/176/155 222/173/152 262/178/157
f 228/176/155 262/178/157 278/177/156
f 278/177/156 262/178/157 290/179/158
f 278/177/156 290/179/158 292/73/64
f 292/73/64 290/179/158 295/180/159
f 292/73/64 295/180/159 296/69/16
f 290/179/158 262/178/157 289/181/160
f 290/179/158 289/181/160 295/180/159
f 295/180/159 289/181/160 293/182/161
f 295/180/159 293/182/161 296/69/16
f 289/181/160 262/178/157 270/183/162
f 270/183/162 262/178/157 222/173/152
f 293/182/161 289/181/160 297/184/163
f 293/182/161 297/184/163 296/69/16
f 297/184/163 289/181/160 270/183/162
f 270/183/162 222/173/152 288/185/164
f 270/183/162 288/185/164 297/184/163
f 288/185/164 222/173/152 273/175/154
f 288/185/164 273/175/154 291/186/165
f 288/185/164 291/186/165 297/184/163
f 291/186/165 273/175/154 287/167/146
f 294/187/166 297/184/163 291/186/165
f 294/187/166 291/186/165 287/167/146
f 294/187/166 287/167/146 265/162/141
f 207/188/137 227/189/167 265/190/141
f 227/189/167 207/188/137 209/191/168
f 209/191/168 207/188/137 191/192/138
f 243/193/169 227/189/167 209/191/168
f 261/194/170 243/193/169 241/195/171
f 241/195/171 243/193/169 209/191/168
f 261/194/170 241/195/171 258/196/172
f 261/194/170 258/196/172 266/197/173
f 261/194/170 266/197/173 272/198/174
f 258/196/172 241/195/171 245/199/175
f 258/196/172 245/199/175 266/197/173
f 241/195/171 209/191/168 211/200/176
f 241/195/171 211/200/176 245/199/175
f 211/200/176 209/191/168 185/201/177
f 266/197/173 245/199/175 234/202/178
f 234/202/178 245/199/175 211/200/176
f 266/197/173 234/202/178 259/203/179
f 234/202/178 211/200/176 201/204/180
f 201/204/180 211/200/176 185/201/177
f 234/202/178 201/204/180 223/205/181
f 234/202/178 223/205/181 259/203/179
f 223/205/181 201/204/180 184/206/182
f 284/207/183 272/198/174 266/197/173
f 284/207/183 266/197/173 259/203/179
f 272/198/174 284/207/183 286/208/184
f 259/203/179 223/205/181 217/209/185
f 217/209/185 223/205/181 184/206/182
f 284/207/183 259/203/179 275/210/186
f 284/207/183 275/210/186 286/208/184
f 259/203/179 217/209/185 255/211/187
f 259/203/179 255/211/187 275/210/186
f 217/209/185 184/206/182 220/212/188
f 217/209/185 220/212/188 255/211/187
f 165/213/189 184/206/182 201/204/180
f 165/213/189 201/204/180 185/201/177
f 220/212/188 184/206/182 159/214/190
f 159/214/190 184/206/182 165/213/189
f 165/213/189 185/201/177 152/215/191
f 256/216/192 275/210/186 255/211/187
f 165/213/189 152/215/191 147/217/193
f 232/218/194 255/211/187 220/212/188
f 152/215/191 185/201/177 157/219/195
f 152/215/191 157/219/195 147/217/193
f 157/219/195 185/201/177 190/220/196
f 190/220/196 185/201/177 209/191/168
f 190/220/196 209/191/168 191/192/138
f 190/220/196 171/221/197 157/219/195
f 157/219/195 171/221/197 164/222/198
f 157/219/195 164/222/198 147/217/193
f 171/221/197 167/223/199 164/222/198
f 164/222/198 167/223/199 143/224/200
f 164/222/198 143/224/200 147/217/193
f 143/224/200 167/223/199 142/225/201
f 147/217/193 143/224/200 139/226/202
f 139/226/202 143/224/200 142/225/201
f 147/217/193 139/226/202 165/213/189
f 165/213/189 139/226/202 159/214/190
f 139/226/202 142/225/201 149/227/203
f 139/226/202 149/227/203 159/214/190
f 149/227/203 142/225/201 158/228/204
f 149/227/203 158/228/204 176/229/205
f 149/227/203 176/229/205 159/214/190
f 176/229/205 158/228/204 189/230/206
f 159/214/190 176/229/205 197/231/207
f 159/214/190 197/231/207 220/212/188
f 176/229/205 189/230/206 206/232/208
f 176/229/205 206/232/208 197/231/207
f 206/232/208 189/230/206 198/233/209
f 220/212/188 197/231/207 232/218/194
f 206/232/208 198/233/209 229/234/210
f 197/231/207 206/232/208 226/235/211
f 226/235/211 206/232/208 229/234/210
f 197/231/207 226/235/211 232/218/194
f 226/235/211 229/234/210 239/236/212
f 232/218/194 226/235/211 235/237/213
f 232/218/194 235/237/213 255/211/187
f 255/211/187 235/237/213 256/216/192
f 235/237/213 226/235/211 242/238/214
f 235/237/213 242/238/214 256/216/192
f 242/238/214 226/235/211 239/236/212
f 242/238/214 239/236/212 257/239/215
f 242/238/214 257/239/215 256/216/192
f 257/239/215 239/236/212 251/240/216
f 256/216/192 257/239/215 276/241/217
f 256/216/192 276/241/217 275/210/186
f 257/239/215 251/240/216 281/242/218
f 281/242/218 251/240/216 264/243/219
f 275/210/186 276/241/217 286/208/184
f 276/241/217 257/239/215 280/244/220
f 276/241/217 280/244/220 286/208/184
f 280/244/220 257/239/215 281/242/218
f 281/242/218 264/243/219 267/245/221
f 281/242/218 267/245/221 280/244/220
f 267/245/221 264/243/219 274/246/222
f 267/245/221 274/246/222 280/244/220
f 280/244/220 274/246/222 286/208/184
f 286/208/184 274/246/222 283/247/223
f 286/208/184 283/247/223 272/198/174
f 272/198/174 283/247/223 285/248/224
f 285/248/224 283/247/223 274/246/222
f 128/249/225 191/250/138 156/251/130
f 128/249/225 156/251/130 116/252/129
f 128/249/225 116/252/129 109/253/226
f 109/253/226 116/252/129 120/254/124
f 109/253/226 120/254/124 107/255/125
f 109/253/226 107/255/125 76/256/118
f 109/253/226 76/256/118 66/257/227
f 66/257/227 76/256/118 54/258/115
f 128/249/225 109/253/226 114/259/228
f 114/259/228 109/253/226 66/257/227
f 128/249/225 114/259/228 125/260/229
f 128/249/225 125/260/229 129/261/230
f 114/259/228 66/257/227 98/262/231
f 114/259/228 98/262/231 125/260/229
f 129/261/230 125/260/229 95/263/232
f 95/263/232 125/260/229 98/262/231
f 42/264/233 66/257/227 54/258/115
f 42/264/233 54/258/115 39/265/113
f 98/262/231 66/257/227 69/266/234
f 98/262/231 69/266/234 95/263/232
f 69/266/234 66/257/227 42/264/233
f 129/261/230 95/263/232 101/267/235
f 101/267/235 95/263/232 84/268/236
f 95/263/232 69/266/234 77/269/237
f 95/263/232 77/269/237 84/268/236
f 101/267/235 84/268/236 88/270/238
f 88/270/238 84/268/236 77/269/237
f 77/269/237 69/266/234 56/271/239
f 56/271/239 69/266/234 42/264/233
f 77/269/237 56/271/239 49/272/240
f 77/269/237 49/272/240 88/270/238
f 56/271/239 42/264/233 34/273/241
f 56/271/239 34/273/241 49/272/240
f 34/273/241 42/264/233 23/274/242
f 24/275/243 42/264/233 39/265/113
f 42/264/233 24/275/243 23/274/242
f 24/275/243 39/265/113 5/276/112
f 34/273/241 23/274/242 25/277/244
f 34/273/241 25/277/244 49/272/240
f 24/275/243 5/276/112 6/278/245
f 6/278/245 5/276/112 2/279/246
f 2/279/246 5/276/112 4/280/110
f 24/275/243 6/278/245 7/281/247
f 7/281/247 6/278/245 2/279/246
f 2/279/246 4/280/110 15/282/248
f 2/279/246 15/282/248 7/281/247
f 24/275/243 7/281/247 9/283/249
f 9/283/249 7/281/247 15/282/248
f 24/275/243 9/283/249 23/274/242
f 9/283/249 15/282/248 18/284/250
f 9/283/249 18/284/250 23/274/242
f 23/274/242 18/284/250 25/277/244
f 18/284/250 15/282/248 36/285/251
f 25/277/244 18/284/250 32/286/252
f 32/286/252 18/284/250 36/285/251
f 25/277/244 32/286/252 49/272/240
f 32/286/252 36/285/251 40/287/253
f 49/272/240 32/286/252 48/288/254
f 48/288/254 32/286/252 40/287/253
f 49/272/240 48/288/254 63/289/255
f 49/272/240 63/289/255 88/270/238
f 88/270/238 63/289/255 48/288/254
f 150/290/256 187/291/257 166/292/258
f 122/293/259 150/290/256 131/294/260
f 131/294/260 150/290/256 166/292/258
f 94/295/261 122/293/259 105/296/262
f 105/296/262 122/293/259 131/294/260
f 131/294/260 166/292/258 148/297/263
f 148/297/263 166/292/258 168/298/264
f 105/296/262 131/294/260 110/299/265
f 110/299/265 131/294/260 148/297/263
f 148/297/263 168/298/264 126/300/266
f 148/297/263 126/300/266 110/299/265
f 105/296/262 110/299/265 86/301/267
f 80/302/268 94/295/261 105/296/262
f 80/302/268 105/296/262 86/301/267
f 86/301/267 110/299/265 91/303/269
f 91/303/269 110/299/265 126/300/266
f 86/301/267 91/303/269 80/302/268
f 94/295/261 80/302/268 89/304/270
f 94/295/261 89/304/270 100/305/271
f 89/304/270 80/302/268 79/306/272
f 89/304/270 79/306/272 100/305/271
f 79/306/272 80/302/268 83/307/273
f 83/307/273 80/302/268 91/303/269
f 91/303/269 126/300/266 124/308/274
f 124/308/274 126/300/266 172/309/275
f 91/303/269 124/308/274 127/310/276
f 127/310/276 124/308/274 172/309/275
f 83/307/273 91/303/269 93/311/277
f 93/311/277 91/303/269 127/310/276
f 79/306/272 83/307/273 81/312/278
f 81/312/278 83/307/273 93/311/277
f 79/306/272 81/312/278 100/305/271
f 93/311/277 127/310/276 108/313/279
f 93/311/277 108/313/279 81/312/278
f 127/310/276 172/309/275 144/314/280
f 127/310/276 144/314/280 108/313/279
f 144/314/280 172/309/275 175/315/281
f 81/312/278 108/313/279 99/316/282
f 81/312/278 99/316/282 100/305/271
f 108/313/279 144/314/280 137/317/283
f 137/317/283 144/314/280 175/315/281
f 99/316/282 108/313/279 123/318/284
f 99/316/282 123/318/284 100/305/271
f 123/318/284 108/313/279 137/317/283
f 100/305/271 123/318/284 135/319/285
f 137/317/283 175/315/281 151/320/286
f 137/317/283 151/320/286 123/318/284
f 123/318/284 151/320/286 135/319/285
f 151/320/286 175/315/281 181/321/287
f 135/319/285 151/320/286 161/322/288
f 161/322/288 151/320/286 181/321/287
f 135/319/285 161/322/288 179/323/289
f 179/323/289 161/322/288 181/321/287
f 142/324/201 167/325/199 169/326/290
f 142/324/201 169/326/290 178/327/291
f 142/324/201 178/327/291 158/328/204
f 158/328/204 178/327/291 189/329/206
f 189/329/206 178/327/291 202/330/292
f 189/329/206 202/330/292 198/331/209
f 198/331/209 202/330/292 203/332/293
f 198/331/209 203/332/293 229/333/210
f 229/333/210 203/332/293 239/334/212
f 239/334/212 203/332/293 251/335/216
f 251/335/216 203/332/293 202/330/292
f 251/335/216 202/330/292 247/336/294
f 251/335/216 247/336/294 264/337/219
f 187/338/257 179/339/289 194/340/295
f 194/340/295 179/339/289 181/341/287
f 194/340/295 181/341/287 175/342/281
f 194/340/295 175/342/281 172/343/275
f 187/338/257 194/340/295 192/344/296
f 192/344/296 194/340/295 172/343/275
f 187/338/257 192/344/296 173/345/297
f 187/338/257 173/345/297 166/346/258
f 166/346/258 173/345/297 168/347/264
f 168/347/264 173/345/297 192/344/296
f 168/347/264 192/344/296 172/343/275
f 168/347/264 172/343/275 126/348/266
f 684/349/298 693/350/299 666/351/300
f 684/349/298 666/351/300 654/352/301
f 654/352/301 640/353/302 669/354/303
f 654/352/301 669/354/303 684/349/298
f 669/354/303 640/353/302 657/355/32
f 657/355/32 640/353/302 642/356/304
f 657/355/32 642/356/304 668/357/305
f 657/355/32 668/357/305 676/358/306
f 657/355/32 676/358/306 669/354/303
f 669/354/303 676/358/306 684/349/298
f 684/349/298 676/358/306 690/359/307
f 690/359/307 676/358/306 679/360/308
f 684/349/298 690/359/307 701/361/309
f 701/361/309 690/359/307 709/362/310
f 684/349/298 701/361/309 693/350/299
f 701/361/309 709/362/310 713/363/311
f 713/363/311 709/362/310 708/364/312
f 693/350/299 701/361/309 706/365/313
f 706/365/313 701/361/309 713/363/311
f 713/363/311 708/364/312 707/366/314
f 713/363/311 707/366/314 706/365/313
f 707/366/314 708/364/312 712/367/315
f 707/366/314 712/367/315 716/368/316
f 707/366/314 716/368/316 706/365/313
f 578/369/317 546/370/318 548/371/319
f 546/370/318 507/372/320 511/373/321
f 502/374/322 456/375/323 522/376/324
f 456/375/323 450/377/325 522/376/324
f 442/378/326 435/379/327 447/380/328
f 442/378/326 447/380/328 450/377/325
f 522/376/324 450/377/325 491/381/329
f 522/376/324 491/381/329 510/382/330
f 510/382/330 491/381/329 493/383/331
f 493/383/331 491/381/329 450/377/325
f 510/382/330 493/383/331 521/384/332
f 493/383/331 450/377/325 486/385/333
f 486/385/333 450/377/325 447/380/328
f 521/384/332 493/383/331 520/386/334
f 428/387/335 447/380/328 435/379/327
f 521/384/332 520/386/334 513/388/336
f 521/384/332 513/388/336 519/389/337
f 520/386/334 493/383/331 499/390/338
f 499/390/338 493/383/331 486/385/333
f 513/388/336 520/386/334 501/391/339
f 501/391/339 520/386/334 499/390/338
f 519/389/337 513/388/336 538/392/340
f 538/392/340 513/388/336 501/391/339
f 519/389/337 538/392/340 537/393/341
f 537/393/341 538/392/340 523/394/342
f 523/394/342 538/392/340 501/391/339
f 537/393/341 523/394/342 532/395/343
f 485/396/344 499/390/338 486/385/333
f 485/396/344 486/385/333 447/380/328
f 473/397/345 501/391/339 499/390/338
f 473/397/345 499/390/338 485/396/344
f 523/394/342 501/391/339 484/398/346
f 484/398/346 501/391/339 473/397/345
f 512/399/347 532/395/343 523/394/342
f 512/399/347 523/394/342 484/398/346
f 532/395/343 512/399/347 505/400/348
f 470/401/349 485/396/344 447/380/328
f 485/396/344 470/401/349 473/397/345
f 470/401/349 447/380/328 428/387/335
f 505/400/348 512/399/347 490/402/350
f 490/402/350 512/399/347 484/398/346
f 466/403/351 484/398/346 473/397/345
f 505/400/348 490/402/350 500/404/352
f 478/405/353 500/404/352 481/406/354
f 481/406/354 500/404/352 495/407/355
f 495/407/355 500/404/352 490/402/350
f 495/407/355 490/402/350 488/408/356
f 477/409/357 490/402/350 484/398/346
f 490/402/350 477/409/357 488/408/356
f 477/409/357 484/398/346 467/410/358
f 477/409/357 467/410/358 488/408/356
f 467/410/358 484/398/346 466/403/351
f 488/408/356 467/410/358 468/411/359
f 488/408/356 468/411/359 476/412/360
f 468/411/359 467/410/358 460/413/361
f 468/411/359 460/413/361 476/412/360
f 467/410/358 466/403/351 446/414/362
f 467/410/358 446/414/362 460/413/361
f 446/414/362 466/403/351 437/415/363
f 437/415/363 466/403/351 473/397/345
f 460/413/361 446/414/362 441/416/364
f 476/412/360 460/413/361 478/417/353
f 476/412/360 478/417/353 481/418/354
f 478/417/353 460/413/361 441/416/364
f 441/416/364 446/414/362 434/419/365
f 434/419/365 446/414/362 437/415/363
f 478/417/353 441/416/364 453/420/366
f 463/421/367 479/422/368 478/417/353
f 463/421/367 478/417/353 453/420/366
f 463/421/367 453/420/366 457/423/369
f 453/420/366 441/416/364 443/424/370
f 443/424/370 441/416/364 434/419/365
f 427/425/371 443/424/370 434/419/365
f 427/425/371 434/419/365 421/426/372
f 427/425/371 421/426/372 422/427/373
f 421/426/372 434/419/365 437/415/363
f 422/427/373 421/426/372 418/428/374
f 421/426/372 437/415/363 412/429/375
f 421/426/372 412/429/375 418/428/374
f 412/429/375 437/415/363 431/430/376
f 431/430/376 437/415/363 473/397/345
f 431/430/376 473/397/345 470/401/349
f 412/429/375 431/430/376 417/431/377
f 412/429/375 417/431/377 418/428/374
f 431/430/376 470/401/349 433/432/378
f 431/430/376 433/432/378 417/431/377
f 433/432/378 470/401/349 428/387/335
f 417/431/377 433/432/378 413/433/379
f 413/433/379 433/432/378 428/387/335
f 418/428/374 417/431/377 409/434/380
f 409/434/380 417/431/377 413/433/379
f 409/434/380 413/433/379 424/435/381
f 424/435/381 413/433/379 428/387/335
f 640/436/302 594/437/382 642/438/304
f 642/438/304 594/437/382 599/439/383
f 642/438/304 599/439/383 637/440/384
f 637/440/384 599/439/383 598/441/385
f 637/440/384 598/441/385 578/442/386
f 642/438/304 637/440/384 653/443/387
f 637/440/384 578/442/386 647/444/388
f 637/440/384 647/444/388 653/443/387
f 642/438/304 653/443/387 668/445/305
f 647/444/388 578/442/386 585/446/389
f 585/446/389 548/447/319 546/448/318
f 585/446/389 546/448/318 581/449/390
f 585/446/389 581/449/390 647/444/388
f 581/449/390 546/448/318 586/450/391
f 586/450/391 546/448/318 511/451/321
f 647/444/388 581/449/390 613/452/392
f 613/452/392 581/449/390 586/450/391
f 647/444/388 613/452/392 648/453/393
f 647/444/388 648/453/393 659/454/394
f 647/444/388 659/454/394 653/443/387
f 648/453/393 613/452/392 624/455/395
f 624/455/395 613/452/392 586/450/391
f 659/454/394 648/453/393 656/456/396
f 656/456/396 648/453/393 624/455/395
f 653/443/387 659/454/394 671/457/397
f 653/443/387 671/457/397 668/445/305
f 671/457/397 659/454/394 677/458/398
f 668/445/305 671/457/397 680/459/399
f 680/459/399 671/457/397 677/458/398
f 677/458/398 659/454/394 665/460/400
f 665/460/400 659/454/394 656/456/396
f 668/445/305 680/459/399 679/461/308
f 668/445/305 679/461/308 676/462/306
f 679/461/308 680/459/399 698/463/401
f 680/459/399 677/458/398 683/464/402
f 680/459/399 683/464/402 698/463/401
f 677/458/398 665/460/400 675/465/403
f 677/458/398 675/465/403 683/464/402
f 675/465/403 665/460/400 660/466/404
f 660/466/404 665/460/400 656/456/396
f 683/464/402 675/465/403 658/467/405
f 658/467/405 675/465/403 660/466/404
f 683/464/402 658/467/405 685/468/406
f 683/464/402 685/468/406 698/463/401
f 658/467/405 660/466/404 646/469/407
f 646/469/407 660/466/404 656/456/396
f 685/468/406 658/467/405 645/470/408
f 645/470/408 658/467/405 646/469/407
f 698/463/401 685/468/406 678/471/409
f 678/471/409 685/468/406 645/470/408
f 692/472/410 679/461/308 698/463/401
f 679/461/308 692/472/410 690/473/307
f 698/463/401 678/471/409 687/474/411
f 698/463/401 687/474/411 692/472/410
f 690/473/307 692/472/410 709/475/310
f 709/475/310 692/472/410 703/476/412
f 709/475/310 703/476/412 708/477/312
f 708/477/312 703/476/412 712/478/315
f 712/478/315 703/476/412 721/479/413
f 703/476/412 692/472/410 689/480/414
f 689/480/414 692/472/410 687/474/411
f 721/479/413 703/476/412 714/481/415
f 714/481/415 703/476/412 689/480/414
f 689/480/414 687/474/411 695/482/416
f 695/482/416 687/474/411 678/471/409
f 689/480/414 695/482/416 688/483/417
f 689/480/414 688/483/417 714/481/415
f 695/482/416 678/471/409 681/484/418
f 695/482/416 681/484/418 688/483/417
f 681/484/418 678/471/409 645/470/408
f 714/481/415 688/483/417 691/485/419
f 688/483/417 681/484/418 674/486/420
f 688/483/417 674/486/420 691/485/419
f 674/486/420 681/484/418 661/487/421
f 681/484/418 645/470/408 662/488/422
f 681/484/418 662/488/422 661/487/421
f 661/487/421 662/488/422 645/470/408
f 661/487/421 645/470/408 643/489/423
f 661/487/421 643/489/423 655/490/424
f 643/489/423 645/470/408 622/491/425
f 643/489/423 622/491/425 655/490/424
f 674/486/420 661/487/421 667/492/426
f 667/492/426 661/487/421 655/490/424
f 674/486/420 667/492/426 672/493/427
f 674/486/420 672/493/427 691/485/419
f 667/492/426 655/490/424 649/494/428
f 649/494/428 655/490/424 622/491/425
f 672/493/427 667/492/426 663/495/429
f 663/495/429 667/492/426 649/494/428
f 691/485/419 672/493/427 682/496/430
f 682/496/430 672/493/427 663/495/429
f 663/495/429 649/494/428 650/497/431
f 663/495/429 650/497/431 682/496/430
f 649/494/428 622/491/425 629/498/432
f 649/494/428 629/498/432 650/497/431
f 633/499/433 622/491/425 645/470/408
f 633/499/433 645/470/408 646/469/407
f 629/498/432 622/491/425 612/500/434
f 633/499/433 646/469/407 634/501/435
f 634/501/435 646/469/407 656/456/396
f 622/491/425 633/499/433 616/502/436
f 622/491/425 616/502/436 612/500/434
f 616/502/436 633/499/433 634/501/435
f 634/501/435 656/456/396 624/455/395
f 612/500/434 616/502/436 597/503/437
f 629/498/432 612/500/434 607/504/438
f 607/504/438 612/500/434 597/503/437
f 597/503/437 616/502/436 570/505/439
f 570/505/439 616/502/436 634/501/435
f 607/504/438 597/503/437 573/506/440
f 573/506/440 597/503/437 570/505/439
f 629/498/432 607/504/438 635/507/441
f 629/498/432 635/507/441 650/497/431
f 607/504/438 573/506/440 608/508/442
f 607/504/438 608/508/442 635/507/441
f 573/506/440 570/505/439 567/509/443
f 608/508/442 573/506/440 587/510/444
f 587/510/444 573/506/440 567/509/443
f 567/509/443 570/505/439 584/511/445
f 584/511/445 570/505/439 634/501/435
f 567/509/443 584/511/445 555/512/446
f 584/511/445 634/501/435 583/513/447
f 584/511/445 583/513/447 555/512/446
f 567/509/443 555/512/446 558/514/448
f 567/509/443 558/514/448 587/510/444
f 555/512/446 583/513/447 575/515/449
f 555/512/446 575/515/449 558/514/448
f 583/513/447 634/501/435 600/516/450
f 583/513/447 600/516/450 575/515/449
f 600/516/450 634/501/435 614/517/451
f 614/517/451 634/501/435 624/455/395
f 600/516/450 614/517/451 582/518/452
f 582/518/452 614/517/451 624/455/395
f 600/516/450 582/518/452 575/515/449
f 582/518/452 624/455/395 586/450/391
f 575/515/449 582/518/452 571/519/453
f 571/519/453 582/518/452 586/450/391
f 571/519/453 586/450/391 535/520/454
f 535/520/454 586/450/391 511/451/321
f 535/520/454 511/451/321 522/521/324
f 522/521/324 511/451/321 502/522/322
f 571/519/453 535/520/454 517/523/455
f 517/523/455 535/520/454 522/521/324
f 571/519/453 517/523/455 575/515/449
f 517/523/455 522/521/324 510/524/330
f 517/523/455 510/524/330 521/525/332
f 575/515/449 517/523/455 550/526/456
f 575/515/449 550/526/456 558/514/448
f 517/523/455 521/525/332 543/527/457
f 517/523/455 543/527/457 550/526/456
f 543/527/457 521/525/332 519/528/337
f 558/514/448 550/526/456 561/529/458
f 561/529/458 550/526/456 543/527/457
f 558/514/448 561/529/458 587/510/444
f 543/527/457 519/528/337 562/530/459
f 587/510/444 561/529/458 604/531/460
f 562/530/459 519/528/337 537/532/341
f 587/510/444 604/531/460 608/508/442
f 561/529/458 543/527/457 566/533/461
f 566/533/461 543/527/457 562/530/459
f 561/529/458 566/533/461 604/531/460
f 562/530/459 537/532/341 590/534/462
f 566/533/461 562/530/459 592/535/463
f 592/535/463 562/530/459 590/534/462
f 592/535/463 557/536/464 560/537/465
f 560/537/465 557/536/464 544/538/466
f 592/535/463 560/537/465 569/539/467
f 569/539/467 560/537/465 544/538/466
f 601/540/468 566/533/461 592/535/463
f 601/540/468 592/535/463 569/539/467
f 566/533/461 601/540/468 615/541/469
f 566/533/461 615/541/469 604/531/460
f 615/541/469 601/540/468 609/542/470
f 604/531/460 615/541/469 632/543/471
f 609/542/470 601/540/468 606/544/472
f 606/544/472 601/540/468 569/539/467
f 615/541/469 609/542/470 639/545/473
f 615/541/469 639/545/473 632/543/471
f 632/543/471 639/545/473 652/546/474
f 604/531/460 632/543/471 625/547/475
f 604/531/460 625/547/475 608/508/442
f 608/508/442 625/547/475 635/507/441
f 625/547/475 632/543/471 641/548/476
f 635/507/441 625/547/475 644/549/477
f 644/549/477 625/547/475 641/548/476
f 635/507/441 644/549/477 650/497/431
f 641/548/476 632/543/471 651/550/478
f 641/548/476 651/550/478 644/549/477
f 651/550/478 632/543/471 652/546/474
f 650/497/431 644/549/477 664/551/479
f 664/551/479 644/549/477 651/550/478
f 651/550/478 652/546/474 670/552/480
f 651/550/478 670/552/480 664/551/479
f 650/497/431 664/551/479 673/553/481
f 650/497/431 673/553/481 682/496/430
f 664/551/479 670/552/480 686/554/482
f 664/551/479 686/554/482 673/553/481
f 673/553/481 686/554/482 696/555/483
f 696/555/483 686/554/482 705/556/484
f 696/555/483 705/556/484 700/557/485
f 673/553/481 696/555/483 694/558/486
f 694/558/486 696/555/483 699/559/487
f 699/559/487 696/555/483 700/557/485
f 673/553/481 694/558/486 697/560/488
f 673/553/481 697/560/488 682/496/430
f 694/558/486 699/559/487 704/561/489
f 694/558/486 704/561/489 697/560/488
f 704/561/489 699/559/487 700/557/485
f 697/560/488 704/561/489 718/562/490
f 718/562/490 704/561/489 700/557/485
f 682/496/430 697/560/488 710/563/491
f 710/563/491 697/560/488 718/562/490
f 682/496/430 710/563/491 711/564/492
f 682/496/430 711/564/492 691/485/419
f 710/563/491 718/562/490 719/565/493
f 710/563/491 719/565/493 711/564/492
f 691/485/419 711/564/492 702/566/494
f 702/566/494 711/564/492 719/565/493
f 691/485/419 702/566/494 714/481/415
f 714/481/415 702/566/494 717/567/495
f 714/481/415 717/567/495 721/479/413
f 717/567/495 702/566/494 715/568/496
f 715/568/496 702/566/494 719/565/493
f 721/479/413 717/567/495 720/569/497
f 720/569/497 717/567/495 715/568/496
f 720/569/497 715/568/496 719/565/493
f 610/570/498 606/544/472 569/539/467
f 606/544/472 610/570/498 620/571/499
f 610/570/498 569/539/467 596/572/500
f 610/570/498 596/572/500 620/571/499
f 606/544/472 620/571/499 619/573/501
f 596/572/500 569/539/467 579/574/502
f 606/544/472 619/573/501 627/575/503
f 606/544/472 627/575/503 609/542/470
f 619/573/501 620/571/499 630/576/504
f 609/542/470 627/575/503 623/577/505
f 627/575/503 619/573/501 636/578/506
f 636/578/506 619/573/501 630/576/504
f 623/577/505 627/575/503 638/579/507
f 638/579/507 627/575/503 636/578/506
f 628/580/508 623/577/505 638/579/507
f 638/579/507 636/578/506 631/581/509
f 638/579/507 631/581/509 628/580/508
f 631/581/509 636/578/506 630/576/504
f 628/580/508 631/581/509 618/582/510
f 617/583/511 630/576/504 620/571/499
f 617/583/511 620/571/499 596/572/500
f 631/581/509 630/576/504 626/584/512
f 626/584/512 630/576/504 617/583/511
f 618/582/510 631/581/509 621/585/513
f 621/585/513 631/581/509 626/584/512
f 617/583/511 596/572/500 602/586/514
f 626/584/512 617/583/511 605/587/515
f 605/587/515 617/583/511 602/586/514
f 602/586/514 596/572/500 579/574/502
f 621/585/513 626/584/512 611/588/516
f 611/588/516 626/584/512 605/587/515
f 618/582/510 621/585/513 603/589/517
f 603/589/517 621/585/513 611/588/516
f 603/589/517 611/588/516 576/590/518
f 576/590/518 611/588/516 589/591/519
f 589/591/519 611/588/516 605/587/515
f 589/591/519 605/587/515 588/592/520
f 589/591/519 588/592/520 554/593/521
f 588/592/520 605/587/515 574/594/522
f 588/592/520 574/594/522 554/593/521
f 574/594/522 605/587/515 602/586/514
f 574/594/522 602/586/514 591/595/523
f 591/595/523 602/586/514 579/574/502
f 574/594/522 591/595/523 580/596/524
f 580/596/524 591/595/523 579/574/502
f 554/593/521 574/594/522 565/597/525
f 565/597/525 574/594/522 580/596/524
f 565/597/525 580/596/524 579/574/502
f 554/593/521 565/597/525 539/598/526
f 539/598/526 565/597/525 559/599/527
f 559/599/527 565/597/525 579/574/502
f 539/598/526 559/599/527 534/600/528
f 559/599/527 579/574/502 552/601/529
f 559/599/527 552/601/529 534/600/528
f 552/601/529 579/574/502 569/539/467
f 534/600/528 552/601/529 544/538/466
f 544/538/466 552/601/529 569/539/467
f 533/602/530 534/603/528 544/604/466
f 533/602/530 544/604/466 557/605/464
f 533/602/530 557/605/464 542/606/531
f 534/603/528 533/602/530 528/607/532
f 534/603/528 528/607/532 539/608/526
f 528/607/532 533/602/530 529/609/533
f 529/609/533 533/602/530 542/606/531
f 539/608/526 528/607/532 531/610/534
f 531/610/534 528/607/532 529/609/533
f 539/608/526 531/610/534 540/611/535
f 539/608/526 540/611/535 554/612/521
f 531/610/534 529/609/533 536/613/536
f 554/612/521 540/611/535 564/614/537
f 554/612/521 564/614/537 589/615/519
f 540/611/535 531/610/534 547/616/538
f 547/616/538 531/610/534 536/613/536
f 540/611/535 547/616/538 564/614/537
f 589/615/519 564/614/537 576/617/518
f 576/617/518 564/614/537 547/616/538
f 553/618/539 536/613/536 529/609/533
f 553/618/539 529/609/533 542/606/531
f 547/616/538 536/613/536 551/619/540
f 547/616/538 551/619/540 576/617/518
f 551/619/540 536/613/536 553/618/539
f 576/617/518 551/619/540 563/620/541
f 563/620/541 551/619/540 553/618/539
f 576/617/518 563/620/541 577/621/542
f 576/617/518 577/621/542 603/622/517
f 481/623/354 503/624/543 479/625/368
f 503/624/543 481/623/354 495/626/355
f 525/627/544 503/624/543 518/628/545
f 518/628/545 503/624/543 495/626/355
f 518/628/545 495/626/355 488/629/356
f 525/627/544 518/628/545 527/630/546
f 518/628/545 488/629/356 509/631/547
f 527/630/546 518/628/545 526/632/548
f 526/632/548 518/628/545 509/631/547
f 509/631/547 488/629/356 487/633/549
f 487/633/549 488/629/356 476/634/360
f 526/632/548 509/631/547 498/635/550
f 498/635/550 509/631/547 487/633/549
f 527/630/546 526/632/548 515/636/551
f 515/636/551 526/632/548 498/635/550
f 527/630/546 515/636/551 514/637/552
f 515/636/551 498/635/550 508/638/553
f 515/636/551 508/638/553 514/637/552
f 498/635/550 487/633/549 482/639/554
f 498/635/550 482/639/554 508/638/553
f 506/640/555 514/637/552 508/638/553
f 496/641/556 506/640/555 494/642/557
f 494/642/557 506/640/555 508/638/553
f 496/641/556 494/642/557 483/643/558
f 494/642/557 508/638/553 489/644/559
f 489/644/559 508/638/553 482/639/554
f 483/643/558 494/642/557 474/645/560
f 474/645/560 494/642/557 489/644/559
f 483/643/558 474/645/560 454/646/561
f 489/644/559 482/639/554 472/647/562
f 489/644/559 472/647/562 474/645/560
f 474/645/560 472/647/562 455/648/563
f 474/645/560 455/648/563 454/646/561
f 472/647/562 482/639/554 452/649/564
f 472/647/562 452/649/564 455/648/563
f 454/646/561 455/648/563 451/650/565
f 451/650/565 455/648/563 452/649/564
f 454/646/561 451/650/565 457/651/369
f 457/651/369 451/650/565 463/652/367
f 463/652/367 451/650/565 479/653/368
f 479/653/368 451/650/565 465/654/566
f 465/654/566 451/650/565 452/649/564
f 479/653/368 465/654/566 481/655/354
f 481/655/354 465/654/566 476/634/360
f 465/654/566 452/649/564 469/656/567
f 465/654/566 469/656/567 476/634/360
f 469/656/567 452/649/564 482/639/554
f 476/634/360 469/656/567 487/633/549
f 487/633/549 469/656/567 482/639/554
f 363/657/568 366/658/569 386/659/570
f 386/659/570 366/658/569 384/660/571
f 369/661/572 363/657/568 370/662/573
f 370/662/573 363/657/568 386/659/570
f 386/659/570 384/660/571 399/663/574
f 386/659/570 399/663/574 416/664/575
f 416/664/575 399/663/574 439/665/576
f 370/662/573 386/659/570 392/666/577
f 392/666/577 386/659/570 416/664/575
f 370/662/573 392/666/577 383/667/578
f 392/666/577 416/664/575 407/668/579
f 383/667/578 392/666/577 393/669/580
f 393/669/580 392/666/577 407/668/579
f 363/670/568 377/671/581 366/672/569
f 366/672/569 377/671/581 384/673/571
f 377/671/581 363/670/568 369/674/572
f 384/673/571 377/671/581 390/675/582
f 390/675/582 377/671/581 369/674/572
f 384/673/571 390/675/582 399/676/574
f 370/677/573 383/678/578 369/674/572
f 399/676/574 390/675/582 410/679/583
f 399/676/574 410/679/583 439/680/576
f 439/680/576 410/679/583 419/681/584
f 419/681/584 410/679/583 405/682/585
f 405/682/585 410/679/583 390/675/582
f 419/681/584 405/682/585 426/683/586
f 369/674/572 383/678/578 387/684/587
f 369/674/572 387/684/587 390/675/582
f 390/675/582 387/684/587 405/682/585
f 387/684/587 383/678/578 393/685/580
f 405/682/585 387/684/587 400/686/588
f 400/686/588 387/684/587 393/685/580
f 400/686/588 393/685/580 414/687/589
f 393/688/580 407/689/579 414/690/589
f 414/690/589 407/689/579 430/691/590
f 454/692/561 430/691/591 445/693/592
f 445/693/592 430/691/591 429/694/593
f 429/694/593 430/691/591 411/695/594
f 430/691/590 407/689/579 423/696/595
f 423/696/595 407/689/579 416/697/575
f 400/698/588 408/699/596 405/700/585
f 405/700/585 408/699/596 426/701/586
f 423/696/595 416/697/575 459/702/597
f 459/702/597 416/697/575 439/703/576
f 430/691/590 423/696/595 444/704/598
f 444/704/598 423/696/595 459/702/597
f 436/705/599 408/699/596 430/691/590
f 408/699/596 436/705/599 426/701/586
f 436/705/599 430/691/590 444/704/598
f 426/701/586 436/705/599 464/706/600
f 464/706/600 436/705/599 444/704/598
f 464/706/600 444/704/598 459/702/597
f 464/706/600 459/702/597 439/703/576
f 426/701/586 464/706/600 419/707/584
f 419/707/584 464/706/600 439/703/576
f 349/708/601 351/709/602 378/710/603
f 378/710/603 351/709/602 348/711/604
f 351/709/602 349/708/601 333/712/605
f 351/709/602 333/712/605 348/711/604
f 349/708/601 378/710/603 389/713/606
f 333/712/605 349/708/601 328/714/607
f 328/714/607 349/708/601 346/715/608
f 346/715/608 349/708/601 373/716/609
f 373/716/609 349/708/601 389/713/606
f 328/714/607 346/715/608 327/717/610
f 327/717/610 346/715/608 373/716/609
f 333/712/605 328/714/607 322/718/611
f 322/718/611 328/714/607 327/717/610
f 385/719/612 389/713/606 378/710/603
f 385/719/612 378/710/603 376/720/613
f 385/719/612 376/720/613 389/713/606
f 376/720/613 378/710/603 348/711/604
f 373/716/609 365/721/614 357/722/615
f 373/716/609 357/722/615 342/723/616
f 373/716/609 342/723/616 327/717/610
f 342/723/616 357/722/615 341/724/617
f 327/717/610 342/723/616 330/725/618
f 330/725/618 342/723/616 341/724/617
f 327/717/610 330/725/618 322/718/611
f 330/725/618 341/724/617 335/726/619
f 330/725/618 335/726/619 332/727/620
f 330/725/618 332/727/620 319/728/621
f 330/725/618 319/728/621 322/718/611
f 332/727/620 335/726/619 334/729/622
f 319/728/621 332/727/620 321/730/623
f 321/730/623 332/727/620 334/729/622
f 334/729/622 335/726/619 331/731/624
f 331/731/624 335/726/619 325/732/625
f 331/731/624 325/732/625 318/733/626
f 334/729/622 331/731/624 320/734/627
f 334/729/622 320/734/627 321/730/623
f 331/731/624 318/733/626 308/735/628
f 331/731/624 308/735/628 320/734/627
f 321/730/623 320/734/627 313/736/629
f 321/730/623 313/736/629 319/728/621
f 313/736/629 320/734/627 308/735/628
f 319/728/621 313/736/629 314/737/630
f 319/728/621 314/737/630 322/718/611
f 313/736/629 308/735/628 306/738/631
f 306/738/631 308/735/628 301/739/632
f 301/739/632 308/735/628 304/740/633
f 313/736/629 306/738/631 307/741/634
f 307/741/634 306/738/631 299/742/635
f 307/741/634 299/742/635 300/743/636
f 313/736/629 307/741/634 309/744/637
f 309/744/637 307/741/634 300/743/636
f 313/736/629 309/744/637 314/737/630
f 304/740/633 308/735/628 311/745/638
f 311/745/638 308/735/628 318/733/626
f 304/740/633 311/745/638 302/746/639
f 311/745/638 318/733/626 312/747/640
f 302/746/639 311/745/638 305/748/641
f 305/748/641 311/745/638 312/747/640
f 309/744/637 300/743/636 310/749/642
f 309/744/637 310/749/642 314/737/630
f 310/749/642 300/743/636 303/750/643
f 298/751/644 305/752/641 303/750/643
f 303/750/643 305/752/641 312/753/640
f 303/750/643 312/753/640 310/749/642
f 314/737/630 310/749/642 316/754/645
f 316/754/645 310/749/642 312/753/640
f 314/737/630 316/754/645 322/718/611
f 316/754/645 312/753/640 317/755/646
f 316/754/645 317/755/646 322/718/611
f 317/755/646 312/753/640 315/756/647
f 315/756/647 312/753/640 318/757/626
f 315/756/647 318/757/626 325/758/625
f 322/718/611 317/755/646 323/759/648
f 322/718/611 323/759/648 333/712/605
f 333/712/605 323/759/648 348/711/604
f 323/759/648 317/755/646 324/760/649
f 324/760/649 317/755/646 315/756/647
f 348/711/604 323/759/648 339/761/650
f 339/761/650 323/759/648 324/760/649
f 348/711/604 339/761/650 353/762/651
f 348/711/604 353/762/651 376/720/613
f 376/720/613 353/762/651 347/763/652
f 339/761/650 324/760/649 326/764/653
f 339/761/650 326/764/653 353/762/651
f 326/764/653 324/760/649 315/756/647
f 347/763/652 353/762/651 340/765/654
f 340/765/654 353/762/651 326/764/653
f 347/763/652 340/765/654 341/766/617
f 341/766/617 340/765/654 335/767/619
f 340/765/654 326/764/653 329/768/655
f 340/765/654 329/768/655 335/767/619
f 329/768/655 326/764/653 315/756/647
f 335/767/619 329/768/655 325/758/625
f 325/758/625 329/768/655 315/756/647
f 411/769/594 402/770/656 429/771/593
f 429/771/593 402/770/656 401/772/657
f 401/772/657 402/770/656 403/773/658
f 397/774/659 389/775/606 376/776/613
f 394/777/660 398/778/661 396/779/662
f 396/779/662 398/778/661 397/774/659
f 396/779/662 397/774/659 395/780/663
f 396/779/662 395/780/663 391/781/664
f 391/781/664 395/780/663 382/782/665
f 391/781/664 382/782/665 379/783/666
f 379/783/666 382/782/665 372/784/667
f 382/782/665 395/780/663 380/785/668
f 380/785/668 395/780/663 397/774/659
f 372/784/667 382/782/665 371/786/669
f 372/784/667 371/786/669 368/787/670
f 382/782/665 380/785/668 355/788/671
f 382/782/665 355/788/671 371/786/669
f 380/785/668 397/774/659 374/789/672
f 380/785/668 374/789/672 355/788/671
f 374/789/672 397/774/659 376/776/613
f 368/787/670 371/786/669 364/790/673
f 364/790/673 371/786/669 355/788/671
f 368/787/670 364/790/673 362/791/674
f 362/791/674 364/790/673 361/792/675
f 361/792/675 364/790/673 356/793/676
f 374/789/672 376/776/613 358/794/677
f 374/789/672 358/794/677 355/788/671
f 358/794/677 376/776/613 347/795/652
f 364/790/673 355/788/671 350/796/678
f 350/796/678 355/788/671 358/794/677
f 350/796/678 358/794/677 347/795/652
f 364/790/673 350/796/678 356/793/676
f 350/796/678 347/795/652 337/797/679
f 356/793/676 350/796/678 344/798/680
f 344/798/680 350/796/678 337/797/679
f 356/793/676 344/798/680 338/799/681
f 338/799/681 344/798/680 337/797/679
f 420/800/682 438/801/683 440/802/684
f 403/803/658 420/800/682 404/804/685
f 420/800/682 440/802/684 449/805/686
f 420/800/682 449/805/686 404/804/685
f 449/805/686 440/802/684 475/806/687
f 449/805/686 475/806/687 497/807/688
f 403/803/658 404/804/685 401/808/657
f 449/805/686 497/807/688 471/809/689
f 471/809/689 497/807/688 524/810/690
f 404/804/685 449/805/686 425/811/691
f 425/811/691 449/805/686 471/809/689
f 471/809/689 524/810/690 462/812/692
f 471/809/689 462/812/692 425/811/691
f 462/812/692 524/810/690 516/813/693
f 462/812/692 516/813/693 492/814/694
f 425/811/691 462/812/692 432/815/695
f 462/812/692 492/814/694 448/816/696
f 462/812/692 448/816/696 432/815/695
f 448/816/696 492/814/694 461/817/697
f 425/811/691 432/815/695 415/818/698
f 415/818/698 432/815/695 448/816/696
f 425/811/691 415/818/698 404/804/685
f 448/816/696 461/817/697 429/819/593
f 429/819/593 461/817/697 445/820/592
f 415/818/698 448/816/696 406/821/699
f 406/821/699 448/816/696 429/819/593
f 415/818/698 406/821/699 404/804/685
f 406/821/699 429/819/593 401/808/657
f 406/821/699 401/808/657 404/804/685
f 438/822/683 458/823/700 440/824/684
f 440/824/684 458/823/700 480/825/701
f 440/824/684 480/825/701 475/826/687
f 480/825/701 483/827/558 504/828/702
f 504/828/702 483/827/558 454/829/561
f 480/825/701 504/828/702 530/830/703
f 480/825/701 530/830/703 475/826/687
f 504/828/702 454/829/561 461/831/697
f 461/831/697 454/829/561 445/832/592
f 530/830/703 504/828/702 545/833/704
f 545/833/704 504/828/702 461/831/697
f 475/826/687 530/830/703 556/834/705
f 556/834/705 530/830/703 545/833/704
f 545/833/704 461/831/697 572/835/706
f 545/833/704 572/835/706 556/834/705
f 572/835/706 461/831/697 541/836/707
f 541/836/707 461/831/697 492/837/694
f 541/836/707 492/837/694 516/838/693
f 541/836/707 516/838/693 595/839/708
f 541/836/707 595/839/708 572/835/706
f 595/839/708 516/838/693 524/840/690
f 556/834/705 572/835/706 568/841/709
f 568/841/709 572/835/706 595/839/708
f 556/834/705 568/841/709 475/826/687
f 595/839/708 524/840/690 593/842/710
f 595/839/708 593/842/710 568/841/709
f 593/842/710 524/840/690 549/843/711
f 593/842/710 549/843/711 568/841/709
f 568/841/709 549/843/711 475/826/687
f 549/843/711 524/840/690 497/844/688
f 549/843/711 497/844/688 475/826/687
f 388/845/712 394/846/660 381/847/713
f 381/847/713 394/846/660 396/848/662
f 381/847/713 396/848/662 391/849/664
f 381/847/713 391/849/664 379/850/666
f 388/845/712 381/847/713 367/851/714
f 388/845/712 367/851/714 375/852/715
f 381/847/713 379/850/666 352/853/716
f 381/847/713 352/853/716 367/851/714
f 375/852/715 367/851/714 360/854/717
f 360/854/717 367/851/714 352/853/716
f 375/852/715 360/854/717 365/855/614
f 365/855/614 360/854/717 345/856/718
f 345/856/718 360/854/717 352/853/716
f 365/855/614 345/856/718 357/857/615
f 357/857/615 345/856/718 341/858/617
f 341/858/617 345/856/718 347/859/652
f 347/859/652 345/856/718 337/860/679
f 337/860/679 345/856/718 336/861/719
f 336/861/719 345/856/718 352/853/716
f 337/860/679 336/861/719 338/862/681
f 338/862/681 336/861/719 343/863/720
f 338/862/681 343/863/720 356/864/676
f 356/864/676 343/863/720 361/865/675
f 361/865/675 343/863/720 362/866/674
f 343/863/720 336/861/719 354/867/721
f 343/863/720 354/867/721 362/866/674
f 354/867/721 336/861/719 352/853/716
f 362/866/674 354/867/721 368/868/670
f 354/867/721 352/853/716 359/869/722
f 354/867/721 359/869/722 368/868/670
f 359/869/722 352/853/716 379/850/666
f 368/868/670 359/869/722 372/870/667
f 372/870/667 359/869/722 379/850/666
f 300/871/636 298/872/644 303/873/643
f 298/872/644 300/871/636 299/874/635
f 298/872/644 299/874/635 302/875/639
f 298/872/644 302/875/639 305/876/641
f 302/875/639 299/874/635 301/877/632
f 302/875/639 301/877/632 304/878/633
f 301/877/632 299/874/635 306/879/631
f 986/880/723 955/881/724 961/882/725
f 986/880/723 961/882/725 988/883/726
f 986/880/723 988/883/726 992/884/727
f 988/883/726 961/882/725 962/885/728
f 997/886/729 992/884/727 994/887/730
f 994/887/730 992/884/727 988/883/726
f 988/883/726 962/885/728 987/888/731
f 988/883/726 987/888/731 994/887/730
f 987/888/731 962/885/728 979/889/732
f 994/887/730 987/888/731 991/890/733
f 991/890/733 987/888/731 979/889/732
f 997/886/729 994/887/730 1000/891/734
f 994/887/730 991/890/733 998/892/735
f 994/887/730 998/892/735 1000/891/734
f 998/892/735 991/890/733 989/893/736
f 989/893/736 991/890/733 979/889/732
f 1000/891/734 998/892/735 996/894/737
f 996/894/737 998/892/735 989/893/736
f 997/886/729 1000/891/734 1001/895/738
f 1001/895/738 1000/891/734 996/894/737
f 1001/895/738 996/894/737 995/896/739
f 1001/895/738 995/896/739 993/897/740
f 996/894/737 989/893/736 990/898/741
f 996/894/737 990/898/741 995/896/739
f 993/897/740 995/896/739 984/899/742
f 984/899/742 995/896/739 990/898/741
f 966/900/743 984/899/742 971/901/744
f 971/901/744 984/899/742 990/898/741
f 966/900/743 971/901/744 960/902/745
f 971/901/744 990/898/741 977/903/746
f 977/903/746 990/898/741 989/893/736
f 977/903/746 989/893/736 979/889/732
f 971/901/744 977/903/746 972/904/747
f 971/901/744 972/904/747 960/902/745
f 972/904/747 977/903/746 979/889/732
f 960/902/745 972/904/747 953/905/748
f 972/904/747 979/889/732 969/906/749
f 972/904/747 969/906/749 953/905/748
f 969/906/749 979/889/732 962/885/728
f 953/905/748 969/906/749 952/907/750
f 969/906/749 962/885/728 957/908/751
f 969/906/749 957/908/751 952/907/750
f 774/909/752 783/910/753 759/911/754
f 763/912/755 774/909/752 759/911/754
f 1090/913/756 1061/914/757 1073/915/758
f 1073/915/758 1061/914/757 1059/916/759
f 746/917/760 763/912/755 749/918/761
f 749/918/761 763/912/755 759/911/754
f 746/917/760 749/918/761 735/919/762
f 746/917/760 735/919/762 731/920/763
f 735/919/762 749/918/761 730/921/764
f 731/920/763 735/919/762 726/922/765
f 726/922/765 735/919/762 730/921/764
f 730/921/764 749/918/761 750/923/766
f 750/923/766 749/918/761 759/911/754
f 731/920/763 726/922/765 1009/924/767
f 731/920/763 1009/924/767 1016/925/768
f 1009/924/767 726/922/765 1033/926/769
f 1009/924/767 1033/926/769 1016/925/768
f 726/922/765 730/921/764 724/927/770
f 1028/928/771 1016/925/768 1044/929/772
f 1028/928/771 1044/929/772 1059/916/759
f 1044/929/772 1016/925/768 1036/930/773
f 1036/930/773 1016/925/768 1033/926/769
f 1059/916/759 1044/929/772 1070/931/774
f 1044/929/772 1036/930/773 1052/932/775
f 1052/932/775 1036/930/773 1033/926/769
f 1044/929/772 1052/932/775 1070/931/774
f 1059/916/759 1070/931/774 1073/915/758
f 1027/933/776 1033/926/769 726/922/765
f 1027/933/776 726/922/765 724/927/770
f 1052/932/775 1033/926/769 1041/934/777
f 1041/934/777 1033/926/769 1027/933/776
f 1052/932/775 1041/934/777 1049/935/778
f 1049/935/778 1041/934/777 1027/933/776
f 1066/936/779 1070/931/774 1052/932/775
f 1052/932/775 1049/935/778 1062/937/780
f 1052/932/775 1062/937/780 1066/936/779
f 1077/938/781 1073/915/758 1070/931/774
f 1077/938/781 1070/931/774 1066/936/779
f 1073/915/758 1077/938/781 1099/939/782
f 1077/938/781 1066/936/779 1084/940/783
f 1077/938/781 1084/940/783 1099/939/782
f 1073/915/758 1099/939/782 1100/941/784
f 1073/915/758 1100/941/784 1090/913/756
f 1100/941/784 1099/939/782 1095/942/785
f 1100/941/784 1095/942/785 1093/943/786
f 1089/944/787 1093/943/786 1095/942/785
f 1096/945/788 1089/944/787 1095/942/785
f 1096/945/788 1095/942/785 1102/946/789
f 1091/947/790 1095/942/785 1099/939/782
f 1091/947/790 1099/939/782 1084/940/783
f 1102/946/789 1095/942/785 1104/948/791
f 1104/948/791 1095/942/785 1091/947/790
f 1102/946/789 1104/948/791 1103/949/792
f 1104/948/791 1091/947/790 1101/950/793
f 1104/948/791 1101/950/793 1103/949/792
f 1101/950/793 1091/947/790 1083/951/794
f 1083/951/794 1091/947/790 1084/940/783
f 1103/949/792 1101/950/793 1092/952/795
f 1103/949/792 1092/952/795 1097/953/796
f 1101/950/793 1083/951/794 1094/954/797
f 1101/950/793 1094/954/797 1092/952/795
f 1097/953/796 1092/952/795 1098/955/798
f 1092/952/795 1094/954/797 1085/956/799
f 1085/956/799 1094/954/797 1083/951/794
f 1098/955/798 1092/952/795 1088/957/800
f 1088/957/800 1092/952/795 1085/956/799
f 1098/955/798 1088/957/800 1086/958/801
f 1086/958/801 1088/957/800 1069/959/802
f 1088/957/800 1085/956/799 1075/960/803
f 1088/957/800 1075/960/803 1069/959/802
f 1086/958/801 1069/959/802 1082/961/804
f 1075/960/803 1085/956/799 1064/962/805
f 1072/963/806 1085/956/799 1083/951/794
f 1085/956/799 1072/963/806 1064/962/805
f 1072/963/806 1083/951/794 1063/964/807
f 1072/963/806 1063/964/807 1064/962/805
f 1082/961/804 1069/959/802 1065/965/808
f 1057/966/809 1069/959/802 1075/960/803
f 1069/959/802 1057/966/809 1065/965/808
f 1050/967/810 1075/960/803 1064/962/805
f 1075/960/803 1050/967/810 1057/966/809
f 1064/962/805 1063/964/807 1058/968/811
f 1064/962/805 1058/968/811 1050/967/810
f 1065/965/808 1057/966/809 1040/969/812
f 1056/970/813 1082/961/804 1065/965/808
f 1056/970/813 1065/965/808 1040/969/812
f 1082/961/804 1056/970/813 1067/971/814
f 1082/961/804 1067/971/814 1054/972/815
f 1054/972/815 1067/971/814 1056/970/813
f 1054/972/815 1056/970/813 1035/973/816
f 1035/973/816 1056/970/813 1040/969/812
f 1054/972/815 1035/973/816 1037/974/817
f 1054/972/815 1037/974/817 1030/975/818
f 1037/974/817 1035/973/816 1026/976/819
f 1026/976/819 1035/973/816 1040/969/812
f 1037/974/817 1026/976/819 1030/975/818
f 1032/977/820 1040/969/812 1057/966/809
f 1032/977/820 1057/966/809 1050/967/810
f 1026/976/819 1040/969/812 1023/978/821
f 1023/978/821 1040/969/812 1032/977/820
f 1030/975/818 1026/976/819 1017/979/822
f 1030/975/818 1017/979/822 1020/980/823
f 1017/979/822 1026/976/819 1008/981/824
f 1008/981/824 1026/976/819 1023/978/821
f 1020/980/823 1017/979/822 1004/982/825
f 1020/980/823 1004/982/825 1011/983/826
f 1004/982/825 1017/979/822 1008/981/824
f 1019/984/827 1023/978/821 1032/977/820
f 1023/978/821 1019/984/827 1008/981/824
f 1019/984/827 1032/977/820 1022/985/828
f 1022/985/828 1032/977/820 1050/967/810
f 1019/984/827 1022/985/828 1012/986/829
f 1008/981/824 1019/984/827 723/987/830
f 723/987/830 1019/984/827 1012/986/829
f 1022/985/828 1050/967/810 1029/988/831
f 1008/981/824 723/987/830 1007/989/832
f 1012/986/829 1022/985/828 1021/990/833
f 1021/990/833 1022/985/828 1029/988/831
f 1012/986/829 1021/990/833 1024/991/834
f 1024/991/834 1021/990/833 1029/988/831
f 723/987/830 1012/986/829 722/992/835
f 1029/988/831 1050/967/810 1047/993/836
f 1047/993/836 1050/967/810 1058/968/811
f 1029/988/831 1047/993/836 1038/994/837
f 1047/993/836 1058/968/811 1063/964/807
f 1029/988/831 1038/994/837 1034/995/838
f 1029/988/831 1034/995/838 1024/991/834
f 1038/994/837 1047/993/836 1046/996/839
f 1046/996/839 1047/993/836 1063/964/807
f 1038/994/837 1046/996/839 1034/995/838
f 1046/996/839 1063/964/807 1068/997/840
f 1068/997/840 1063/964/807 1081/998/841
f 1081/998/841 1063/964/807 1083/951/794
f 1046/996/839 1068/997/840 1048/999/842
f 1046/996/839 1048/999/842 1034/995/838
f 1068/997/840 1081/998/841 1080/1000/843
f 1080/1000/843 1081/998/841 1083/951/794
f 1068/997/840 1080/1000/843 1048/999/842
f 1080/1000/843 1083/951/794 1084/940/783
f 1034/995/838 1048/999/842 1042/1001/844
f 1034/995/838 1042/1001/844 1024/991/834
f 1048/999/842 1080/1000/843 1074/1002/845
f 1080/1000/843 1084/940/783 1087/1003/846
f 1080/1000/843 1087/1003/846 1074/1002/845
f 1048/999/842 1074/1002/845 1053/1004/847
f 1048/999/842 1053/1004/847 1042/1001/844
f 1074/1002/845 1087/1003/846 1071/1005/848
f 1074/1002/845 1071/1005/848 1053/1004/847
f 1087/1003/846 1084/940/783 1078/1006/849
f 1087/1003/846 1078/1006/849 1071/1005/848
f 1078/1006/849 1084/940/783 1066/936/779
f 1078/1006/849 1066/936/779 1076/1007/850
f 1076/1007/850 1066/936/779 1062/937/780
f 1078/1006/849 1076/1007/850 1079/1008/851
f 1078/1006/849 1079/1008/851 1071/1005/848
f 1079/1008/851 1076/1007/850 1062/937/780
f 1045/1009/852 1053/1004/847 1071/1005/848
f 1053/1004/847 1045/1009/852 1042/1001/844
f 1071/1005/848 1079/1008/851 1060/1010/853
f 1060/1010/853 1079/1008/851 1062/937/780
f 1071/1005/848 1060/1010/853 1045/1009/852
f 1060/1010/853 1062/937/780 1055/1011/854
f 1055/1011/854 1062/937/780 1049/935/778
f 1045/1009/852 1060/1010/853 1051/1012/855
f 1051/1012/855 1060/1010/853 1055/1011/854
f 1055/1011/854 1049/935/778 1043/1013/856
f 1055/1011/854 1043/1013/856 1051/1012/855
f 1043/1013/856 1049/935/778 1027/933/776
f 1051/1012/855 1043/1013/856 1031/1014/857
f 1031/1014/857 1043/1013/856 1027/933/776
f 1045/1009/852 1051/1012/855 1039/1015/858
f 1039/1015/858 1051/1012/855 1031/1014/857
f 1031/1014/857 1027/933/776 1018/1016/859
f 1045/1009/852 1039/1015/858 1025/1017/860
f 1045/1009/852 1025/1017/860 1042/1001/844
f 1042/1001/844 1025/1017/860 1024/991/834
f 1024/991/834 1025/1017/860 1012/986/829
f 1012/986/829 1025/1017/860 722/992/835
f 1031/1014/857 1018/1016/859 1014/1018/861
f 1031/1014/857 1014/1018/861 1039/1015/858
f 1010/1019/862 1018/1016/859 1027/933/776
f 1018/1016/859 1010/1019/862 1014/1018/861
f 1010/1019/862 1027/933/776 724/927/770
f 1039/1015/858 1014/1018/861 1013/1020/863
f 1039/1015/858 1013/1020/863 1025/1017/860
f 1025/1017/860 1013/1020/863 1015/1021/864
f 1025/1017/860 1015/1021/864 722/992/835
f 1013/1020/863 1014/1018/861 1003/1022/865
f 1013/1020/863 1003/1022/865 1015/1021/864
f 722/992/835 1015/1021/864 1006/1023/866
f 1006/1023/866 1015/1021/864 1003/1022/865
f 722/992/835 1006/1023/866 723/987/830
f 1003/1022/865 1014/1018/861 1002/1024/867
f 1003/1022/865 1002/1024/867 1006/1023/866
f 1002/1024/867 1014/1018/861 1010/1019/862
f 723/987/830 1006/1023/866 1007/989/832
f 1007/989/832 1006/1023/866 1002/1024/867
f 727/1025/868 1010/1019/862 724/927/770
f 1010/1019/862 727/1025/868 1002/1024/867
f 1007/989/832 1002/1024/867 732/1026/869
f 727/1025/868 724/927/770 755/1027/870
f 755/1027/870 724/927/770 730/921/764
f 755/1027/870 730/921/764 750/923/766
f 727/1025/868 755/1027/870 761/1028/871
f 1007/989/832 732/1026/869 725/1029/872
f 1007/989/832 725/1029/872 1008/981/824
f 1008/981/824 725/1029/872 1004/982/825
f 1004/982/825 725/1029/872 1005/1030/873
f 1004/982/825 1005/1030/873 1011/983/826
f 725/1029/872 732/1026/869 738/1031/874
f 725/1029/872 738/1031/874 1005/1030/873
f 728/1032/875 1005/1030/873 738/1031/874
f 734/1033/876 728/1032/875 738/1031/874
f 737/1034/877 738/1031/874 732/1026/869
f 738/1031/874 737/1034/877 734/1033/876
f 737/1034/877 732/1026/869 1002/1024/867
f 737/1034/877 1002/1024/867 729/1035/878
f 729/1035/878 1002/1024/867 727/1025/868
f 734/1033/876 737/1034/877 745/1036/879
f 745/1036/879 737/1034/877 729/1035/878
f 729/1035/878 727/1025/868 733/1037/880
f 733/1037/880 727/1025/868 761/1028/871
f 733/1037/880 761/1028/871 729/1035/878
f 729/1035/878 761/1028/871 741/1038/881
f 729/1035/878 741/1038/881 745/1036/879
f 741/1038/881 761/1028/871 765/1039/882
f 741/1038/881 765/1039/882 745/1036/879
f 757/1040/883 734/1033/876 745/1036/879
f 757/1040/883 745/1036/879 756/1041/884
f 756/1041/884 745/1036/879 765/1039/882
f 768/1042/885 757/1040/883 791/1043/886
f 765/1039/882 761/1028/871 766/1044/887
f 766/1044/887 761/1028/871 755/1027/870
f 768/1042/885 791/1043/886 790/1045/888
f 757/1040/883 756/1041/884 780/1046/889
f 780/1046/889 756/1041/884 765/1039/882
f 757/1040/883 780/1046/889 791/1043/886
f 780/1046/889 765/1039/882 792/1047/890
f 780/1046/889 792/1047/890 791/1043/886
f 792/1047/890 765/1039/882 766/1044/887
f 766/1044/887 755/1027/870 750/923/766
f 806/1048/891 790/1045/888 791/1043/886
f 806/1048/891 791/1043/886 792/1047/890
f 790/1045/888 806/1048/891 835/1049/892
f 790/1045/888 835/1049/892 817/1050/893
f 806/1048/891 792/1047/890 794/1051/894
f 806/1048/891 794/1051/894 835/1049/892
f 817/1050/893 835/1049/892 830/1052/895
f 786/1053/896 792/1047/890 766/1044/887
f 792/1047/890 786/1053/896 794/1051/894
f 786/1053/896 766/1044/887 776/1054/897
f 776/1054/897 766/1044/887 750/923/766
f 794/1051/894 786/1053/896 789/1055/898
f 789/1055/898 786/1053/896 776/1054/897
f 825/1056/899 835/1049/892 794/1051/894
f 776/1054/897 750/923/766 775/1057/900
f 776/1054/897 775/1057/900 789/1055/898
f 835/1049/892 825/1056/899 819/1058/901
f 819/1058/901 825/1056/899 794/1051/894
f 819/1058/901 794/1051/894 789/1055/898
f 835/1049/892 819/1058/901 830/1052/895
f 830/1052/895 819/1058/901 843/1059/902
f 843/1059/902 819/1058/901 789/1055/898
f 830/1052/895 843/1059/902 841/1060/903
f 843/1059/902 789/1055/898 822/1061/904
f 822/1061/904 789/1055/898 775/1057/900
f 841/1060/903 843/1059/902 838/1062/905
f 843/1059/902 822/1061/904 829/1063/906
f 843/1059/902 829/1063/906 838/1062/905
f 822/1061/904 775/1057/900 803/1064/907
f 822/1061/904 803/1064/907 829/1063/906
f 838/1062/905 829/1063/906 812/1065/908
f 812/1065/908 829/1063/906 803/1064/907
f 838/1062/905 812/1065/908 801/1066/909
f 803/1064/907 775/1057/900 785/1067/910
f 803/1064/907 785/1067/910 812/1065/908
f 801/1066/909 812/1065/908 787/1068/911
f 787/1068/911 812/1065/908 785/1067/910
f 801/1066/909 787/1068/911 783/910/753
f 783/910/753 787/1068/911 759/911/754
f 787/1068/911 785/1067/910 764/1069/912
f 787/1068/911 764/1069/912 759/911/754
f 764/1069/912 785/1067/910 775/1057/900
f 759/911/754 764/1069/912 750/923/766
f 750/923/766 764/1069/912 775/1057/900
f 872/1070/913 884/1071/914 891/1072/915
f 872/1070/913 891/1072/915 865/1073/916
f 911/1074/917 932/1075/918 938/1076/919
f 884/1071/914 911/1074/917 897/1077/920
f 897/1077/920 911/1074/917 938/1076/919
f 884/1071/914 897/1077/920 891/1072/915
f 897/1077/920 938/1076/919 935/1078/921
f 897/1077/920 935/1078/921 903/1079/922
f 897/1077/920 903/1079/922 891/1072/915
f 903/1079/922 935/1078/921 949/1080/923
f 903/1079/922 949/1080/923 912/1081/924
f 903/1079/922 912/1081/924 891/1072/915
f 881/1082/925 865/1073/916 891/1072/915
f 865/1073/916 881/1082/925 861/1083/926
f 891/1072/915 912/1081/924 894/1084/927
f 891/1072/915 894/1084/927 881/1082/925
f 928/1085/928 930/1086/929 912/1081/924
f 912/1081/924 930/1086/929 915/1087/930
f 894/1084/927 912/1081/924 902/1088/931
f 902/1088/931 912/1081/924 915/1087/930
f 915/1087/930 930/1086/929 929/1089/932
f 894/1084/927 902/1088/931 899/1090/933
f 894/1084/927 899/1090/933 881/1082/925
f 902/1088/931 915/1087/930 917/1091/934
f 917/1091/934 915/1087/930 929/1089/932
f 902/1088/931 917/1091/934 899/1090/933
f 929/1089/932 930/1086/929 934/1092/935
f 917/1091/934 929/1089/932 923/1093/936
f 923/1093/936 929/1089/932 934/1092/935
f 917/1091/934 923/1093/936 918/1094/937
f 918/1094/937 923/1093/936 934/1092/935
f 899/1090/933 917/1091/934 905/1095/934
f 905/1095/934 917/1091/934 918/1094/937
f 899/1090/933 905/1095/934 890/1096/938
f 899/1090/933 890/1096/938 881/1082/925
f 890/1096/938 905/1095/934 898/1097/939
f 898/1097/939 905/1095/934 918/1094/937
f 918/1094/937 934/1092/935 924/1098/940
f 924/1098/940 934/1092/935 943/1099/941
f 924/1098/940 943/1099/941 946/1100/942
f 890/1096/938 898/1097/939 889/1101/943
f 890/1096/938 889/1101/943 881/1082/925
f 898/1097/939 918/1094/937 901/1102/944
f 898/1097/939 901/1102/944 889/1101/943
f 918/1094/937 924/1098/940 909/1103/945
f 918/1094/937 909/1103/945 901/1102/944
f 889/1101/943 901/1102/944 888/1104/946
f 888/1104/946 901/1102/944 909/1103/945
f 881/1082/925 889/1101/943 877/1105/947
f 877/1105/947 889/1101/943 888/1104/946
f 881/1082/925 877/1105/947 867/1106/948
f 881/1082/925 867/1106/948 856/1107/949
f 881/1082/925 856/1107/949 861/1083/926
f 867/1106/948 877/1105/947 871/1108/950
f 871/1108/950 877/1105/947 888/1104/946
f 867/1106/948 871/1108/950 868/1109/951
f 867/1106/948 868/1109/951 856/1107/949
f 871/1108/950 888/1104/946 885/1110/952
f 871/1108/950 885/1110/952 868/1109/951
f 861/1083/926 856/1107/949 857/1111/953
f 861/1083/926 857/1111/953 860/1112/954
f 860/1112/954 857/1111/953 873/1113/955
f 885/1110/952 888/1104/946 896/1114/956
f 896/1114/956 888/1104/946 909/1103/945
f 885/1110/952 896/1114/956 886/1115/957
f 896/1114/956 909/1103/945 887/1116/958
f 896/1114/956 887/1116/958 886/1115/957
f 885/1110/952 886/1115/957 874/1117/951
f 885/1110/952 874/1117/951 868/1109/951
f 874/1117/951 886/1115/957 887/1116/958
f 868/1109/951 874/1117/951 859/1118/959
f 868/1109/951 859/1118/959 856/1107/949
f 874/1117/951 887/1116/958 866/1119/960
f 874/1117/951 866/1119/960 859/1118/959
f 856/1107/949 859/1118/959 855/1120/961
f 856/1107/949 855/1120/961 857/1111/953
f 855/1120/961 859/1118/959 906/1121/962
f 906/1121/962 859/1118/959 866/1119/960
f 857/1111/953 855/1120/961 921/1122/963
f 921/1122/963 855/1120/961 906/1121/962
f 857/1111/953 921/1122/963 933/1123/964
f 857/1111/953 933/1123/964 873/1113/955
f 873/1113/955 933/1123/964 879/1124/965
f 933/1123/964 921/1122/963 927/1125/966
f 927/1125/966 921/1122/963 906/1121/962
f 879/1124/965 933/1123/964 941/1126/967
f 933/1123/964 927/1125/966 952/1127/750
f 933/1123/964 952/1127/750 941/1126/967
f 952/1127/750 927/1125/966 953/1128/748
f 941/1126/967 952/1127/750 957/1129/751
f 953/1128/748 927/1125/966 940/1130/968
f 941/1126/967 957/1129/751 947/1131/969
f 947/1131/969 957/1129/751 962/1132/728
f 947/1131/969 962/1132/728 961/1133/725
f 947/1131/969 961/1133/725 955/1134/724
f 947/1131/969 955/1134/724 942/1135/970
f 947/1131/969 942/1135/970 941/1126/967
f 942/1135/970 945/1136/971 941/1126/967
f 941/1126/967 945/1136/971 879/1124/965
f 879/1124/965 945/1136/971 937/1137/972
f 956/1138/973 940/1130/968 939/1139/974
f 939/1139/974 940/1130/968 926/1140/975
f 939/1139/974 926/1140/975 931/1141/976
f 939/1139/974 931/1141/976 954/1142/977
f 954/1142/977 931/1141/976 951/1143/978
f 951/1143/978 931/1141/976 925/1144/979
f 951/1143/978 925/1144/979 948/1145/980
f 948/1145/980 925/1144/979 946/1100/942
f 925/1144/979 931/1141/976 916/1146/981
f 916/1146/981 931/1141/976 926/1140/975
f 946/1100/942 925/1144/979 922/1147/982
f 922/1147/982 925/1144/979 916/1146/981
f 946/1100/942 922/1147/982 924/1098/940
f 924/1098/940 922/1147/982 907/1148/983
f 924/1098/940 907/1148/983 909/1103/945
f 909/1103/945 907/1148/983 887/1116/958
f 907/1148/983 922/1147/982 904/1149/984
f 904/1149/984 922/1147/982 916/1146/981
f 887/1116/958 907/1148/983 892/1150/985
f 892/1150/985 907/1148/983 904/1149/984
f 887/1116/958 892/1150/985 866/1119/960
f 904/1149/984 916/1146/981 908/1151/986
f 908/1151/986 916/1146/981 926/1140/975
f 892/1150/985 904/1149/984 883/1152/987
f 892/1150/985 883/1152/987 866/1119/960
f 883/1152/987 904/1149/984 908/1151/986
f 866/1119/960 883/1152/987 895/1153/988
f 866/1119/960 895/1153/988 906/1121/962
f 883/1152/987 908/1151/986 893/1154/989
f 883/1152/987 893/1154/989 895/1153/988
f 906/1121/962 895/1153/988 910/1155/990
f 910/1155/990 895/1153/988 893/1154/989
f 906/1121/962 910/1155/990 927/1125/966
f 927/1125/966 910/1155/990 920/1156/991
f 927/1125/966 920/1156/991 940/1130/968
f 910/1155/990 893/1154/989 900/1157/992
f 900/1157/992 893/1154/989 908/1151/986
f 920/1156/991 910/1155/990 914/1158/993
f 914/1158/993 910/1155/990 900/1157/992
f 920/1156/991 914/1158/993 940/1130/968
f 900/1157/992 908/1151/986 919/1159/994
f 900/1157/992 919/1159/994 914/1158/993
f 914/1158/993 919/1159/994 940/1130/968
f 919/1159/994 908/1151/986 926/1140/975
f 919/1159/994 926/1140/975 940/1130/968
f 932/1160/918 958/1161/995 938/1162/919
f 938/1162/919 958/1161/995 982/1163/996
f 982/1163/996 958/1161/995 975/1164/997
f 938/1162/919 982/1163/996 935/1165/921
f 935/1165/921 982/1163/996 949/1166/923
f 982/1163/996 975/1164/997 983/1167/998
f 983/1167/998 975/1164/997 978/1168/999
f 949/1166/923 982/1163/996 980/1169/1000
f 982/1163/996 983/1167/998 985/1170/1001
f 982/1163/996 985/1170/1001 980/1169/1000
f 985/1170/1001 983/1167/998 973/1171/1002
f 973/1171/1002 983/1167/998 978/1168/999
f 980/1169/1000 985/1170/1001 981/1172/1003
f 949/1166/923 980/1169/1000 950/1173/1004
f 949/1166/923 950/1173/1004 912/1174/924
f 912/1174/924 950/1173/1004 928/1175/928
f 950/1173/1004 980/1169/1000 976/1176/1005
f 976/1176/1005 980/1169/1000 981/1172/1003
f 928/1175/928 950/1173/1004 936/1177/1006
f 936/1177/1006 950/1173/1004 976/1176/1005
f 928/1175/928 936/1177/1006 930/1178/929
f 936/1177/1006 976/1176/1005 964/1179/1007
f 930/1178/929 936/1177/1006 944/1180/1008
f 944/1180/1008 936/1177/1006 964/1179/1007
f 930/1178/929 944/1180/1008 934/1181/935
f 934/1181/935 944/1180/1008 943/1182/941
f 944/1180/1008 964/1179/1007 963/1183/1009
f 963/1183/1009 964/1179/1007 976/1176/1005
f 944/1180/1008 963/1183/1009 943/1182/941
f 963/1183/1009 976/1176/1005 981/1172/1003
f 943/1182/941 963/1183/1009 946/1184/942
f 946/1184/942 963/1183/1009 948/1185/980
f 963/1183/1009 981/1172/1003 967/1186/1010
f 963/1183/1009 967/1186/1010 948/1185/980
f 948/1185/980 967/1186/1010 959/1187/1011
f 948/1185/980 959/1187/1011 951/1188/978
f 967/1186/1010 981/1172/1003 974/1189/1012
f 967/1186/1010 974/1189/1012 959/1187/1011
f 951/1188/978 959/1187/1011 965/1190/1013
f 965/1190/1013 959/1187/1011 974/1189/1012
f 951/1188/978 965/1190/1013 970/1191/1014
f 970/1191/1014 965/1190/1013 974/1189/1012
f 970/1191/1014 974/1189/1012 981/1172/1003
f 970/1191/1014 981/1172/1003 985/1170/1001
f 951/1188/978 970/1191/1014 954/1192/977
f 970/1191/1014 985/1170/1001 973/1171/1002
f 954/1192/977 970/1191/1014 956/1193/973
f 956/1193/973 970/1191/1014 973/1171/1002
f 954/1192/977 956/1193/973 939/1194/974
f 956/1193/973 973/1171/1002 960/1195/745
f 956/1193/973 960/1195/745 953/1196/748
f 956/1193/973 953/1196/748 940/1197/968
f 960/1195/745 973/1171/1002 966/1198/743
f 966/1198/743 973/1171/1002 968/1199/1015
f 968/1199/1015 973/1171/1002 978/1168/999
f 816/1200/1016 836/1201/1017 807/1202/1018
f 807/1202/1018 836/1201/1017 823/1203/1019
f 816/1200/1016 807/1202/1018 808/1204/1020
f 808/1204/1020 807/1202/1018 809/1205/1021
f 809/1205/1021 807/1202/1018 823/1203/1019
f 816/1200/1016 808/1204/1020 814/1206/1022
f 809/1205/1021 823/1203/1019 826/1207/1023
f 808/1204/1020 809/1205/1021 824/1208/1024
f 808/1204/1020 824/1208/1024 814/1206/1022
f 809/1205/1021 826/1207/1023 840/1209/1025
f 840/1209/1025 826/1207/1023 823/1203/1019
f 809/1205/1021 840/1209/1025 824/1208/1024
f 816/1200/1016 814/1206/1022 832/1210/1026
f 832/1210/1026 814/1206/1022 833/1211/1027
f 833/1211/1027 814/1206/1022 824/1208/1024
f 845/1212/1028 832/1210/1026 849/1213/1029
f 849/1213/1029 832/1210/1026 833/1211/1027
f 845/1212/1028 849/1213/1029 853/1214/1030
f 833/1211/1027 824/1208/1024 847/1215/1031
f 833/1211/1027 847/1215/1031 849/1213/1029
f 847/1215/1031 824/1208/1024 842/1216/1032
f 842/1216/1032 824/1208/1024 840/1209/1025
f 847/1215/1031 842/1216/1032 854/1217/1033
f 854/1217/1033 842/1216/1032 840/1209/1025
f 849/1213/1029 847/1215/1031 862/1218/1034
f 849/1213/1029 862/1218/1034 853/1214/1030
f 862/1218/1034 847/1215/1031 854/1217/1033
f 853/1214/1030 862/1218/1034 870/1219/1035
f 854/1217/1033 840/1209/1025 860/1220/954
f 862/1218/1034 854/1217/1033 863/1221/1036
f 854/1217/1033 860/1220/954 873/1222/955
f 854/1217/1033 873/1222/955 863/1221/1036
f 863/1221/1036 873/1222/955 880/1223/1037
f 863/1221/1036 880/1223/1037 862/1218/1034
f 880/1223/1037 873/1222/955 879/1224/965
f 876/1225/1038 870/1219/1035 862/1218/1034
f 876/1225/1038 862/1218/1034 880/1223/1037
f 870/1219/1035 876/1225/1038 875/1226/1039
f 876/1225/1038 880/1223/1037 882/1227/1040
f 882/1227/1040 880/1223/1037 879/1224/965
f 876/1225/1038 882/1227/1040 875/1226/1039
f 913/1228/1041 878/1229/1042 879/1224/965
f 879/1224/965 878/1229/1042 865/1230/916
f 882/1227/1040 879/1224/965 869/1231/1043
f 869/1231/1043 879/1224/965 865/1230/916
f 882/1227/1040 869/1231/1043 875/1226/1039
f 869/1231/1043 865/1230/916 858/1232/1044
f 869/1231/1043 858/1232/1044 864/1233/1045
f 869/1231/1043 864/1233/1045 875/1226/1039
f 864/1233/1045 858/1232/1044 852/1234/1046
f 878/1235/1042 872/1236/913 865/1237/916
f 836/1238/1017 852/1239/1046 848/1240/1047
f 848/1240/1047 852/1239/1046 858/1241/1044
f 848/1240/1047 858/1241/1044 851/1242/1048
f 848/1240/1047 851/1242/1048 846/1243/1049
f 836/1238/1017 848/1240/1047 839/1244/1050
f 839/1244/1050 848/1240/1047 846/1243/1049
f 836/1238/1017 839/1244/1050 823/1245/1019
f 823/1245/1019 839/1244/1050 846/1243/1049
f 858/1246/1044 865/1247/916 851/1248/1048
f 851/1248/1048 865/1247/916 861/1249/926
f 851/1248/1048 861/1249/926 850/1250/1051
f 850/1250/1051 861/1249/926 860/1220/954
f 850/1250/1051 860/1220/954 840/1209/1025
f 851/1248/1048 850/1250/1051 844/1251/1052
f 844/1251/1052 850/1250/1051 840/1209/1025
f 851/1248/1048 844/1251/1052 846/1252/1049
f 844/1251/1052 840/1209/1025 823/1203/1019
f 844/1251/1052 823/1203/1019 846/1252/1049
f 913/1253/1041 879/1254/965 937/1255/972
f 827/1256/1053 805/1257/1054 831/1258/1055
f 827/1256/1053 831/1258/1055 834/1259/1056
f 831/1258/1055 805/1257/1054 810/1260/1057
f 834/1259/1056 831/1258/1055 837/1261/1058
f 837/1261/1058 831/1258/1055 810/1260/1057
f 834/1259/1056 837/1261/1058 828/1262/1059
f 828/1262/1059 837/1261/1058 813/1263/1060
f 837/1261/1058 810/1260/1057 811/1264/1061
f 811/1264/1061 810/1260/1057 805/1257/1054
f 813/1263/1060 837/1261/1058 815/1265/1062
f 815/1265/1062 837/1261/1058 811/1264/1061
f 811/1264/1061 805/1257/1054 799/1266/1063
f 799/1266/1063 805/1257/1054 800/1267/1064
f 815/1265/1062 811/1264/1061 797/1268/1065
f 797/1268/1065 811/1264/1061 799/1266/1063
f 813/1263/1060 815/1265/1062 788/1269/1066
f 788/1269/1066 815/1265/1062 797/1268/1065
f 797/1268/1065 799/1266/1063 778/1270/1067
f 797/1268/1065 778/1270/1067 788/1269/1066
f 799/1266/1063 800/1267/1064 782/1271/1068
f 782/1271/1068 800/1267/1064 772/1272/1069
f 799/1266/1063 782/1271/1068 769/1273/1070
f 799/1266/1063 769/1273/1070 778/1270/1067
f 782/1271/1068 772/1272/1069 754/1274/1071
f 769/1273/1070 782/1271/1068 753/1275/1072
f 753/1275/1072 782/1271/1068 754/1274/1071
f 769/1273/1070 753/1275/1072 778/1270/1067
f 754/1274/1071 743/1276/1073 742/1277/1074
f 754/1274/1071 742/1277/1074 753/1275/1072
f 742/1277/1074 743/1276/1073 736/1278/1075
f 742/1277/1074 736/1278/1075 753/1275/1072
f 736/1278/1075 743/1276/1073 740/1279/1076
f 778/1270/1067 753/1275/1072 744/1280/1077
f 744/1280/1077 753/1275/1072 736/1278/1075
f 736/1278/1075 740/1279/1076 739/1281/1078
f 736/1278/1075 739/1281/1078 744/1280/1077
f 739/1281/1078 740/1279/1076 751/1282/1079
f 744/1280/1077 739/1281/1078 747/1283/1080
f 747/1283/1080 739/1281/1078 748/1284/1081
f 778/1270/1067 744/1280/1077 760/1285/1082
f 760/1285/1082 744/1280/1077 747/1283/1080
f 747/1283/1080 748/1284/1081 762/1286/1083
f 747/1283/1080 762/1286/1083 760/1285/1082
f 762/1286/1083 748/1284/1081 773/1287/1084
f 778/1270/1067 760/1285/1082 771/1288/1085
f 771/1288/1085 760/1285/1082 762/1286/1083
f 778/1270/1067 771/1288/1085 788/1269/1066
f 762/1286/1083 773/1287/1084 770/1289/1086
f 762/1286/1083 770/1289/1086 771/1288/1085
f 788/1269/1066 771/1288/1085 779/1290/1087
f 779/1290/1087 771/1288/1085 770/1289/1086
f 788/1269/1066 779/1290/1087 793/1291/1088
f 793/1291/1088 779/1290/1087 770/1289/1086
f 793/1291/1088 770/1289/1086 773/1287/1084
f 788/1269/1066 793/1291/1088 813/1263/1060
f 793/1291/1088 773/1287/1084 796/1292/1089
f 793/1291/1088 796/1292/1089 813/1263/1060
f 751/1293/1079 777/1294/1090 752/1295/1091
f 751/1293/1079 752/1295/1091 739/1296/1078
f 739/1296/1078 752/1295/1091 748/1297/1081
f 748/1297/1081 752/1295/1091 758/1298/1092
f 748/1297/1081 758/1298/1092 773/1299/1084
f 752/1295/1091 777/1294/1090 767/1300/1093
f 752/1295/1091 767/1300/1093 758/1298/1092
f 773/1299/1084 758/1298/1092 781/1301/1094
f 781/1301/1094 758/1298/1092 767/1300/1093
f 773/1299/1084 781/1301/1094 796/1302/1089
f 767/1300/1093 777/1294/1090 784/1303/1095
f 767/1300/1093 784/1303/1095 781/1301/1094
f 784/1303/1095 777/1294/1090 795/1304/1096
f 781/1301/1094 784/1303/1095 798/1305/1097
f 798/1305/1097 784/1303/1095 795/1304/1096
f 796/1302/1089 781/1301/1094 804/1306/1098
f 804/1306/1098 781/1301/1094 798/1305/1097
f 796/1302/1089 804/1306/1098 813/1307/1060
f 813/1307/1060 804/1306/1098 828/1308/1059
f 804/1306/1098 798/1305/1097 821/1309/1099
f 804/1306/1098 821/1309/1099 828/1308/1059
f 821/1309/1099 798/1305/1097 795/1304/1096
f 828/1308/1059 821/1309/1099 820/1310/1100
f 828/1308/1059 820/1310/1100 834/1311/1056
f 821/1309/1099 795/1304/1096 802/1312/1101
f 821/1309/1099 802/1312/1101 820/1310/1100
f 820/1310/1100 802/1312/1101 834/1311/1056
f 834/1311/1056 802/1312/1101 818/1313/1102
f 834/1311/1056 818/1313/1102 827/1314/1053
f 1334/1315/1103 1342/1316/1104 1298/1317/1105
f 1298/1317/1105 1342/1316/1104 1301/1318/1106
f 1301/1318/1106 1342/1316/1104 1309/1319/1107
f 1342/1316/1104 1334/1315/1103 1336/1320/1108
f 1336/1320/1108 1334/1315/1103 1306/1321/1109
f 1309/1319/1107 1342/1316/1104 1335/1322/1110
f 1335/1322/1110 1342/1316/1104 1336/1320/1108
f 1310/1323/1111 1286/1324/1112 1309/1319/1107
f 1310/1323/1111 1309/1319/1107 1326/1325/1113
f 1326/1325/1113 1309/1319/1107 1335/1322/1110
f 1310/1323/1111 1326/1325/1113 1325/1326/1114
f 1335/1322/1110 1336/1320/1108 1322/1327/1115
f 1322/1327/1115 1336/1320/1108 1306/1321/1109
f 1335/1322/1110 1322/1327/1115 1326/1325/1113
f 1326/1325/1113 1322/1327/1115 1321/1328/1116
f 1322/1327/1115 1306/1321/1109 1305/1329/1117
f 1322/1327/1115 1305/1329/1117 1321/1328/1116
f 1305/1329/1117 1306/1321/1109 1288/1330/1118
f 1326/1325/1113 1321/1328/1116 1324/1331/1119
f 1326/1325/1113 1324/1331/1119 1325/1326/1114
f 1324/1331/1119 1321/1328/1116 1305/1329/1117
f 1325/1326/1114 1324/1331/1119 1330/1332/1120
f 1325/1326/1114 1330/1332/1120 1328/1333/1121
f 1328/1333/1121 1330/1332/1120 1343/1334/1122
f 1323/1335/1123 1324/1331/1119 1305/1329/1117
f 1323/1335/1123 1305/1329/1117 1313/1336/1124
f 1323/1335/1123 1313/1336/1124 1320/1337/1125
f 1320/1337/1125 1313/1336/1124 1319/1338/1126
f 1301/1339/1106 1276/1340/1127 1298/1341/1105
f 1298/1341/1105 1276/1340/1127 1283/1342/1128
f 1298/1341/1105 1283/1342/1128 1334/1343/1103
f 1334/1343/1103 1283/1342/1128 1306/1344/1109
f 1306/1344/1109 1283/1342/1128 1288/1345/1118
f 1276/1340/1127 1301/1339/1106 1281/1346/1129
f 1281/1346/1129 1301/1339/1106 1309/1347/1107
f 1283/1342/1128 1276/1340/1127 1260/1348/1130
f 1281/1346/1129 1309/1347/1107 1286/1349/1112
f 1276/1340/1127 1281/1346/1129 1255/1350/1131
f 1276/1340/1127 1255/1350/1131 1260/1348/1130
f 1283/1342/1128 1260/1348/1130 1275/1351/1132
f 1283/1342/1128 1275/1351/1132 1288/1345/1118
f 1275/1351/1132 1260/1348/1130 1257/1352/1133
f 1275/1351/1132 1257/1352/1133 1288/1345/1118
f 1260/1348/1130 1255/1350/1131 1250/1353/1134
f 1260/1348/1130 1250/1353/1134 1257/1352/1133
f 1257/1352/1133 1250/1353/1134 1232/1354/1135
f 1250/1353/1134 1255/1350/1131 1230/1355/1136
f 1250/1353/1134 1230/1355/1136 1232/1354/1135
f 1257/1352/1133 1232/1354/1135 1241/1356/1137
f 1241/1356/1137 1232/1354/1135 1230/1355/1136
f 1263/1357/1138 1288/1345/1118 1257/1352/1133
f 1263/1357/1138 1257/1352/1133 1241/1356/1137
f 1288/1345/1118 1263/1357/1138 1284/1358/1139
f 1288/1345/1118 1284/1358/1139 1305/1359/1117
f 1305/1359/1117 1284/1358/1139 1313/1360/1124
f 1313/1360/1124 1284/1358/1139 1319/1361/1126
f 1241/1356/1137 1230/1355/1136 1235/1362/1140
f 1235/1362/1140 1230/1355/1136 1255/1350/1131
f 1263/1357/1138 1241/1356/1137 1238/1363/1141
f 1263/1357/1138 1238/1363/1141 1284/1358/1139
f 1241/1356/1137 1235/1362/1140 1248/1364/1142
f 1241/1356/1137 1248/1364/1142 1238/1363/1141
f 1235/1362/1140 1255/1350/1131 1269/1365/1143
f 1235/1362/1140 1269/1365/1143 1248/1364/1142
f 1269/1365/1143 1255/1350/1131 1281/1346/1129
f 1248/1364/1142 1269/1365/1143 1247/1366/1144
f 1248/1364/1142 1247/1366/1144 1238/1363/1141
f 1269/1365/1143 1281/1346/1129 1278/1367/1145
f 1269/1365/1143 1278/1367/1145 1247/1366/1144
f 1278/1367/1145 1281/1346/1129 1286/1349/1112
f 1238/1363/1141 1247/1366/1144 1242/1368/1146
f 1278/1367/1145 1286/1349/1112 1292/1369/1147
f 1247/1366/1144 1278/1367/1145 1279/1370/1148
f 1279/1370/1148 1278/1367/1145 1292/1369/1147
f 1247/1366/1144 1279/1370/1148 1274/1371/1149
f 1247/1366/1144 1274/1371/1149 1242/1368/1146
f 1279/1370/1148 1292/1369/1147 1308/1372/1150
f 1279/1370/1148 1308/1372/1150 1274/1371/1149
f 1292/1369/1147 1286/1349/1112 1295/1373/1151
f 1292/1369/1147 1295/1373/1151 1308/1372/1150
f 1295/1373/1151 1286/1349/1112 1310/1374/1111
f 1295/1373/1151 1310/1374/1111 1325/1375/1114
f 1295/1373/1151 1325/1375/1114 1328/1376/1121
f 1274/1371/1149 1308/1372/1150 1289/1377/1152
f 1274/1371/1149 1289/1377/1152 1265/1378/1153
f 1274/1371/1149 1265/1378/1153 1242/1368/1146
f 1242/1368/1146 1265/1378/1153 1238/1363/1141
f 1265/1378/1153 1289/1377/1152 1277/1379/1154
f 1238/1363/1141 1265/1378/1153 1264/1380/1155
f 1264/1380/1155 1265/1378/1153 1277/1379/1154
f 1238/1363/1141 1264/1380/1155 1284/1358/1139
f 1264/1380/1155 1277/1379/1154 1285/1381/1156
f 1264/1380/1155 1285/1381/1156 1284/1358/1139
f 1341/1382/1157 1308/1372/1150 1295/1373/1151
f 1338/1383/1158 1295/1373/1151 1328/1376/1121
f 1295/1373/1151 1338/1383/1158 1341/1382/1157
f 1338/1383/1158 1328/1376/1121 1343/1384/1122
f 1338/1383/1158 1343/1384/1122 1353/1385/1159
f 1338/1383/1158 1353/1385/1159 1341/1382/1157
f 1341/1382/1157 1353/1385/1159 1350/1386/1160
f 1341/1382/1157 1350/1386/1160 1339/1387/1161
f 1318/1388/1162 1308/1372/1150 1341/1382/1157
f 1318/1388/1162 1341/1382/1157 1339/1387/1161
f 1308/1372/1150 1318/1388/1162 1315/1389/1163
f 1315/1389/1163 1318/1388/1162 1339/1387/1161
f 2445/1390/1164 2422/1391/1165 2431/1392/1166
f 2431/1392/1166 2422/1391/1165 2408/1393/1167
f 2431/1392/1166 2408/1393/1167 2432/1394/1168
f 2431/1392/1166 2432/1394/1168 2451/1395/1169
f 2451/1395/1169 2432/1394/1168 2461/1396/1170
f 2461/1396/1170 2432/1394/1168 2450/1397/1171
f 2408/1393/1167 2422/1391/1165 2404/1398/1172
f 2432/1394/1168 2408/1393/1167 2403/1399/1173
f 2403/1399/1173 2408/1393/1167 2404/1398/1172
f 2450/1397/1171 2432/1394/1168 2426/1400/1174
f 2426/1400/1174 2432/1394/1168 2403/1399/1173
f 2450/1397/1171 2426/1400/1174 2423/1401/1175
f 2450/1397/1171 2423/1401/1175 2433/1402/1176
f 2433/1402/1176 2423/1401/1175 2412/1403/1177
f 2433/1402/1176 2412/1403/1177 2446/1404/1178
f 2446/1404/1178 2412/1403/1177 2413/1405/1179
f 2446/1404/1178 2413/1405/1179 2416/1406/1180
f 2413/1405/1179 2412/1403/1177 2394/1407/1181
f 2413/1405/1179 2394/1407/1181 2416/1406/1180
f 2412/1403/1177 2423/1401/1175 2400/1408/1182
f 2400/1408/1182 2423/1401/1175 2426/1400/1174
f 2412/1403/1177 2400/1408/1182 2394/1407/1181
f 2400/1408/1182 2426/1400/1174 2398/1409/1183
f 2398/1409/1183 2426/1400/1174 2403/1399/1173
f 2394/1407/1181 2400/1408/1182 2380/1410/1184
f 2380/1410/1184 2400/1408/1182 2398/1409/1183
f 2395/1411/1185 2416/1406/1180 2394/1407/1181
f 2416/1406/1180 2395/1411/1185 2405/1412/1186
f 2394/1407/1181 2380/1410/1184 2383/1413/1187
f 2394/1407/1181 2383/1413/1187 2395/1411/1185
f 2405/1412/1186 2395/1411/1185 2393/1414/1188
f 2393/1414/1188 2395/1411/1185 2383/1413/1187
f 2405/1412/1186 2393/1414/1188 2417/1415/1189
f 2417/1415/1189 2393/1414/1188 2402/1416/1190
f 2393/1414/1188 2383/1413/1187 2387/1417/1191
f 2393/1414/1188 2387/1417/1191 2402/1416/1190
f 2373/1418/1192 2383/1413/1187 2380/1410/1184
f 2383/1413/1187 2373/1418/1192 2387/1417/1191
f 2373/1418/1192 2380/1410/1184 2376/1419/1193
f 2376/1419/1193 2380/1410/1184 2398/1409/1183
f 2387/1417/1191 2373/1418/1192 2384/1420/1194
f 2387/1417/1191 2384/1420/1194 2402/1416/1190
f 2384/1420/1194 2373/1418/1192 2376/1419/1193
f 2376/1419/1193 2398/1409/1183 2386/1421/1195
f 2386/1421/1195 2398/1409/1183 2403/1399/1173
f 2384/1420/1194 2376/1419/1193 2389/1422/1196
f 2376/1419/1193 2386/1421/1195 2382/1423/1197
f 2382/1423/1197 2386/1421/1195 2403/1399/1173
f 2376/1419/1193 2382/1423/1197 2389/1422/1196
f 2382/1423/1197 2403/1399/1173 2401/1424/1198
f 2401/1424/1198 2403/1399/1173 2404/1398/1172
f 2401/1424/1198 2404/1398/1172 2382/1423/1197
f 2382/1423/1197 2404/1398/1172 2389/1422/1196
f 2389/1422/1199 2359/1425/1200 2360/1426/1201
f 2389/1422/1199 2360/1426/1201 2375/1427/1202
f 2360/1426/1201 2359/1425/1200 2356/1428/1203
f 2360/1426/1201 2356/1428/1203 2367/1429/1204
f 2360/1426/1201 2367/1429/1204 2366/1430/1205
f 2360/1426/1201 2366/1430/1205 2375/1427/1202
f 2367/1429/1204 2356/1428/1203 2350/1431/1206
f 2350/1431/1206 2356/1428/1203 2342/1432/1207
f 2367/1429/1204 2350/1431/1206 2363/1433/1208
f 2367/1429/1204 2363/1433/1208 2366/1430/1205
f 2363/1433/1208 2350/1431/1206 2341/1434/1209
f 2350/1431/1206 2342/1432/1207 1110/1435/1210
f 2350/1431/1206 1110/1435/1210 2341/1434/1209
f 2366/1430/1205 2363/1433/1208 2346/1436/1211
f 1110/1435/1210 2342/1432/1207 1123/1437/1212
f 1123/1437/1212 2342/1432/1207 1132/1438/1213
f 1110/1435/1210 1123/1437/1212 1129/1439/1214
f 1123/1437/1212 1132/1438/1213 1145/1440/1215
f 1123/1437/1212 1145/1440/1215 1129/1439/1214
f 1129/1439/1214 1145/1440/1215 1144/1441/1216
f 1144/1441/1216 1145/1440/1215 1155/1442/1217
f 1110/1435/1210 1129/1439/1214 1117/1443/1218
f 1117/1443/1218 1129/1439/1214 1144/1441/1216
f 1110/1435/1210 1117/1443/1218 2341/1434/1209
f 1144/1441/1216 1155/1442/1217 1157/1444/1219
f 1144/1441/1216 1157/1444/1219 1117/1443/1218
f 1157/1444/1219 1155/1442/1217 1171/1445/1220
f 2341/1434/1209 1117/1443/1218 1113/1446/1221
f 1113/1446/1221 1117/1443/1218 1157/1444/1219
f 1157/1444/1219 1171/1445/1220 1166/1447/1222
f 1113/1446/1221 1157/1444/1219 1147/1448/1223
f 1147/1448/1223 1157/1444/1219 1166/1447/1222
f 1113/1446/1221 1147/1448/1223 1139/1449/1224
f 1147/1448/1223 1166/1447/1222 1175/1450/1225
f 2341/1434/1209 1113/1446/1221 1109/1451/1226
f 1166/1447/1222 1171/1445/1220 1188/1452/1227
f 1166/1447/1222 1188/1452/1227 1173/1453/1228
f 1166/1447/1222 1173/1453/1228 1175/1450/1225
f 1173/1453/1228 1188/1452/1227 1198/1454/1229
f 1198/1454/1229 1188/1452/1227 1204/1455/1230
f 1173/1453/1228 1198/1454/1229 1175/1450/1225
f 1204/1455/1230 1214/1456/1231 1198/1454/1229
f 1198/1454/1229 1214/1456/1231 1211/1457/1232
f 1211/1457/1232 1214/1456/1231 1220/1458/1233
f 1175/1450/1225 1198/1454/1229 1196/1459/1234
f 1196/1459/1234 1198/1454/1229 1211/1457/1232
f 1211/1457/1232 1220/1458/1233 1213/1460/1235
f 1213/1460/1235 1220/1458/1233 1227/1461/1236
f 1213/1460/1235 1227/1461/1236 1234/1462/1237
f 1211/1457/1232 1213/1460/1235 1205/1463/1238
f 1211/1457/1232 1205/1463/1238 1196/1459/1234
f 1213/1460/1235 1234/1462/1237 1221/1464/1239
f 1213/1460/1235 1221/1464/1239 1205/1463/1238
f 1221/1464/1239 1234/1462/1237 1212/1465/1240
f 1221/1464/1239 1212/1465/1240 1205/1463/1238
f 1212/1465/1240 1234/1462/1237 1218/1466/1241
f 1196/1459/1234 1205/1463/1238 1191/1467/1242
f 1191/1467/1242 1205/1463/1238 1212/1465/1240
f 1178/1468/1243 1175/1450/1225 1196/1459/1234
f 1178/1468/1243 1196/1459/1234 1191/1467/1242
f 1175/1450/1225 1178/1468/1243 1151/1469/1244
f 1175/1450/1225 1151/1469/1244 1147/1448/1223
f 1147/1448/1223 1151/1469/1244 1139/1449/1224
f 1151/1469/1244 1178/1468/1243 1163/1470/1245
f 1163/1470/1245 1178/1468/1243 1191/1467/1242
f 1151/1469/1244 1163/1470/1245 1142/1471/1246
f 1151/1469/1244 1142/1471/1246 1139/1449/1224
f 1163/1470/1245 1191/1467/1242 1179/1472/1247
f 1192/1473/1248 1191/1467/1242 1212/1465/1240
f 1191/1467/1242 1192/1473/1248 1179/1472/1247
f 1192/1473/1248 1212/1465/1240 1218/1466/1241
f 1163/1470/1245 1179/1472/1247 1153/1474/1249
f 1163/1470/1245 1153/1474/1249 1142/1471/1246
f 1179/1472/1247 1192/1473/1248 1187/1475/1250
f 1192/1473/1248 1218/1466/1241 1200/1476/1251
f 1192/1473/1248 1200/1476/1251 1187/1475/1250
f 1200/1476/1251 1218/1466/1241 1215/1477/1252
f 1215/1477/1252 1218/1466/1241 1229/1478/1253
f 1153/1474/1249 1179/1472/1247 1168/1479/1254
f 1168/1479/1254 1179/1472/1247 1187/1475/1250
f 1153/1474/1249 1168/1479/1254 1149/1480/1255
f 1187/1475/1250 1200/1476/1251 1189/1481/1256
f 1168/1479/1254 1187/1475/1250 1182/1482/1257
f 1182/1482/1257 1187/1475/1250 1189/1481/1256
f 1168/1479/1254 1182/1482/1257 1161/1483/1258
f 1168/1479/1254 1161/1483/1258 1149/1480/1255
f 1161/1483/1258 1182/1482/1257 1158/1484/1259
f 1161/1483/1258 1158/1484/1259 1149/1480/1255
f 1153/1474/1249 1149/1480/1255 1143/1485/900
f 1153/1474/1249 1143/1485/900 1142/1471/1246
f 1143/1485/900 1149/1480/1255 1127/1486/1260
f 1143/1485/900 1127/1486/1260 1142/1471/1246
f 1127/1486/1260 1149/1480/1255 1141/1487/1261
f 1141/1487/1261 1149/1480/1255 1158/1484/1259
f 1172/1488/1262 1158/1484/1259 1182/1482/1257
f 1172/1488/1262 1182/1482/1257 1189/1481/1256
f 1141/1487/1261 1158/1484/1259 1159/1489/1263
f 1159/1489/1263 1158/1484/1259 1172/1488/1262
f 1127/1486/1260 1141/1487/1261 1128/1490/1264
f 1128/1490/1264 1141/1487/1261 1159/1489/1263
f 1124/1491/1265 1142/1471/1246 1127/1486/1260
f 1124/1491/1265 1127/1486/1260 1128/1490/1264
f 1142/1471/1246 1124/1491/1265 1133/1492/1266
f 1142/1471/1246 1133/1492/1266 1139/1449/1224
f 1133/1492/1266 1124/1491/1265 1120/1493/1267
f 1133/1492/1266 1120/1493/1267 1139/1449/1224
f 1120/1493/1267 1124/1491/1265 1106/1494/1268
f 1106/1494/1268 1124/1491/1265 1128/1490/1264
f 1139/1449/1224 1120/1493/1267 1118/1495/1269
f 1118/1495/1269 1120/1493/1267 1106/1494/1268
f 1139/1449/1224 1118/1495/1269 1113/1446/1221
f 1113/1446/1221 1118/1495/1269 1109/1451/1226
f 1109/1451/1226 1118/1495/1269 1106/1494/1268
f 1106/1494/1268 1128/1490/1264 1116/1496/1270
f 1106/1494/1268 1116/1496/1270 1105/1497/1271
f 1116/1496/1270 1128/1490/1264 1136/1498/1272
f 1116/1496/1270 1136/1498/1272 1105/1497/1271
f 1109/1451/1226 1106/1494/1268 2340/1499/1273
f 2340/1499/1273 1106/1494/1268 1105/1497/1271
f 1109/1451/1226 2340/1499/1273 2347/1500/1274
f 1109/1451/1226 2347/1500/1274 2341/1434/1209
f 2341/1434/1209 2347/1500/1274 2363/1433/1208
f 2363/1433/1208 2347/1500/1274 2346/1436/1211
f 2347/1500/1274 2340/1499/1273 2361/1501/1275
f 2361/1501/1275 2340/1499/1273 1105/1497/1271
f 2347/1500/1274 2361/1501/1275 2346/1436/1211
f 2361/1501/1275 1105/1497/1271 2351/1502/1276
f 2351/1502/1276 1105/1497/1271 1122/1503/1277
f 1122/1503/1277 1105/1497/1271 1136/1498/1272
f 2361/1501/1275 2351/1502/1276 2345/1504/1278
f 2361/1501/1275 2345/1504/1278 2346/1436/1211
f 2351/1502/1276 1122/1503/1277 1115/1505/1279
f 1115/1505/1279 1122/1503/1277 1136/1498/1272
f 2351/1502/1276 1115/1505/1279 2345/1504/1278
f 1115/1505/1279 1136/1498/1272 1154/1506/1280
f 2346/1436/1211 2345/1504/1278 2349/1507/1281
f 2345/1504/1278 1115/1505/1279 2348/1508/1282
f 2345/1504/1278 2348/1508/1282 2349/1507/1281
f 2348/1508/1282 1115/1505/1279 1114/1509/1283
f 1114/1509/1283 1115/1505/1279 1154/1506/1280
f 2349/1507/1281 2348/1508/1282 2343/1510/1284
f 2346/1436/1211 2349/1507/1281 2370/1511/1285
f 2346/1436/1211 2370/1511/1285 2366/1430/1205
f 2366/1430/1205 2370/1511/1285 2377/1512/1286
f 2366/1430/1205 2377/1512/1286 2375/1427/1202
f 2377/1512/1286 2370/1511/1285 2365/1513/1287
f 2377/1512/1286 2365/1513/1287 2375/1427/1202
f 2370/1511/1285 2349/1507/1281 2354/1514/1288
f 2354/1514/1288 2349/1507/1281 2343/1510/1284
f 2370/1511/1285 2354/1514/1288 2365/1513/1287
f 2375/1427/1202 2365/1513/1287 2371/1515/1289
f 2375/1427/1202 2371/1515/1289 2391/1516/1290
f 2391/1516/1290 2371/1515/1289 2365/1513/1287
f 1112/1517/1291 2343/1510/1284 2348/1508/1282
f 1112/1517/1291 2348/1508/1282 1114/1509/1283
f 2343/1510/1284 1112/1517/1291 1108/1518/1292
f 2343/1510/1284 1108/1518/1292 2354/1514/1288
f 1112/1517/1291 1114/1509/1283 1131/1519/1293
f 1131/1519/1293 1114/1509/1283 1154/1506/1280
f 1112/1517/1291 1131/1519/1293 1121/1520/1294
f 1112/1517/1291 1121/1520/1294 1108/1518/1292
f 1131/1519/1293 1154/1506/1280 1152/1521/1295
f 2354/1514/1288 1108/1518/1292 2364/1522/1296
f 1121/1520/1294 1131/1519/1293 1138/1523/1297
f 1138/1523/1297 1131/1519/1293 1152/1521/1295
f 1108/1518/1292 1121/1520/1294 1119/1524/1298
f 1121/1520/1294 1138/1523/1297 1140/1525/1299
f 1121/1520/1294 1140/1525/1299 1119/1524/1298
f 1140/1525/1299 1138/1523/1297 1162/1526/1300
f 1162/1526/1300 1138/1523/1297 1152/1521/1295
f 1140/1525/1299 1162/1526/1300 1160/1527/1301
f 1162/1526/1300 1152/1521/1295 1169/1528/1302
f 1169/1528/1302 1152/1521/1295 1154/1506/1280
f 1162/1526/1300 1169/1528/1302 1174/1529/1303
f 1162/1526/1300 1174/1529/1303 1160/1527/1301
f 1169/1528/1302 1154/1506/1280 1164/1530/1304
f 1164/1530/1304 1154/1506/1280 1136/1498/1272
f 1164/1530/1304 1136/1498/1272 1128/1490/1264
f 1164/1530/1304 1128/1490/1264 1159/1489/1263
f 1169/1528/1302 1164/1530/1304 1180/1531/1305
f 1169/1528/1302 1180/1531/1305 1174/1529/1303
f 1164/1530/1304 1159/1489/1263 1183/1532/1306
f 1164/1530/1304 1183/1532/1306 1180/1531/1305
f 1174/1529/1303 1180/1531/1305 1185/1533/1307
f 1174/1529/1303 1185/1533/1307 1176/1534/1308
f 1174/1529/1303 1176/1534/1308 1160/1527/1301
f 1176/1534/1308 1185/1533/1307 1181/1535/1309
f 1176/1534/1308 1181/1535/1309 1160/1527/1301
f 1185/1533/1307 1180/1531/1305 1201/1536/1310
f 1185/1533/1307 1201/1536/1310 1181/1535/1309
f 1201/1536/1310 1180/1531/1305 1199/1537/1311
f 1199/1537/1311 1180/1531/1305 1183/1532/1306
f 1181/1535/1309 1201/1536/1310 1197/1538/1312
f 1201/1536/1310 1199/1537/1311 1202/1539/1313
f 1201/1536/1310 1202/1539/1313 1197/1538/1312
f 1199/1537/1311 1183/1532/1306 1219/1540/1314
f 1199/1537/1311 1219/1540/1314 1202/1539/1313
f 1219/1540/1314 1183/1532/1306 1208/1541/1315
f 1197/1538/1312 1202/1539/1313 1190/1542/1316
f 1197/1538/1312 1190/1542/1316 1181/1535/1309
f 1202/1539/1313 1219/1540/1314 1217/1543/1317
f 1208/1541/1315 1183/1532/1306 1170/1544/1318
f 1170/1544/1318 1183/1532/1306 1159/1489/1263
f 1170/1544/1318 1159/1489/1263 1172/1488/1262
f 1219/1540/1314 1208/1541/1315 1207/1545/1319
f 1207/1545/1319 1208/1541/1315 1170/1544/1318
f 1219/1540/1314 1207/1545/1319 1217/1543/1317
f 1170/1544/1318 1172/1488/1262 1184/1546/1320
f 1170/1544/1318 1184/1546/1320 1207/1545/1319
f 1184/1546/1320 1172/1488/1262 1189/1481/1256
f 1184/1546/1320 1189/1481/1256 1206/1547/1321
f 1184/1546/1320 1206/1547/1321 1207/1545/1319
f 1206/1547/1321 1189/1481/1256 1200/1476/1251
f 1206/1547/1321 1200/1476/1251 1215/1477/1252
f 1206/1547/1321 1215/1477/1252 1207/1545/1319
f 1207/1545/1319 1215/1477/1252 1209/1548/1322
f 1207/1545/1319 1209/1548/1322 1217/1543/1317
f 1209/1548/1322 1215/1477/1252 1224/1549/1323
f 1209/1548/1322 1224/1549/1323 1217/1543/1317
f 1193/1550/1324 1202/1539/1313 1217/1543/1317
f 1202/1539/1313 1193/1550/1324 1190/1542/1316
f 1193/1550/1324 1217/1543/1317 1203/1551/1325
f 1193/1550/1324 1203/1551/1325 1190/1542/1316
f 1203/1551/1325 1217/1543/1317 1223/1552/1326
f 1190/1542/1316 1203/1551/1325 1194/1553/1327
f 1194/1553/1327 1203/1551/1325 1195/1554/1328
f 1195/1554/1328 1203/1551/1325 1225/1555/1329
f 1190/1542/1316 1194/1553/1327 1165/1556/1330
f 1194/1553/1327 1195/1554/1328 1186/1557/1331
f 1194/1553/1327 1186/1557/1331 1165/1556/1330
f 1210/1558/1332 1177/1559/1333 1195/1554/1328
f 1195/1554/1328 1177/1559/1333 1186/1557/1331
f 1186/1557/1331 1177/1559/1333 1148/1560/1334
f 1148/1560/1334 1156/1561/1335 1186/1557/1331
f 1186/1557/1331 1156/1561/1335 1146/1562/1336
f 1186/1557/1331 1146/1562/1336 1165/1556/1330
f 1165/1556/1330 1146/1562/1336 1135/1563/1337
f 1167/1564/1338 1190/1542/1316 1165/1556/1330
f 1190/1542/1316 1167/1564/1338 1181/1535/1309
f 1181/1535/1309 1167/1564/1338 1150/1565/1339
f 1150/1565/1339 1167/1564/1338 1165/1556/1330
f 1181/1535/1309 1150/1565/1339 1160/1527/1301
f 1165/1556/1330 1135/1563/1337 1137/1566/1340
f 1165/1556/1330 1137/1566/1340 1150/1565/1339
f 1137/1566/1340 1135/1563/1337 1111/1567/1341
f 1111/1567/1341 1135/1563/1337 2344/1568/1342
f 1111/1567/1341 2344/1568/1342 2362/1569/1343
f 1111/1567/1341 2362/1569/1343 2357/1570/1344
f 1111/1567/1341 2357/1570/1344 2353/1571/1345
f 1130/1572/1346 1160/1527/1301 1150/1565/1339
f 1160/1527/1301 1130/1572/1346 1140/1525/1299
f 1126/1573/1347 1150/1565/1339 1137/1566/1340
f 1150/1565/1339 1126/1573/1347 1130/1572/1346
f 1126/1573/1347 1137/1566/1340 1111/1567/1341
f 1140/1525/1299 1130/1572/1346 1119/1524/1298
f 1119/1524/1298 1130/1572/1346 1126/1573/1347
f 1126/1573/1347 1111/1567/1341 1107/1574/1348
f 1126/1573/1347 1107/1574/1348 1119/1524/1298
f 1107/1574/1348 1111/1567/1341 2353/1571/1345
f 1107/1574/1348 2353/1571/1345 2352/1575/1349
f 1119/1524/1298 1107/1574/1348 2355/1576/1350
f 2355/1576/1350 1107/1574/1348 2352/1575/1349
f 1119/1524/1298 2355/1576/1350 1108/1518/1292
f 2352/1575/1349 2353/1571/1345 2381/1577/1351
f 2352/1575/1349 2381/1577/1351 2355/1576/1350
f 1108/1518/1292 2355/1576/1350 2364/1522/1296
f 2355/1576/1350 2381/1577/1351 2368/1578/1352
f 2355/1576/1350 2368/1578/1352 2364/1522/1296
f 2368/1578/1352 2381/1577/1351 2399/1579/1353
f 2368/1578/1352 2399/1579/1353 2364/1522/1296
f 2399/1579/1353 2381/1577/1351 2410/1580/1354
f 2364/1522/1296 2399/1579/1353 2406/1581/1355
f 2406/1581/1355 2399/1579/1353 2410/1580/1354
f 2364/1522/1296 2406/1581/1355 2379/1582/1356
f 2364/1522/1296 2379/1582/1356 2354/1514/1288
f 2406/1581/1355 2410/1580/1354 2420/1583/1357
f 2354/1514/1288 2379/1582/1356 2378/1584/1358
f 2354/1514/1288 2378/1584/1358 2365/1513/1287
f 2379/1582/1356 2406/1581/1355 2397/1585/1359
f 2379/1582/1356 2397/1585/1359 2378/1584/1358
f 2397/1585/1359 2406/1581/1355 2420/1583/1357
f 2365/1513/1287 2378/1584/1358 2391/1516/1290
f 2391/1516/1290 2378/1584/1358 2397/1585/1359
f 2429/1586/1360 2420/1583/1357 2410/1580/1354
f 2397/1585/1359 2420/1583/1357 2414/1587/1361
f 2414/1587/1361 2420/1583/1357 2428/1588/1362
f 2397/1585/1359 2414/1587/1361 2424/1589/1363
f 2424/1589/1363 2414/1587/1361 2428/1588/1362
f 2391/1516/1290 2397/1585/1359 2411/1590/1364
f 2411/1590/1364 2397/1585/1359 2424/1589/1363
f 2428/1588/1362 2420/1583/1357 2437/1591/1365
f 2437/1591/1365 2420/1583/1357 2429/1586/1360
f 2428/1588/1362 2437/1591/1365 2424/1589/1363
f 2411/1590/1364 2424/1589/1363 2442/1592/1366
f 2442/1592/1366 2424/1589/1363 2437/1591/1365
f 2391/1516/1290 2411/1590/1364 2427/1593/1367
f 2427/1593/1367 2411/1590/1364 2442/1592/1366
f 2441/1594/1368 2427/1593/1367 2442/1592/1366
f 2442/1592/1366 2437/1591/1365 2447/1595/1369
f 2442/1592/1366 2447/1595/1369 2452/1596/1370
f 2452/1596/1370 2447/1595/1369 2437/1591/1365
f 2442/1592/1366 2452/1596/1370 2441/1594/1368
f 2452/1596/1370 2437/1591/1365 2444/1597/1371
f 2444/1597/1371 2437/1591/1365 2429/1586/1360
f 2441/1594/1368 2452/1596/1370 2479/1598/1372
f 2441/1594/1368 2479/1598/1372 2465/1599/1373
f 2470/1600/1374 2465/1599/1373 2479/1598/1372
f 2438/1601/1375 2444/1597/1371 2429/1586/1360
f 2438/1601/1375 2429/1586/1360 2419/1602/1376
f 2470/1600/1374 2479/1598/1372 2473/1603/1377
f 2470/1600/1374 2473/1603/1377 2488/1604/1378
f 2473/1603/1377 2479/1598/1372 2475/1605/1379
f 2475/1605/1379 2479/1598/1372 2452/1596/1370
f 2475/1605/1379 2452/1596/1370 2444/1597/1371
f 2475/1605/1379 2444/1597/1371 2458/1606/1380
f 2475/1605/1379 2458/1606/1380 2473/1603/1377
f 2458/1606/1380 2444/1597/1371 2438/1601/1375
f 2473/1603/1377 2458/1606/1380 2489/1607/1381
f 2489/1607/1381 2458/1606/1380 2438/1601/1375
f 2473/1603/1377 2489/1607/1381 2488/1604/1378
f 2430/1608/1382 2438/1601/1375 2419/1602/1376
f 2430/1608/1382 2419/1602/1376 2407/1609/1383
f 2489/1607/1381 2438/1601/1375 2476/1610/1384
f 2476/1610/1384 2438/1601/1375 2430/1608/1382
f 2488/1604/1378 2489/1607/1381 2490/1611/1385
f 2490/1611/1385 2489/1607/1381 2476/1610/1384
f 2490/1611/1385 2476/1610/1384 2468/1612/1386
f 2468/1612/1386 2476/1610/1384 2430/1608/1382
f 2488/1604/1378 2490/1611/1385 2480/1613/1387
f 2480/1613/1387 2490/1611/1385 2468/1612/1386
f 2480/1613/1387 2468/1612/1386 2471/1614/1388
f 2480/1613/1387 2471/1614/1388 2474/1615/1389
f 2471/1614/1388 2468/1612/1386 2448/1616/1390
f 2448/1616/1390 2468/1612/1386 2430/1608/1382
f 2474/1615/1389 2471/1614/1388 2454/1617/1391
f 2454/1617/1391 2471/1614/1388 2448/1616/1390
f 2474/1615/1389 2454/1617/1391 2453/1618/1392
f 2453/1618/1392 2454/1617/1391 2440/1619/1393
f 2454/1617/1391 2448/1616/1390 2435/1620/1394
f 2454/1617/1391 2435/1620/1394 2440/1619/1393
f 2435/1620/1394 2448/1616/1390 2430/1608/1382
f 2440/1619/1393 2435/1620/1394 2418/1621/1395
f 2435/1620/1394 2430/1608/1382 2407/1609/1383
f 2435/1620/1394 2407/1609/1383 2418/1621/1395
f 1354/1622/1396 1365/1623/1397 1356/1624/1398
f 1354/1622/1396 1356/1624/1398 1333/1625/1399
f 1314/1626/1400 1333/1625/1399 1315/1627/1163
f 1356/1624/1398 1365/1623/1397 1361/1628/1401
f 1361/1628/1401 1365/1623/1397 1366/1629/1402
f 1333/1625/1399 1356/1624/1398 1345/1630/1403
f 1315/1627/1163 1333/1625/1399 1329/1631/1404
f 1329/1631/1404 1333/1625/1399 1345/1630/1403
f 1315/1627/1163 1329/1631/1404 1308/1632/1150
f 1308/1632/1150 1329/1631/1404 1317/1633/1405
f 1317/1633/1405 1329/1631/1404 1345/1630/1403
f 1308/1632/1150 1317/1633/1405 1289/1634/1152
f 1345/1630/1403 1356/1624/1398 1351/1635/1406
f 1351/1635/1406 1356/1624/1398 1361/1628/1401
f 1345/1630/1403 1351/1635/1406 1317/1633/1405
f 1289/1634/1152 1317/1633/1405 1300/1636/1407
f 1317/1633/1405 1351/1635/1406 1340/1637/1408
f 1300/1636/1407 1317/1633/1405 1311/1638/1409
f 1311/1638/1409 1317/1633/1405 1340/1637/1408
f 1300/1636/1407 1311/1638/1409 1290/1639/1410
f 1340/1637/1408 1351/1635/1406 1360/1640/1411
f 1340/1637/1408 1360/1640/1411 1311/1638/1409
f 1360/1640/1411 1351/1635/1406 1361/1628/1401
f 1290/1639/1410 1311/1638/1409 1332/1641/1412
f 1360/1640/1411 1361/1628/1401 1363/1642/1413
f 1363/1642/1413 1361/1628/1401 1366/1629/1402
f 1363/1642/1413 1366/1629/1402 1368/1643/1414
f 1311/1638/1409 1360/1640/1411 1358/1644/1415
f 1311/1638/1409 1358/1644/1415 1332/1641/1412
f 1358/1644/1415 1360/1640/1411 1363/1642/1413
f 1363/1642/1413 1368/1643/1414 1364/1645/1416
f 1363/1642/1413 1364/1645/1416 1358/1644/1415
f 1358/1644/1415 1364/1645/1416 1332/1641/1412
f 1332/1641/1412 1364/1645/1416 1355/1646/1417
f 1332/1641/1412 1355/1646/1417 1344/1647/1418
f 1355/1646/1417 1364/1645/1416 1362/1648/1419
f 1355/1646/1417 1362/1648/1419 1344/1647/1418
f 1344/1647/1418 1362/1648/1419 1349/1649/1420
f 1327/1650/1421 1319/1651/1126 1284/1652/1139
f 1331/1653/1422 1327/1650/1421 1284/1652/1139
f 1331/1653/1422 1284/1652/1139 1302/1654/1423
f 1302/1654/1423 1284/1652/1139 1285/1655/1156
f 1302/1654/1423 1285/1655/1156 1296/1656/1424
f 1331/1653/1422 1302/1654/1423 1315/1657/1163
f 1331/1653/1422 1315/1657/1163 1337/1658/1425
f 1337/1658/1425 1315/1657/1163 1339/1659/1161
f 1236/1660/1426 1216/1661/1427 1222/1662/1428
f 1222/1662/1428 1216/1661/1427 1210/1663/1332
f 1236/1660/1426 1222/1662/1428 1228/1664/1429
f 1222/1662/1428 1210/1663/1332 1225/1665/1329
f 1225/1665/1329 1210/1663/1332 1195/1666/1328
f 1222/1662/1428 1225/1665/1329 1228/1664/1429
f 1203/1667/1325 1223/1668/1326 1225/1665/1329
f 1225/1665/1329 1223/1668/1326 1226/1669/1430
f 1225/1665/1329 1226/1669/1430 1228/1664/1429
f 1226/1669/1430 1223/1668/1326 1217/1670/1317
f 1226/1669/1430 1217/1670/1317 1224/1671/1323
f 1226/1669/1430 1224/1671/1323 1228/1664/1429
f 1254/1672/1431 1236/1660/1426 1228/1664/1429
f 1236/1660/1426 1254/1672/1431 1256/1673/1432
f 1228/1664/1429 1224/1671/1323 1253/1674/1433
f 1228/1664/1429 1253/1674/1433 1254/1672/1431
f 1215/1675/1252 1229/1676/1253 1224/1671/1323
f 1224/1671/1323 1229/1676/1253 1253/1674/1433
f 1254/1672/1431 1253/1674/1433 1252/1677/1434
f 1254/1672/1431 1252/1677/1434 1256/1673/1432
f 1252/1677/1434 1253/1674/1433 1240/1678/1435
f 1253/1674/1433 1229/1676/1253 1233/1679/1436
f 1253/1674/1433 1233/1679/1436 1240/1678/1435
f 1233/1679/1436 1229/1676/1253 1218/1680/1241
f 1239/1681/1437 1240/1678/1435 1233/1679/1436
f 1233/1679/1436 1218/1680/1241 1231/1682/1438
f 1233/1679/1436 1231/1682/1438 1239/1681/1437
f 1231/1682/1438 1218/1680/1241 1234/1683/1237
f 1249/1684/1439 1239/1681/1437 1231/1682/1438
f 1249/1684/1439 1231/1682/1438 1234/1683/1237
f 1249/1684/1439 1234/1683/1237 1237/1685/1440
f 1237/1685/1440 1234/1683/1237 1227/1686/1236
f 2466/1687/1441 2445/1688/1164 2455/1689/1442
f 2455/1689/1442 2445/1688/1164 2431/1690/1166
f 2455/1689/1442 2431/1690/1166 2451/1691/1169
f 2455/1689/1442 2451/1691/1169 2461/1692/1170
f 2455/1689/1442 2461/1692/1170 2462/1693/1443
f 2466/1687/1441 2455/1689/1442 2467/1694/1444
f 2455/1689/1442 2462/1693/1443 2481/1695/1445
f 2455/1689/1442 2481/1695/1445 2467/1694/1444
f 2462/1693/1443 2461/1692/1170 2485/1696/1446
f 2462/1693/1443 2485/1696/1446 2481/1695/1445
f 2485/1696/1446 2461/1692/1170 2463/1697/1447
f 2463/1697/1447 2461/1692/1170 2450/1698/1171
f 2463/1697/1447 2450/1698/1171 2433/1699/1176
f 2481/1695/1445 2485/1696/1446 2486/1700/1448
f 2481/1695/1445 2486/1700/1448 2467/1694/1444
f 2486/1700/1448 2485/1696/1446 2463/1697/1447
f 2463/1697/1447 2433/1699/1176 2446/1701/1178
f 2467/1694/1444 2486/1700/1448 2464/1702/1449
f 2467/1694/1444 2464/1702/1449 2460/1703/1450
f 2486/1700/1448 2463/1697/1447 2484/1704/1451
f 2486/1700/1448 2484/1704/1451 2464/1702/1449
f 2484/1704/1451 2463/1697/1447 2457/1705/1452
f 2457/1705/1452 2463/1697/1447 2446/1701/1178
f 2484/1704/1451 2457/1705/1452 2464/1702/1449
f 2457/1705/1452 2446/1701/1178 2439/1706/1453
f 2439/1706/1453 2446/1701/1178 2416/1707/1180
f 2439/1706/1453 2416/1707/1180 2405/1708/1186
f 2457/1705/1452 2439/1706/1453 2456/1709/1454
f 2457/1705/1452 2456/1709/1454 2464/1702/1449
f 2439/1706/1453 2405/1708/1186 2434/1710/1455
f 2439/1706/1453 2434/1710/1455 2456/1709/1454
f 2434/1710/1455 2405/1708/1186 2417/1711/1189
f 2464/1702/1449 2456/1709/1454 2449/1712/1456
f 2449/1712/1456 2456/1709/1454 2434/1710/1455
f 2464/1702/1449 2449/1712/1456 2460/1703/1450
f 2449/1712/1456 2434/1710/1455 2417/1711/1189
f 2460/1703/1450 2449/1712/1456 2443/1713/1457
f 2443/1713/1457 2449/1712/1456 2417/1711/1189
f 2443/1713/1457 2417/1711/1189 2421/1714/1458
f 2421/1714/1458 2417/1711/1189 2402/1715/1190
f 2421/1714/1458 2402/1715/1190 2443/1713/1457
f 2487/1716/1459 2469/1717/1460 2459/1718/1461
f 2459/1718/1461 2469/1717/1460 2477/1719/1462
f 2477/1719/1462 2469/1717/1460 2493/1720/1463
f 2477/1719/1462 2493/1720/1463 2496/1721/1464
f 2496/1721/1464 2493/1720/1463 2502/1722/1465
f 2502/1722/1465 2493/1720/1463 2504/1723/1466
f 2477/1719/1462 2496/1721/1464 2494/1724/1467
f 2494/1724/1467 2496/1721/1464 2502/1722/1465
f 2459/1718/1461 2477/1719/1462 2472/1725/1468
f 2459/1718/1461 2472/1725/1468 2482/1726/1469
f 2472/1725/1468 2477/1719/1462 2478/1727/1470
f 2477/1719/1462 2494/1724/1467 2495/1728/1471
f 2477/1719/1462 2495/1728/1471 2478/1727/1470
f 2495/1728/1471 2494/1724/1467 2502/1722/1465
f 2472/1725/1468 2478/1727/1470 2492/1729/1472
f 2472/1725/1468 2492/1729/1472 2482/1726/1469
f 2492/1729/1472 2478/1727/1470 2495/1728/1471
f 2482/1726/1469 2492/1729/1472 2497/1730/1473
f 2497/1730/1473 2492/1729/1472 2498/1731/1474
f 2498/1731/1474 2492/1729/1472 2495/1728/1471
f 2498/1731/1474 2495/1728/1471 2501/1732/1475
f 2501/1732/1475 2495/1728/1471 2507/1733/1476
f 2507/1733/1476 2495/1728/1471 2502/1722/1465
f 2501/1732/1475 2507/1733/1476 2511/1734/1477
f 2511/1734/1477 2507/1733/1476 2517/1735/1478
f 2517/1735/1478 2507/1733/1476 2516/1736/1479
f 2507/1733/1476 2502/1722/1465 2508/1737/1480
f 2507/1733/1476 2508/1737/1480 2516/1736/1479
f 2508/1737/1480 2502/1722/1465 2504/1723/1466
f 2516/1736/1479 2508/1737/1480 2513/1738/1481
f 2513/1738/1481 2508/1737/1480 2504/1723/1466
f 1535/1739/1482 1488/1740/1483 1433/1741/1484
f 1433/1741/1484 1488/1740/1483 1426/1742/1485
f 1433/1741/1484 1426/1742/1485 1402/1743/1486
f 1522/1744/1487 1488/1745/1483 1535/1746/1482
f 1488/1745/1483 1522/1744/1487 1492/1747/1488
f 1488/1745/1483 1492/1747/1488 1426/1748/1485
f 1522/1744/1487 1535/1746/1482 1606/1749/1489
f 1426/1748/1485 1492/1747/1488 1400/1750/1490
f 1426/1748/1485 1400/1750/1490 1402/1751/1486
f 1402/1751/1486 1400/1750/1490 1401/1752/1491
f 1401/1752/1491 1400/1750/1490 1411/1753/1492
f 1411/1753/1492 1400/1750/1490 1492/1747/1488
f 1401/1752/1491 1411/1753/1492 1424/1754/1493
f 1424/1754/1493 1411/1753/1492 1472/1755/1494
f 1472/1755/1494 1411/1753/1492 1492/1747/1488
f 1424/1754/1493 1472/1755/1494 1471/1756/1495
f 1471/1756/1495 1472/1755/1494 1493/1757/1496
f 1493/1757/1496 1472/1755/1494 1511/1758/1497
f 1511/1758/1497 1472/1755/1494 1626/1759/1498
f 1472/1755/1494 1492/1747/1488 1525/1760/1499
f 1472/1755/1494 1525/1760/1499 1626/1759/1498
f 1525/1760/1499 1492/1747/1488 1534/1761/1500
f 1534/1761/1500 1492/1747/1488 1522/1744/1487
f 1626/1759/1498 1525/1760/1499 1554/1762/1501
f 1554/1762/1501 1525/1760/1499 1534/1761/1500
f 1626/1759/1498 1554/1762/1501 1636/1763/1502
f 1534/1761/1500 1522/1744/1487 1606/1749/1489
f 1636/1763/1502 1554/1762/1501 1569/1764/1503
f 1569/1764/1503 1554/1762/1501 1534/1761/1500
f 1569/1764/1503 1534/1761/1500 1606/1749/1489
f 1636/1763/1502 1569/1764/1503 1658/1765/1504
f 1658/1765/1504 1569/1764/1503 1606/1749/1489
f 1658/1765/1504 1606/1749/1489 1691/1766/1505
f 1658/1765/1504 1691/1766/1505 1687/1767/1506
f 1687/1767/1506 1691/1766/1505 1746/1768/1507
f 1687/1767/1506 1746/1768/1507 1701/1769/1508
f 1701/1769/1508 1746/1768/1507 1695/1770/1509
f 1746/1768/1507 1691/1766/1505 1680/1771/1510
f 1680/1771/1510 1691/1766/1505 1606/1749/1489
f 1695/1770/1509 1746/1768/1507 1712/1772/1511
f 1695/1770/1509 1712/1772/1511 1670/1773/1512
f 1712/1772/1511 1746/1768/1507 1732/1774/1513
f 1732/1774/1513 1746/1768/1507 1680/1771/1510
f 1712/1772/1511 1732/1774/1513 1670/1773/1512
f 1695/1770/1509 1670/1773/1512 1634/1775/1514
f 1732/1774/1513 1680/1771/1510 1646/1776/1515
f 1732/1774/1513 1646/1776/1515 1670/1773/1512
f 1610/1777/1516 1680/1771/1510 1606/1749/1489
f 1680/1771/1510 1610/1777/1516 1646/1776/1515
f 1610/1777/1516 1606/1749/1489 1577/1778/1517
f 1577/1778/1517 1606/1749/1489 1535/1746/1482
f 1610/1777/1516 1577/1778/1517 1557/1779/1518
f 1646/1776/1515 1610/1777/1516 1560/1780/1519
f 1646/1776/1515 1560/1780/1519 1670/1773/1512
f 1560/1780/1519 1610/1777/1516 1557/1779/1518
f 1620/1781/1520 1634/1775/1514 1670/1773/1512
f 1620/1781/1520 1670/1773/1512 1560/1780/1519
f 1634/1775/1514 1620/1781/1520 1621/1782/1521
f 1621/1782/1521 1620/1781/1520 1583/1783/1522
f 1520/1784/1523 1557/1779/1518 1577/1778/1517
f 1520/1784/1523 1577/1778/1517 1535/1746/1482
f 1557/1779/1518 1520/1784/1523 1560/1780/1519
f 1520/1784/1523 1535/1746/1482 1433/1785/1484
f 1520/1784/1523 1433/1785/1484 1473/1786/1524
f 1520/1784/1523 1473/1786/1524 1560/1780/1519
f 1473/1786/1524 1433/1785/1484 1402/1787/1486
f 1473/1786/1524 1402/1787/1486 1401/1788/1491
f 1473/1786/1524 1401/1788/1491 1424/1789/1493
f 1473/1786/1524 1424/1789/1493 1471/1790/1495
f 1560/1780/1519 1473/1786/1524 1513/1791/1525
f 1513/1791/1525 1473/1786/1524 1471/1790/1495
f 1560/1780/1519 1513/1791/1525 1620/1781/1520
f 1513/1791/1525 1471/1790/1495 1493/1792/1496
f 1620/1781/1520 1513/1791/1525 1548/1793/1526
f 1548/1793/1526 1513/1791/1525 1493/1792/1496
f 1620/1781/1520 1548/1793/1526 1583/1783/1522
f 1548/1793/1526 1493/1792/1496 1506/1794/1527
f 1506/1794/1527 1493/1792/1496 1478/1795/1528
f 1506/1794/1527 1478/1795/1528 1463/1796/1529
f 1506/1794/1527 1463/1796/1529 1504/1797/1530
f 1504/1797/1530 1463/1796/1529 1467/1798/1531
f 1506/1794/1527 1504/1797/1530 1526/1799/1532
f 1506/1794/1527 1526/1799/1532 1548/1793/1526
f 1526/1799/1532 1504/1797/1530 1540/1800/1533
f 1552/1801/1534 1583/1783/1522 1548/1793/1526
f 1552/1801/1534 1548/1793/1526 1526/1799/1532
f 1552/1801/1534 1526/1799/1532 1540/1800/1533
f 1583/1783/1522 1552/1801/1534 1578/1802/1535
f 1578/1802/1535 1552/1801/1534 1540/1800/1533
f 1467/1803/1531 1521/1804/1536 1504/1805/1530
f 1504/1805/1530 1521/1804/1536 1540/1806/1533
f 1627/1807/1537 1605/1808/1538 1578/1809/1535
f 1627/1807/1537 1754/1810/1539 1705/1811/1540
f 1774/1812/1541 1837/1813/1542 1846/1814/1543
f 1846/1814/1543 1837/1813/1542 1857/1815/1544
f 1846/1814/1543 1857/1815/1544 1849/1816/1545
f 1849/1816/1545 1857/1815/1544 1795/1817/1546
f 2500/1818/1547 2491/1819/1548 2499/1820/1549
f 2491/1819/1548 2500/1818/1547 2487/1821/1459
f 2491/1819/1548 2487/1821/1459 2483/1822/1550
f 2491/1819/1548 2483/1822/1550 2499/1820/1549
f 2483/1822/1550 2487/1821/1459 2459/1823/1461
f 2483/1822/1550 2459/1823/1461 2482/1824/1469
f 2487/1821/1459 2500/1818/1547 2503/1825/1551
f 2483/1822/1550 2482/1824/1469 2497/1826/1473
f 2483/1822/1550 2497/1826/1473 2499/1820/1549
f 2505/1827/1552 2500/1818/1547 2499/1820/1549
f 2503/1825/1551 2500/1818/1547 2510/1828/1553
f 2503/1825/1551 2510/1828/1553 2518/1829/1554
f 2500/1818/1547 2505/1827/1552 2512/1830/1555
f 2500/1818/1547 2512/1830/1555 2510/1828/1553
f 2505/1827/1552 2499/1820/1549 2509/1831/1556
f 2505/1827/1552 2509/1831/1556 2512/1830/1555
f 2509/1831/1556 2499/1820/1549 2497/1826/1473
f 2512/1830/1555 2509/1831/1556 2515/1832/1557
f 2515/1832/1557 2509/1831/1556 2497/1826/1473
f 2512/1830/1555 2515/1832/1557 2510/1828/1553
f 2513/1833/1481 2518/1829/1554 2510/1828/1553
f 2518/1829/1554 2513/1833/1481 2504/1834/1466
f 2513/1833/1481 2510/1828/1553 2519/1835/1558
f 2513/1833/1481 2519/1835/1558 2516/1836/1479
f 2516/1836/1479 2519/1835/1558 2517/1837/1478
f 2517/1837/1478 2519/1835/1558 2515/1832/1557
f 2519/1835/1558 2510/1828/1553 2514/1838/1559
f 2519/1835/1558 2514/1838/1559 2515/1832/1557
f 2515/1832/1557 2514/1838/1559 2510/1828/1553
f 2517/1837/1478 2515/1832/1557 2511/1839/1477
f 2511/1839/1477 2515/1832/1557 2506/1840/1560
f 2506/1840/1560 2515/1832/1557 2497/1826/1473
f 2511/1839/1477 2506/1840/1560 2501/1841/1475
f 2506/1840/1560 2497/1826/1473 2498/1842/1474
f 2506/1840/1560 2498/1842/1474 2501/1841/1475
f 2436/1843/1561 2453/1844/1392 2440/1845/1393
f 1146/1846/1336 1134/1847/1562 1135/1848/1337
f 1135/1848/1337 1134/1847/1562 1125/1849/1563
f 1135/1848/1337 1125/1849/1563 2344/1850/1342
f 1125/1849/1563 2372/1851/1564 2344/1850/1342
f 2344/1850/1342 2372/1851/1564 2362/1852/1343
f 2362/1852/1343 2372/1851/1564 2358/1853/1565
f 2362/1852/1343 2358/1853/1565 2357/1854/1344
f 2357/1854/1344 2358/1853/1565 2353/1855/1345
f 2358/1853/1565 2372/1851/1564 2385/1856/1566
f 2385/1856/1566 2372/1851/1564 2415/1857/1567
f 2353/1855/1345 2358/1853/1565 2369/1858/1568
f 2353/1855/1345 2369/1858/1568 2381/1859/1351
f 2358/1853/1565 2385/1856/1566 2374/1860/1569
f 2358/1853/1565 2374/1860/1569 2369/1858/1568
f 2381/1859/1351 2369/1858/1568 2390/1861/1570
f 2390/1861/1570 2369/1858/1568 2374/1860/1569
f 2381/1859/1351 2390/1861/1570 2410/1862/1354
f 2410/1862/1354 2390/1861/1570 2419/1863/1376
f 2410/1862/1354 2419/1863/1376 2429/1864/1360
f 2419/1863/1376 2390/1861/1570 2392/1865/1571
f 2419/1863/1376 2392/1865/1571 2407/1866/1383
f 2407/1866/1383 2392/1865/1571 2418/1867/1395
f 2392/1865/1571 2390/1861/1570 2388/1868/1572
f 2388/1868/1572 2390/1861/1570 2374/1860/1569
f 2418/1867/1395 2392/1865/1571 2409/1869/1573
f 2409/1869/1573 2392/1865/1571 2388/1868/1572
f 2418/1867/1395 2409/1869/1573 2440/1845/1393
f 2388/1868/1572 2374/1860/1569 2396/1870/1574
f 2388/1868/1572 2396/1870/1574 2409/1869/1573
f 2396/1870/1574 2374/1860/1569 2385/1856/1566
f 2396/1870/1574 2385/1856/1566 2415/1857/1567
f 2409/1869/1573 2396/1870/1574 2425/1871/1575
f 2425/1871/1575 2396/1870/1574 2415/1857/1567
f 2409/1869/1573 2425/1871/1575 2440/1845/1393
f 2425/1871/1575 2415/1857/1567 2436/1843/1561
f 2425/1871/1575 2436/1843/1561 2440/1845/1393
f 1956/1872/1576 2065/1873/1577 2066/1874/1578
f 1956/1872/1576 2066/1874/1578 1951/1875/1579
f 2066/1874/1578 2065/1873/1577 2031/1876/1580
f 2066/1874/1578 2031/1876/1580 1951/1875/1579
f 2031/1876/1580 2065/1873/1577 2009/1877/1581
f 1951/1875/1579 2031/1876/1580 1993/1878/1582
f 1993/1878/1582 2031/1876/1580 2009/1877/1581
f 1993/1878/1582 2009/1877/1581 1966/1879/1583
f 1956/1872/1576 1951/1875/1579 1840/1880/1584
f 1956/1872/1576 1840/1880/1584 1834/1881/1585
f 1956/1872/1576 1834/1881/1585 1955/1882/1586
f 1834/1881/1585 1840/1880/1584 1693/1883/1587
f 1693/1883/1587 1840/1880/1584 1741/1884/1588
f 1955/1882/1586 1834/1881/1585 1888/1885/1589
f 1693/1883/1587 1741/1884/1588 1636/1886/1502
f 1636/1886/1502 1741/1884/1588 1697/1887/1590
f 1693/1883/1587 1636/1886/1502 1658/1888/1504
f 1636/1886/1502 1697/1887/1590 1621/1889/1521
f 1621/1889/1521 1697/1887/1590 1694/1890/1591
f 1693/1883/1587 1658/1888/1504 1687/1891/1506
f 1621/1889/1521 1694/1890/1591 1605/1892/1538
f 1621/1889/1521 1605/1892/1538 1627/1893/1537
f 1621/1889/1521 1627/1893/1537 1634/1894/1514
f 1605/1892/1538 1694/1890/1591 1585/1895/1592
f 1585/1895/1592 1694/1890/1591 1579/1896/1593
f 1585/1895/1592 1579/1896/1593 1524/1897/1594
f 1693/1883/1587 1687/1891/1506 1788/1898/1595
f 1693/1883/1587 1788/1898/1595 1834/1881/1585
f 1834/1881/1585 1788/1898/1595 1888/1885/1589
f 1788/1898/1595 1687/1891/1506 1782/1899/1596
f 1788/1898/1595 1782/1899/1596 1888/1885/1589
f 1782/1899/1596 1687/1891/1506 1856/1900/1597
f 1888/1885/1589 1782/1899/1596 1922/1901/1598
f 1922/1901/1598 1782/1899/1596 1856/1900/1597
f 1888/1885/1589 1922/1901/1598 1955/1882/1586
f 1955/1882/1586 1922/1901/1598 1974/1902/1599
f 1974/1902/1599 1922/1901/1598 1856/1900/1597
f 1856/1900/1597 1687/1891/1506 1832/1903/1600
f 1832/1903/1600 1687/1891/1506 1701/1904/1508
f 1832/1903/1600 1701/1904/1508 1727/1905/1601
f 1727/1905/1601 1701/1904/1508 1695/1906/1509
f 1832/1903/1600 1727/1905/1601 1772/1907/1602
f 1727/1905/1601 1695/1906/1509 1705/1908/1540
f 1727/1905/1601 1705/1908/1540 1772/1907/1602
f 1772/1907/1602 1705/1908/1540 1754/1909/1539
f 1705/1908/1540 1695/1906/1509 1634/1910/1514
f 1705/1908/1540 1634/1910/1514 1627/1911/1537
f 1956/1912/1576 1955/1913/1586 2065/1914/1577
f 2065/1914/1577 1955/1913/1586 1974/1915/1599
f 2065/1914/1577 1974/1915/1599 2009/1916/1581
f 2009/1916/1581 1974/1915/1599 1856/1917/1597
f 2009/1916/1581 1856/1917/1597 1966/1918/1583
f 1966/1918/1583 1856/1917/1597 1945/1919/1603
f 1945/1919/1603 1856/1917/1597 1832/1920/1600
f 1966/1918/1583 1945/1919/1603 1929/1921/1604
f 1966/1918/1583 1929/1921/1604 1910/1922/1605
f 1966/1918/1583 1910/1922/1605 1993/1923/1582
f 1929/1921/1604 1945/1919/1603 1895/1924/1606
f 1895/1924/1606 1945/1919/1603 1832/1920/1600
f 1929/1921/1604 1895/1924/1606 1877/1925/1607
f 1929/1921/1604 1877/1925/1607 1910/1922/1605
f 1895/1924/1606 1832/1920/1600 1846/1926/1543
f 1895/1924/1606 1846/1926/1543 1877/1925/1607
f 1877/1925/1607 1846/1926/1543 1849/1927/1545
f 1877/1925/1607 1849/1927/1545 1854/1928/1608
f 1877/1925/1607 1854/1928/1608 1910/1922/1605
f 1846/1926/1543 1832/1920/1600 1801/1929/1609
f 1846/1926/1543 1801/1929/1609 1774/1930/1541
f 1801/1929/1609 1832/1920/1600 1772/1931/1602
f 1774/1930/1541 1801/1929/1609 1754/1932/1539
f 1754/1932/1539 1801/1929/1609 1772/1931/1602
f 1910/1922/1605 1854/1928/1608 1813/1933/1610
f 1813/1933/1610 1854/1928/1608 1831/1934/1611
f 1910/1922/1605 1813/1933/1610 1897/1935/1612
f 1910/1922/1605 1897/1935/1612 1993/1923/1582
f 1993/1923/1582 1897/1935/1612 1951/1936/1579
f 1951/1936/1579 1897/1935/1612 1840/1937/1584
f 1840/1937/1584 1897/1935/1612 1792/1938/1613
f 1792/1938/1613 1897/1935/1612 1813/1933/1610
f 1840/1937/1584 1792/1938/1613 1741/1939/1588
f 1741/1939/1588 1792/1938/1613 1697/1940/1590
f 1792/1938/1613 1813/1933/1610 1755/1941/1614
f 1792/1938/1613 1755/1941/1614 1697/1940/1590
f 1755/1941/1614 1813/1933/1610 1831/1934/1611
f 1697/1940/1590 1755/1941/1614 1694/1942/1591
f 1755/1941/1614 1831/1934/1611 1777/1943/1615
f 1755/1941/1614 1777/1943/1615 1694/1942/1591
f 1777/1943/1615 1831/1934/1611 1767/1944/1616
f 1767/1944/1616 1831/1934/1611 1763/1945/1617
f 1767/1944/1616 1763/1945/1617 1649/1946/1618
f 1767/1944/1616 1649/1946/1618 1622/1947/1619
f 1767/1944/1616 1622/1947/1619 1777/1943/1615
f 1694/1942/1591 1777/1943/1615 1706/1948/1620
f 1706/1948/1620 1777/1943/1615 1622/1947/1619
f 1694/1942/1591 1706/1948/1620 1579/1949/1593
f 1579/1949/1593 1706/1948/1620 1615/1950/1621
f 1706/1948/1620 1622/1947/1619 1685/1951/1622
f 1615/1950/1621 1706/1948/1620 1689/1952/1623
f 1689/1952/1623 1706/1948/1620 1685/1951/1622
f 1615/1950/1621 1689/1952/1623 1592/1953/1624
f 1685/1951/1622 1622/1947/1619 1604/1954/1625
f 1592/1953/1624 1689/1952/1623 1653/1955/1626
f 1653/1955/1626 1689/1952/1623 1685/1951/1622
f 1592/1953/1624 1653/1955/1626 1516/1956/1627
f 1685/1951/1622 1604/1954/1625 1574/1957/1628
f 1685/1951/1622 1574/1957/1628 1653/1955/1626
f 1653/1955/1626 1574/1957/1628 1516/1956/1627
f 1574/1957/1628 1604/1954/1625 1530/1958/1629
f 1516/1956/1627 1574/1957/1628 1449/1959/1630
f 1449/1959/1630 1574/1957/1628 1530/1958/1629
f 1449/1959/1630 1530/1958/1629 1517/1960/1631
f 2527/1961/1632 2526/1962/1633 2521/1963/1634
f 2521/1963/1634 2526/1962/1633 2522/1964/1635
f 2522/1964/1635 2523/1965/1636 2521/1963/1634
f 2536/1966/1637 2521/1963/1634 2523/1965/1636
f 2536/1966/1637 2523/1965/1636 2532/1967/1638
f 1314/1968/1400 1296/1969/1424 1304/1970/1639
f 1296/1969/1424 1314/1968/1400 1302/1971/1423
f 1302/1971/1423 1314/1968/1400 1315/1972/1163
f 1304/1970/1639 1296/1969/1424 1299/1973/1640
f 1299/1973/1640 1296/1969/1424 1287/1974/1641
f 1287/1974/1641 1296/1969/1424 1285/1975/1156
f 1287/1974/1641 1285/1975/1156 1266/1976/1642
f 1299/1973/1640 1287/1974/1641 1280/1977/1643
f 1280/1977/1643 1287/1974/1641 1266/1976/1642
f 1243/1978/1644 1246/1979/1645 1266/1976/1642
f 1266/1976/1642 1246/1979/1645 1280/1977/1643
f 1280/1977/1643 1246/1979/1645 1270/1980/1646
f 1270/1980/1646 1246/1979/1645 1262/1981/1647
f 1299/1973/1640 1280/1977/1643 1348/1982/1648
f 1280/1977/1643 1270/1980/1646 1297/1983/1649
f 1280/1977/1643 1297/1983/1649 1348/1982/1648
f 1270/1980/1646 1262/1981/1647 1293/1984/1650
f 1270/1980/1646 1293/1984/1650 1297/1983/1649
f 1293/1984/1650 1262/1981/1647 1316/1985/1651
f 1297/1983/1649 1293/1984/1650 1352/1986/1652
f 1352/1986/1652 1293/1984/1650 1316/1985/1651
f 1297/1983/1649 1352/1986/1652 1348/1982/1648
f 1352/1986/1652 1316/1985/1651 1346/1987/1653
f 1347/1988/1654 1299/1973/1640 1348/1982/1648
f 1299/1973/1640 1347/1988/1654 1304/1970/1639
f 1347/1988/1654 1348/1982/1648 1357/1989/1655
f 1266/1990/1642 1285/1991/1156 1277/1992/1154
f 1266/1990/1642 1277/1992/1154 1261/1993/1656
f 1266/1990/1642 1261/1993/1656 1243/1994/1644
f 1261/1993/1656 1277/1992/1154 1251/1995/1657
f 1261/1993/1656 1251/1995/1657 1243/1994/1644
f 1289/1996/1152 1300/1997/1407 1277/1992/1154
f 1277/1992/1154 1300/1997/1407 1268/1998/1658
f 1277/1992/1154 1268/1998/1658 1251/1995/1657
f 1268/1998/1658 1300/1997/1407 1290/1999/1410
f 1251/1995/1657 1268/1998/1658 1267/2000/1659
f 1267/2000/1659 1268/1998/1658 1290/1999/1410
f 1243/1994/1644 1251/1995/1657 1245/2001/1660
f 1245/2001/1660 1251/1995/1657 1267/2000/1659
f 1243/1994/1644 1245/2001/1660 1244/2002/1661
f 1243/1994/1644 1244/2002/1661 1246/2003/1645
f 1246/2003/1645 1244/2002/1661 1262/2004/1647
f 1244/2002/1661 1245/2001/1660 1258/2005/1662
f 1244/2002/1661 1258/2005/1662 1262/2004/1647
f 1245/2001/1660 1267/2000/1659 1259/2006/1663
f 1245/2001/1660 1259/2006/1663 1258/2005/1662
f 1271/2007/1664 1267/2000/1659 1290/1999/1410
f 1267/2000/1659 1271/2007/1664 1259/2006/1663
f 1262/2004/1647 1258/2005/1662 1282/2008/1665
f 1262/2004/1647 1282/2008/1665 1316/2009/1651
f 1316/2009/1651 1282/2008/1665 1346/2010/1653
f 1346/2010/1653 1282/2008/1665 1307/2011/1666
f 1282/2008/1665 1258/2005/1662 1273/2012/1667
f 1273/2012/1667 1258/2005/1662 1259/2006/1663
f 1307/2011/1666 1282/2008/1665 1294/2013/1668
f 1294/2013/1668 1282/2008/1665 1273/2012/1667
f 1273/2012/1667 1259/2006/1663 1272/2014/1669
f 1273/2012/1667 1272/2014/1669 1294/2013/1668
f 1272/2014/1669 1259/2006/1663 1271/2007/1664
f 1272/2014/1669 1271/2007/1664 1291/2015/1670
f 1272/2014/1669 1291/2015/1670 1294/2013/1668
f 1291/2015/1670 1271/2007/1664 1290/1999/1410
f 1291/2015/1670 1290/1999/1410 1303/2016/1671
f 1303/2016/1671 1290/1999/1410 1332/2017/1412
f 1294/2013/1668 1291/2015/1670 1312/2018/1672
f 1312/2018/1672 1291/2015/1670 1303/2016/1671
f 1312/2018/1672 1303/2016/1671 1332/2017/1412
f 1294/2013/1668 1312/2018/1672 1307/2011/1666
f 1312/2018/1672 1332/2017/1412 1344/2019/1418
f 1312/2018/1672 1344/2019/1418 1307/2011/1666
f 1307/2011/1666 1344/2019/1418 1349/2020/1420
f 2703/2021/1673 2678/2022/1674 2689/2023/1675
f 2689/2023/1675 2678/2022/1674 2660/2024/1676
f 2689/2023/1675 2660/2024/1676 2662/2025/1677
f 2678/2022/1674 2638/2026/1678 2660/2024/1676
f 2660/2024/1676 2638/2026/1678 2662/2025/1677
f 2662/2025/1677 2638/2026/1678 2639/2027/1679
f 2639/2027/1679 2638/2026/1678 2625/2028/1680
f 1365/2029/1397 1373/2030/1681 1366/2031/1402
f 1366/2031/1402 1373/2030/1681 1368/2032/1414
f 1368/2032/1414 1373/2030/1681 1376/2033/1682
f 1376/2033/1682 1375/2034/1683 1374/2035/1684
f 1376/2033/1682 1374/2035/1684 1372/2036/1685
f 1376/2033/1682 1372/2036/1685 1368/2032/1414
f 1368/2032/1414 1372/2036/1685 1364/2037/1416
f 1364/2037/1416 1372/2036/1685 1362/2038/1419
f 1362/2038/1419 1372/2036/1685 1369/2039/1686
f 1369/2039/1686 1372/2036/1685 1374/2035/1684
f 1362/2038/1419 1369/2039/1686 1349/2040/1420
f 1369/2039/1686 1374/2035/1684 1371/2041/1687
f 1371/2041/1687 1374/2035/1684 1375/2034/1683
f 1349/2040/1420 1369/2039/1686 1359/2042/1688
f 1359/2042/1688 1369/2039/1686 1371/2041/1687
f 1349/2040/1420 1359/2042/1688 1307/2043/1666
f 1307/2043/1666 1359/2042/1688 1346/2044/1653
f 1346/2044/1653 1359/2042/1688 1371/2041/1687
f 1346/2044/1653 1371/2041/1687 1367/2045/1689
f 1367/2045/1689 1371/2041/1687 1375/2034/1683
f 1346/2044/1653 1367/2045/1689 1352/2046/1652
f 1352/2046/1652 1367/2045/1689 1348/2047/1648
f 1348/2047/1648 1367/2045/1689 1370/2048/1690
f 1370/2048/1690 1367/2045/1689 1375/2034/1683
f 1348/2047/1648 1370/2048/1690 1357/2049/1655
f 2610/2050/1691 2621/2051/1692 2612/2052/1693
f 2610/2050/1691 2612/2052/1693 2588/2053/1694
f 2610/2050/1691 2588/2053/1694 2606/2054/1695
f 2606/2054/1695 2588/2053/1694 2582/2055/1696
f 2582/2055/1696 2588/2053/1694 2570/2056/1697
f 2606/2054/1695 2582/2055/1696 2584/2057/1698
f 2606/2054/1695 2584/2057/1698 2595/2058/1699
f 2582/2055/1696 2570/2056/1697 2563/2059/1700
f 2582/2055/1696 2563/2059/1700 2584/2057/1698
f 2595/2058/1699 2584/2057/1698 2564/2060/1701
f 2564/2060/1701 2584/2057/1698 2563/2059/1700
f 2564/2060/1701 2563/2059/1700 2560/2061/1702
f 2595/2058/1699 2564/2060/1701 2579/2062/1703
f 2564/2060/1701 2560/2061/1702 2546/2063/1704
f 2579/2062/1703 2564/2060/1701 2562/2064/1705
f 2562/2064/1705 2564/2060/1701 2546/2063/1704
f 2562/2064/1705 2546/2063/1704 2547/2065/1706
f 2546/2063/1704 2540/2066/1707 2547/2065/1706
f 2547/2065/1706 2540/2066/1707 2543/2067/1708
f 2547/2065/1706 2543/2067/1708 2562/2064/1705
f 2540/2066/1707 2524/2068/1709 2531/2069/1710
f 2540/2066/1707 2531/2069/1710 2543/2067/1708
f 2562/2064/1705 2543/2067/1708 2551/2070/1711
f 2551/2070/1711 2543/2067/1708 2531/2069/1710
f 2562/2064/1705 2551/2070/1711 2579/2062/1703
f 2531/2069/1710 2524/2068/1709 2525/2071/1712
f 2525/2071/1712 2524/2068/1709 2520/2072/1713
f 2551/2070/1711 2531/2069/1710 2539/2073/1714
f 2539/2073/1714 2531/2069/1710 2525/2071/1712
f 2579/2062/1703 2551/2070/1711 2568/2074/1715
f 2568/2074/1715 2551/2070/1711 2539/2073/1714
f 2579/2062/1703 2568/2074/1715 2591/2075/1716
f 2591/2075/1716 2568/2074/1715 2580/2076/1717
f 2580/2076/1717 2568/2074/1715 2574/2077/1718
f 2525/2071/1712 2520/2072/1713 2530/2078/1719
f 2525/2071/1712 2530/2078/1719 2539/2073/1714
f 2530/2078/1719 2520/2072/1713 2527/1961/1632
f 2568/2074/1715 2539/2073/1714 2537/2079/1720
f 2537/2079/1720 2539/2073/1714 2530/2078/1719
f 2530/2078/1719 2527/1961/1632 2528/2080/1721
f 2530/2078/1719 2528/2080/1721 2537/2079/1720
f 2528/2080/1721 2527/1961/1632 2521/1963/1634
f 2528/2080/1721 2521/1963/1634 2529/2081/1722
f 2528/2080/1721 2529/2081/1722 2537/2079/1720
f 2529/2081/1722 2521/1963/1634 2536/1966/1637
f 2529/2081/1722 2536/1966/1637 2542/2082/1723
f 2529/2081/1722 2542/2082/1723 2537/2079/1720
f 2542/2082/1723 2536/1966/1637 2549/2083/1724
f 2557/2084/1725 2568/2074/1715 2537/2079/1720
f 2557/2084/1725 2537/2079/1720 2542/2082/1723
f 2568/2074/1715 2557/2084/1725 2574/2077/1718
f 2574/2077/1718 2557/2084/1725 2548/2085/1726
f 2548/2085/1726 2557/2084/1725 2542/2082/1723
f 2574/2077/1718 2548/2085/1726 2575/2086/1727
f 2575/2086/1727 2548/2085/1726 2565/2087/1728
f 2548/2085/1726 2542/2082/1723 2545/2088/1729
f 2548/2085/1726 2545/2088/1729 2565/2087/1728
f 2545/2088/1729 2542/2082/1723 2549/2083/1724
f 2565/2087/1728 2545/2088/1729 2550/2089/1730
f 2545/2088/1729 2549/2083/1724 2538/2090/1731
f 2545/2088/1729 2538/2090/1731 2550/2089/1730
f 2612/2091/1693 2621/2092/1692 2639/2093/1679
f 2612/2091/1693 2639/2093/1679 2625/2094/1680
f 2639/2093/1679 2621/2092/1692 2647/2095/1732
f 2639/2093/1679 2647/2095/1732 2659/2096/1733
f 2647/2095/1732 2621/2092/1692 2610/2097/1691
f 2647/2095/1732 2610/2097/1691 2623/2098/1734
f 2623/2098/1734 2610/2097/1691 2606/2099/1695
f 2647/2095/1732 2623/2098/1734 2635/2100/1735
f 2647/2095/1732 2635/2100/1735 2667/2101/1736
f 2623/2098/1734 2606/2099/1695 2626/2102/1737
f 2623/2098/1734 2626/2102/1737 2635/2100/1735
f 2626/2102/1737 2606/2099/1695 2595/2103/1699
f 2667/2101/1736 2635/2100/1735 2664/2104/1738
f 2626/2102/1737 2595/2103/1699 2613/2105/1739
f 2613/2105/1739 2595/2103/1699 2579/2106/1703
f 2635/2100/1735 2626/2102/1737 2637/2107/1740
f 2637/2107/1740 2626/2102/1737 2613/2105/1739
f 2613/2105/1739 2579/2106/1703 2591/2108/1716
f 2664/2104/1738 2635/2100/1735 2651/2109/1741
f 2651/2109/1741 2635/2100/1735 2637/2107/1740
f 2664/2104/1738 2651/2109/1741 2684/2110/1742
f 2613/2105/1739 2591/2108/1716 2607/2111/1743
f 2607/2111/1743 2591/2108/1716 2580/2112/1717
f 2637/2107/1740 2613/2105/1739 2633/2113/1744
f 2633/2113/1744 2613/2105/1739 2607/2111/1743
f 2651/2109/1741 2637/2107/1740 2646/2114/1745
f 2646/2114/1745 2637/2107/1740 2633/2113/1744
f 2684/2110/1742 2651/2109/1741 2652/2115/1746
f 2652/2115/1746 2651/2109/1741 2646/2114/1745
f 2633/2113/1744 2607/2111/1743 2615/2116/1747
f 2646/2114/1745 2633/2113/1744 2618/2117/1748
f 2618/2117/1748 2633/2113/1744 2615/2116/1747
f 2615/2116/1747 2607/2111/1743 2601/2118/1749
f 2601/2118/1749 2607/2111/1743 2580/2112/1717
f 2615/2116/1747 2601/2118/1749 2618/2117/1748
f 2601/2118/1749 2580/2112/1717 2602/2119/1750
f 2601/2118/1749 2602/2119/1750 2618/2117/1748
f 2602/2119/1750 2580/2112/1717 2574/2120/1718
f 2646/2114/1745 2618/2117/1748 2643/2121/1751
f 2646/2114/1745 2643/2121/1751 2652/2115/1746
f 2618/2117/1748 2602/2119/1750 2611/2122/1752
f 2618/2117/1748 2611/2122/1752 2643/2121/1751
f 2602/2119/1750 2574/2120/1718 2598/2123/1753
f 2602/2119/1750 2598/2123/1753 2611/2122/1752
f 2598/2123/1753 2574/2120/1718 2575/2124/1727
f 2643/2121/1751 2611/2122/1752 2628/2125/1754
f 2643/2121/1751 2628/2125/1754 2652/2115/1746
f 2611/2122/1752 2598/2123/1753 2585/2126/1755
f 2611/2122/1752 2585/2126/1755 2628/2125/1754
f 2598/2123/1753 2575/2124/1727 2576/2127/1756
f 2598/2123/1753 2576/2127/1756 2585/2126/1755
f 2576/2127/1756 2575/2124/1727 2571/2128/1757
f 2571/2128/1757 2575/2124/1727 2565/2129/1728
f 2571/2128/1757 2565/2129/1728 2550/2130/1730
f 2576/2127/1756 2571/2128/1757 2552/2131/1758
f 2571/2128/1757 2550/2130/1730 2553/2132/1759
f 2571/2128/1757 2553/2132/1759 2552/2131/1758
f 2553/2132/1759 2550/2130/1730 2538/2133/1731
f 2553/2132/1759 2538/2133/1731 2556/2134/1760
f 2556/2134/1760 2538/2133/1731 2544/2135/1761
f 2556/2134/1760 2544/2135/1761 2561/2136/1762
f 2553/2132/1759 2556/2134/1760 2558/2137/1763
f 2558/2137/1763 2556/2134/1760 2561/2136/1762
f 2553/2132/1759 2558/2137/1763 2552/2131/1758
f 2558/2137/1763 2561/2136/1762 2569/2138/1764
f 2577/2139/1765 2576/2127/1756 2552/2131/1758
f 2576/2127/1756 2577/2139/1765 2585/2126/1755
f 2572/2140/1766 2596/2141/1767 2569/2138/1764
f 2569/2138/1764 2596/2141/1767 2578/2142/1768
f 2569/2138/1764 2578/2142/1768 2558/2137/1763
f 2567/2143/1769 2552/2131/1758 2558/2137/1763
f 2567/2143/1769 2558/2137/1763 2578/2142/1768
f 2577/2139/1765 2552/2131/1758 2573/2144/1770
f 2573/2144/1770 2552/2131/1758 2567/2143/1769
f 2567/2143/1769 2578/2142/1768 2583/2145/1771
f 2567/2143/1769 2583/2145/1771 2573/2144/1770
f 2583/2145/1771 2578/2142/1768 2605/2146/1772
f 2583/2145/1771 2605/2146/1772 2614/2147/1773
f 2583/2145/1771 2614/2147/1773 2597/2148/1774
f 2583/2145/1771 2597/2148/1774 2573/2144/1770
f 2597/2148/1774 2614/2147/1773 2627/2149/1775
f 2573/2144/1770 2597/2148/1774 2604/2150/1776
f 2604/2150/1776 2597/2148/1774 2627/2149/1775
f 2604/2150/1776 2627/2149/1775 2617/2151/1777
f 2604/2150/1776 2617/2151/1777 2573/2144/1770
f 2617/2151/1777 2627/2149/1775 2650/2152/1778
f 2592/2153/1779 2577/2139/1765 2573/2144/1770
f 2592/2153/1779 2573/2144/1770 2617/2151/1777
f 2577/2139/1765 2592/2153/1779 2585/2126/1755
f 2592/2153/1779 2617/2151/1777 2624/2154/1780
f 2624/2154/1780 2617/2151/1777 2663/2155/1781
f 2585/2126/1755 2592/2153/1779 2608/2156/1782
f 2608/2156/1782 2592/2153/1779 2624/2154/1780
f 2624/2154/1780 2663/2155/1781 2656/2157/1783
f 2585/2126/1755 2608/2156/1782 2628/2125/1754
f 2624/2154/1780 2656/2157/1783 2640/2158/1784
f 2624/2154/1780 2640/2158/1784 2608/2156/1782
f 2640/2158/1784 2656/2157/1783 2685/2159/1785
f 2640/2158/1784 2685/2159/1785 2665/2160/1786
f 2640/2158/1784 2665/2160/1786 2608/2156/1782
f 2628/2125/1754 2608/2156/1782 2648/2161/1787
f 2648/2161/1787 2608/2156/1782 2665/2160/1786
f 2628/2125/1754 2648/2161/1787 2652/2115/1746
f 2648/2161/1787 2665/2160/1786 2681/2162/1788
f 2648/2161/1787 2681/2162/1788 2652/2115/1746
f 2681/2162/1788 2665/2160/1786 2683/2163/1789
f 2652/2115/1746 2681/2162/1788 2684/2110/1742
f 2684/2110/1742 2681/2162/1788 2691/2164/1790
f 1546/2165/1791 1439/2166/1792 1441/2167/1793
f 1441/2167/1793 1439/2166/1792 1449/2168/1630
f 1449/2168/1630 1439/2166/1792 1516/2169/1627
f 1516/2169/1627 1439/2166/1792 1546/2165/1791
f 1441/2167/1793 1449/2168/1630 1517/2170/1631
f 1516/2169/1627 1546/2165/1791 1592/2171/1624
f 1441/2167/1793 1517/2170/1631 1528/2172/1794
f 1441/2167/1793 1528/2172/1794 1546/2165/1791
f 1546/2165/1791 1528/2172/1794 1592/2171/1624
f 1528/2172/1794 1517/2170/1631 1532/2173/1795
f 1592/2171/1624 1528/2172/1794 1615/2174/1621
f 1615/2174/1621 1528/2172/1794 1532/2173/1795
f 2703/2175/1673 2734/2176/1796 2723/2177/1797
f 2734/2176/1796 2703/2175/1673 2712/2178/1798
f 2712/2178/1798 2703/2175/1673 2689/2179/1675
f 2712/2178/1798 2689/2179/1675 2682/2180/1799
f 2682/2180/1799 2689/2179/1675 2662/2181/1677
f 2682/2180/1799 2662/2181/1677 2659/2182/1733
f 2659/2182/1733 2662/2181/1677 2639/2183/1679
f 2682/2180/1799 2659/2182/1733 2667/2184/1736
f 2667/2184/1736 2659/2182/1733 2647/2185/1732
f 2682/2180/1799 2667/2184/1736 2687/2186/1800
f 2682/2180/1799 2687/2186/1800 2712/2178/1798
f 2687/2186/1800 2667/2184/1736 2664/2187/1738
f 2712/2178/1798 2687/2186/1800 2726/2188/1801
f 2712/2178/1798 2726/2188/1801 2734/2176/1796
f 2687/2186/1800 2664/2187/1738 2680/2189/1802
f 2687/2186/1800 2680/2189/1802 2726/2188/1801
f 2684/2190/1742 2691/2191/1790 2664/2187/1738
f 2664/2187/1738 2691/2191/1790 2680/2189/1802
f 2680/2189/1802 2691/2191/1790 2683/2192/1789
f 2683/2192/1789 2691/2191/1790 2681/2193/1788
f 2680/2189/1802 2683/2192/1789 2697/2194/1803
f 2726/2188/1801 2680/2189/1802 2724/2195/1804
f 2724/2195/1804 2680/2189/1802 2697/2194/1803
f 2726/2188/1801 2724/2195/1804 2739/2196/1805
f 2726/2188/1801 2739/2196/1805 2734/2176/1796
f 2739/2196/1805 2724/2195/1804 2728/2197/1806
f 2734/2176/1796 2739/2196/1805 2738/2198/1807
f 2738/2198/1807 2739/2196/1805 2728/2197/1806
f 2734/2176/1796 2738/2198/1807 2725/2199/1808
f 2734/2176/1796 2725/2199/1808 2723/2177/1797
f 2738/2198/1807 2728/2197/1806 2717/2200/1809
f 2738/2198/1807 2717/2200/1809 2725/2199/1808
f 2728/2197/1806 2724/2195/1804 2704/2201/1810
f 2704/2201/1810 2724/2195/1804 2697/2194/1803
f 2717/2200/1809 2728/2197/1806 2735/2202/1811
f 2735/2202/1811 2728/2197/1806 2704/2201/1810
f 2720/2203/1812 2717/2200/1809 2735/2202/1811
f 2758/2204/1813 2720/2203/1812 2735/2202/1811
f 2778/2205/1814 2761/2206/1815 2766/2207/1816
f 2758/2204/1813 2735/2202/1811 2749/2208/1817
f 2749/2208/1817 2735/2202/1811 2704/2201/1810
f 2752/2209/1818 2758/2204/1813 2749/2208/1817
f 2766/2207/1816 2761/2206/1815 2750/2210/1819
f 2766/2207/1816 2750/2210/1819 2757/2211/1820
f 2752/2209/1818 2749/2208/1817 2713/2212/1821
f 2713/2212/1821 2749/2208/1817 2694/2213/1822
f 2713/2212/1821 2694/2213/1822 2714/2214/1823
f 2694/2213/1822 2749/2208/1817 2716/2215/1824
f 2743/2216/1825 2750/2210/1819 2761/2206/1815
f 2716/2215/1824 2749/2208/1817 2702/2217/1826
f 2702/2217/1826 2749/2208/1817 2704/2201/1810
f 2694/2213/1822 2716/2215/1824 2690/2218/1827
f 2690/2218/1827 2716/2215/1824 2702/2217/1826
f 2694/2213/1822 2690/2218/1827 2670/2219/1828
f 2694/2213/1822 2670/2219/1828 2714/2214/1823
f 2690/2218/1827 2702/2217/1826 2672/2220/1829
f 2672/2220/1829 2702/2217/1826 2704/2201/1810
f 2690/2218/1827 2672/2220/1829 2670/2219/1828
f 2672/2220/1829 2704/2201/1810 2679/2221/1830
f 2679/2221/1830 2704/2201/1810 2697/2194/1803
f 2679/2221/1830 2697/2194/1803 2673/2222/1831
f 2679/2221/1830 2673/2222/1831 2672/2220/1829
f 2673/2222/1831 2697/2194/1803 2699/2223/1832
f 2699/2223/1832 2697/2194/1803 2683/2192/1789
f 2699/2223/1832 2683/2192/1789 2665/2224/1786
f 2699/2223/1832 2665/2224/1786 2685/2225/1785
f 2699/2223/1832 2685/2225/1785 2673/2222/1831
f 2673/2222/1831 2685/2225/1785 2656/2226/1783
f 2673/2222/1831 2656/2226/1783 2663/2227/1781
f 2673/2222/1831 2663/2227/1781 2672/2220/1829
f 2672/2220/1829 2663/2227/1781 2650/2228/1778
f 2650/2228/1778 2663/2227/1781 2617/2229/1777
f 2672/2220/1829 2650/2228/1778 2627/2230/1775
f 2672/2220/1829 2627/2230/1775 2636/2231/1833
f 2672/2220/1829 2636/2231/1833 2670/2219/1828
f 2636/2231/1833 2627/2230/1775 2614/2232/1773
f 2636/2231/1833 2614/2232/1773 2641/2233/1834
f 2636/2231/1833 2641/2233/1834 2670/2219/1828
f 2670/2219/1828 2641/2233/1834 2686/2234/1835
f 2686/2234/1835 2641/2233/1834 2661/2235/1836
f 2670/2219/1828 2686/2234/1835 2714/2214/1823
f 2714/2214/1823 2686/2234/1835 2693/2236/1837
f 2714/2214/1823 2693/2236/1837 2708/2237/1838
f 2708/2237/1838 2693/2236/1837 2668/2238/1839
f 2754/2239/1840 2770/2240/1841 2742/2241/1842
f 2742/2241/1842 2770/2240/1841 2756/2242/1843
f 2742/2241/1842 2756/2242/1843 2729/2243/1844
f 2754/2239/1840 2742/2241/1842 2727/2244/1845
f 2727/2244/1845 2742/2241/1842 2729/2243/1844
f 2754/2239/1840 2727/2244/1845 2743/2216/1825
f 2727/2244/1845 2729/2243/1844 2722/2245/1846
f 2743/2216/1825 2727/2244/1845 2730/2246/1847
f 2730/2246/1847 2727/2244/1845 2722/2245/1846
f 2743/2216/1825 2730/2246/1847 2750/2210/1819
f 2730/2246/1847 2722/2245/1846 2732/2247/1848
f 2732/2247/1848 2722/2245/1846 2745/2248/1849
f 2750/2210/1819 2730/2246/1847 2736/2249/1850
f 2736/2249/1850 2730/2246/1847 2732/2247/1848
f 2750/2210/1819 2736/2249/1850 2757/2211/1820
f 2732/2247/1848 2745/2248/1849 2748/2250/1851
f 2732/2247/1848 2748/2250/1851 2736/2249/1850
f 2748/2250/1851 2745/2248/1849 2757/2211/1820
f 2748/2250/1851 2757/2211/1820 2736/2249/1850
f 1568/2251/1852 1511/2252/1497 1626/2253/1498
f 1621/2254/1521 1626/2253/1498 1636/2255/1502
f 1626/2253/1498 1621/2254/1521 1588/2256/1853
f 1626/2253/1498 1588/2256/1853 1568/2251/1852
f 1588/2256/1853 1621/2254/1521 1583/2257/1522
f 1588/2256/1853 1583/2257/1522 1578/2258/1535
f 1588/2256/1853 1578/2258/1535 1602/2259/1854
f 1588/2256/1853 1602/2259/1854 1568/2251/1852
f 1602/2259/1854 1578/2258/1535 1605/2260/1538
f 1602/2259/1854 1605/2260/1538 1613/2261/1855
f 1602/2259/1854 1613/2261/1855 1589/2262/1856
f 1568/2251/1852 1602/2259/1854 1567/2263/1857
f 1567/2263/1857 1602/2259/1854 1589/2262/1856
f 1568/2251/1852 1567/2263/1857 1511/2252/1497
f 1567/2263/1857 1589/2262/1856 1532/2264/1795
f 1511/2252/1497 1567/2263/1857 1542/2265/1858
f 1542/2265/1858 1567/2263/1857 1532/2264/1795
f 1511/2252/1497 1542/2265/1858 1502/2266/1859
f 1511/2252/1497 1502/2266/1859 1493/2267/1496
f 1493/2267/1496 1502/2266/1859 1478/2268/1528
f 1502/2266/1859 1542/2265/1858 1512/2269/1860
f 1512/2269/1860 1542/2265/1858 1532/2264/1795
f 1512/2269/1860 1532/2264/1795 1527/2270/1861
f 1527/2270/1861 1532/2264/1795 1517/2271/1631
f 1512/2269/1860 1527/2270/1861 1483/2272/1862
f 1512/2269/1860 1483/2272/1862 1502/2266/1859
f 1483/2272/1862 1527/2270/1861 1489/2273/1863
f 1446/2274/1864 1478/2268/1528 1502/2266/1859
f 1446/2274/1864 1502/2266/1859 1483/2272/1862
f 1478/2268/1528 1446/2274/1864 1463/2275/1529
f 1483/2272/1862 1489/2273/1863 1454/2276/1865
f 1446/2274/1864 1483/2272/1862 1443/2277/1866
f 1443/2277/1866 1483/2272/1862 1454/2276/1865
f 1454/2276/1865 1489/2273/1863 1460/2278/1867
f 1454/2276/1865 1460/2278/1867 1443/2277/1866
f 1460/2278/1867 1489/2273/1863 1469/2279/1868
f 1460/2278/1867 1469/2279/1868 1476/2280/1869
f 1460/2278/1867 1476/2280/1869 1447/2281/1870
f 1460/2278/1867 1447/2281/1870 1443/2277/1866
f 1446/2274/1864 1443/2277/1866 1437/2282/1871
f 1437/2282/1871 1443/2277/1866 1447/2281/1870
f 1446/2274/1864 1437/2282/1871 1463/2275/1529
f 1437/2282/1871 1447/2281/1870 1451/2283/1872
f 1437/2282/1871 1451/2283/1872 1463/2275/1529
f 1463/2275/1529 1451/2283/1872 1467/2284/1531
f 1484/2285/1873 1476/2286/1869 1469/2287/1868
f 1484/2285/1873 1469/2287/1868 1455/2288/1874
f 1484/2285/1873 1455/2288/1874 1434/2289/1875
f 1455/2288/1874 1469/2287/1868 1489/2290/1863
f 1434/2289/1875 1455/2288/1874 1423/2291/1876
f 1434/2289/1875 1423/2291/1876 1418/2292/1877
f 1423/2291/1876 1455/2288/1874 1412/2293/1878
f 1423/2291/1876 1412/2293/1878 1418/2292/1877
f 1455/2288/1874 1489/2290/1863 1474/2294/1879
f 1412/2293/1878 1455/2288/1874 1444/2295/1880
f 1444/2295/1880 1455/2288/1874 1474/2294/1879
f 1474/2294/1879 1489/2290/1863 1531/2296/1881
f 1531/2296/1881 1489/2290/1863 1527/2297/1861
f 1579/2298/1593 1531/2296/1881 1524/2299/1594
f 1531/2296/1881 1579/2298/1593 1559/2300/1882
f 1531/2296/1881 1559/2300/1882 1515/2301/1883
f 1531/2296/1881 1515/2301/1883 1474/2294/1879
f 1515/2301/1883 1559/2300/1882 1565/2302/1884
f 1458/2303/1885 1444/2295/1880 1474/2294/1879
f 1458/2303/1885 1474/2294/1879 1515/2301/1883
f 1515/2301/1883 1565/2302/1884 1536/2304/1886
f 1458/2303/1885 1515/2301/1883 1482/2305/1887
f 1530/2306/1629 1604/2307/1625 1565/2302/1884
f 1482/2305/1887 1515/2301/1883 1508/2308/1888
f 1508/2308/1888 1515/2301/1883 1536/2304/1886
f 1536/2304/1886 1565/2302/1884 1611/2309/1889
f 1611/2309/1889 1565/2302/1884 1604/2307/1625
f 1536/2304/1886 1611/2309/1889 1508/2308/1888
f 1611/2309/1889 1604/2307/1625 1649/2310/1618
f 1649/2310/1618 1604/2307/1625 1622/2311/1619
f 1611/2309/1889 1649/2310/1618 1624/2312/1890
f 1611/2309/1889 1624/2312/1890 1508/2308/1888
f 1508/2308/1888 1624/2312/1890 1561/2313/1891
f 1477/2314/1892 1482/2305/1887 1508/2308/1888
f 1482/2305/1887 1477/2314/1892 1458/2303/1885
f 1508/2308/1888 1561/2313/1891 1547/2315/1893
f 1547/2315/1893 1561/2313/1891 1538/2316/1894
f 1477/2314/1892 1508/2308/1888 1491/2317/1895
f 1491/2317/1895 1508/2308/1888 1547/2315/1893
f 1458/2303/1885 1477/2314/1892 1457/2318/1896
f 1457/2318/1896 1477/2314/1892 1491/2317/1895
f 1458/2303/1885 1457/2318/1896 1444/2295/1880
f 1547/2315/1893 1538/2316/1894 1495/2319/1897
f 1547/2315/1893 1495/2319/1897 1491/2317/1895
f 1457/2318/1896 1491/2317/1895 1461/2320/1898
f 1461/2320/1898 1491/2317/1895 1495/2319/1897
f 1444/2295/1880 1457/2318/1896 1436/2321/1899
f 1436/2321/1899 1457/2318/1896 1461/2320/1898
f 1444/2295/1880 1436/2321/1899 1412/2293/1878
f 1495/2319/1897 1538/2316/1894 1485/2322/1900
f 1495/2319/1897 1485/2322/1900 1461/2320/1898
f 1485/2322/1900 1538/2316/1894 1470/2323/1901
f 1412/2293/1878 1436/2321/1899 1407/2324/1902
f 1412/2293/1878 1407/2324/1902 1418/2292/1877
f 1436/2321/1899 1461/2320/1898 1428/2325/1903
f 1436/2321/1899 1428/2325/1903 1407/2324/1902
f 1418/2292/1877 1407/2324/1902 1388/2326/1904
f 1428/2325/1903 1461/2320/1898 1448/2327/1905
f 1448/2327/1905 1461/2320/1898 1485/2322/1900
f 1418/2292/1877 1388/2326/1904 1397/2328/1906
f 1407/2324/1902 1428/2325/1903 1395/2329/1907
f 1407/2324/1902 1395/2329/1907 1388/2326/1904
f 1428/2325/1903 1448/2327/1905 1406/2330/1908
f 1428/2325/1903 1406/2330/1908 1395/2329/1907
f 1448/2327/1905 1485/2322/1900 1413/2331/1909
f 1448/2327/1905 1413/2331/1909 1406/2330/1908
f 1397/2328/1906 1388/2326/1904 1383/2332/1910
f 1388/2326/1904 1395/2329/1907 1379/2333/1911
f 1388/2326/1904 1379/2333/1911 1383/2332/1910
f 1395/2329/1907 1406/2330/1908 1392/2334/1912
f 1395/2329/1907 1392/2334/1912 1379/2333/1911
f 1383/2332/1910 1379/2333/1911 1389/2335/1913
f 1389/2335/1913 1379/2333/1911 1392/2334/1912
f 1392/2334/1912 1406/2330/1908 1382/2336/1914
f 1382/2336/1914 1406/2330/1908 1413/2331/1909
f 1389/2335/1913 1392/2334/1912 1378/2337/1915
f 1378/2337/1915 1392/2334/1912 1382/2336/1914
f 1396/2338/1916 1378/2337/1915 1382/2336/1914
f 1419/2339/1917 1382/2336/1914 1413/2331/1909
f 1382/2336/1914 1419/2339/1917 1396/2338/1916
f 1419/2339/1917 1413/2331/1909 1485/2322/1900
f 1419/2339/1917 1485/2322/1900 1442/2340/1918
f 1442/2340/1918 1485/2322/1900 1470/2323/1901
f 1419/2339/1917 1442/2340/1918 1403/2341/1919
f 1419/2339/1917 1403/2341/1919 1396/2338/1916
f 1442/2340/1918 1470/2323/1901 1415/2342/1920
f 1442/2340/1918 1415/2342/1920 1403/2341/1919
f 1415/2342/1920 1470/2323/1901 1427/2343/1921
f 1585/2344/1592 1613/2345/1855 1605/2346/1538
f 1613/2345/1855 1585/2344/1592 1589/2347/1856
f 1589/2347/1856 1585/2344/1592 1551/2348/1922
f 1589/2347/1856 1551/2348/1922 1532/2349/1795
f 1551/2348/1922 1585/2344/1592 1524/2350/1594
f 1532/2349/1795 1551/2348/1922 1615/2351/1621
f 1615/2351/1621 1551/2348/1922 1579/2352/1593
f 1551/2348/1922 1524/2350/1594 1531/2353/1881
f 1579/2352/1593 1551/2348/1922 1559/2354/1882
f 1551/2348/1922 1531/2353/1881 1527/2355/1861
f 1559/2354/1882 1551/2348/1922 1565/2356/1884
f 1565/2356/1884 1551/2348/1922 1527/2355/1861
f 1565/2356/1884 1527/2355/1861 1517/2357/1631
f 1565/2356/1884 1517/2357/1631 1530/2358/1629
f 1986/2359/1923 1891/2360/1924 1992/2361/1925
f 1992/2361/1925 1891/2360/1924 1879/2362/1926
f 1992/2361/1925 1879/2362/1926 1911/2363/1927
f 1992/2361/1925 1911/2363/1927 1928/2364/1928
f 1992/2361/1925 1928/2364/1928 1986/2359/1923
f 1911/2363/1927 1879/2362/1926 1812/2365/1929
f 1879/2362/1926 1891/2360/1924 1839/2366/1930
f 1879/2362/1926 1839/2366/1930 1812/2365/1929
f 1839/2366/1930 1891/2360/1924 1849/2367/1545
f 1839/2366/1930 1849/2367/1545 1812/2365/1929
f 1849/2367/1545 1891/2360/1924 1854/2368/1608
f 1812/2365/1929 1849/2367/1545 1773/2369/1931
f 1773/2369/1931 1849/2367/1545 1795/2370/1546
f 1812/2365/1929 1773/2369/1931 1766/2371/1932
f 1854/2368/1608 1891/2360/1924 1894/2372/1933
f 1894/2372/1933 1891/2360/1924 1986/2359/1923
f 1854/2368/1608 1894/2372/1933 1855/2373/1934
f 1855/2373/1934 1894/2372/1933 1986/2359/1923
f 1854/2368/1608 1855/2373/1934 1831/2374/1611
f 1812/2365/1929 1766/2371/1932 1816/2375/1935
f 1812/2365/1929 1816/2375/1935 1911/2363/1927
f 1911/2363/1927 1816/2375/1935 1928/2364/1928
f 1831/2374/1611 1855/2373/1934 1794/2376/1936
f 1816/2375/1935 1766/2371/1932 1740/2377/1937
f 1740/2377/1937 1766/2371/1932 1676/2378/1938
f 1740/2377/1937 1676/2378/1938 1673/2379/1939
f 1740/2377/1937 1673/2379/1939 1688/2380/1940
f 1831/2374/1611 1794/2376/1936 1763/2381/1617
f 1816/2375/1935 1740/2377/1937 1744/2382/1941
f 1744/2382/1941 1740/2377/1937 1688/2380/1940
f 1816/2375/1935 1744/2382/1941 1928/2364/1928
f 1744/2382/1941 1688/2380/1940 1682/2383/1942
f 1682/2383/1942 1688/2380/1940 1594/2384/1943
f 1682/2383/1942 1594/2384/1943 1618/2385/1944
f 1928/2364/1928 1744/2382/1941 1844/2386/1945
f 1844/2386/1945 1744/2382/1941 1682/2383/1942
f 1928/2364/1928 1844/2386/1945 1986/2359/1923
f 1682/2383/1942 1618/2385/1944 1660/2387/1946
f 1986/2359/1923 1844/2386/1945 1921/2388/1947
f 1986/2359/1923 1921/2388/1947 1855/2373/1934
f 1855/2373/1934 1921/2388/1947 1794/2376/1936
f 1921/2388/1947 1844/2386/1945 1716/2389/1948
f 1716/2389/1948 1844/2386/1945 1682/2383/1942
f 1794/2376/1936 1921/2388/1947 1778/2390/1949
f 1778/2390/1949 1921/2388/1947 1716/2389/1948
f 1794/2376/1936 1778/2390/1949 1763/2381/1617
f 1718/2391/1950 1682/2383/1942 1660/2387/1946
f 1682/2383/1942 1718/2391/1950 1716/2389/1948
f 1716/2389/1948 1718/2391/1950 1778/2390/1949
f 1778/2390/1949 1718/2391/1950 1763/2381/1617
f 1718/2391/1950 1660/2387/1946 1624/2392/1890
f 1718/2391/1950 1624/2392/1890 1763/2381/1617
f 1763/2381/1617 1624/2392/1890 1649/2393/1618
f 2090/2394/1951 2091/2395/1952 2083/2396/1953
f 2083/2396/1953 2091/2395/1952 2081/2397/1954
f 2091/2395/1952 2089/2398/1955 2081/2397/1954
f 2081/2397/1954 2089/2398/1955 2093/2399/1956
f 2093/2399/1956 2089/2398/1955 2094/2400/1957
f 2094/2400/1957 2095/2401/1958 2093/2399/1956
f 2081/2397/1954 2093/2399/1956 2088/2402/1959
f 2081/2397/1954 2088/2402/1959 2064/2403/1960
f 2064/2403/1960 2088/2402/1959 2075/2404/1961
f 2075/2404/1961 2088/2402/1959 2058/2405/1962
f 2092/2406/1963 2093/2399/1956 2095/2401/1958
f 2093/2399/1956 2092/2406/1963 2088/2402/1959
f 2095/2401/1958 2077/2407/1964 2086/2408/1965
f 2095/2401/1958 2086/2408/1965 2092/2406/1963
f 2077/2407/1964 2072/2409/1966 2087/2410/1967
f 2077/2407/1964 2087/2410/1967 2086/2408/1965
f 2092/2406/1963 2086/2408/1965 2079/2411/1968
f 2092/2406/1963 2079/2411/1968 2088/2402/1959
f 2079/2411/1968 2086/2408/1965 2087/2410/1967
f 2087/2410/1967 2072/2409/1966 2078/2412/1969
f 2088/2402/1959 2079/2411/1968 2073/2413/1970
f 2088/2402/1959 2073/2413/1970 2058/2405/1962
f 2078/2412/1969 2072/2409/1966 2070/2414/1971
f 2073/2413/1970 2079/2411/1968 2082/2415/1972
f 2082/2415/1972 2079/2411/1968 2087/2410/1967
f 2058/2405/1962 2073/2413/1970 2067/2416/1973
f 2067/2416/1973 2073/2413/1970 2082/2415/1972
f 2058/2405/1962 2067/2416/1973 2063/2417/1974
f 2080/2418/1975 2087/2410/1967 2078/2412/1969
f 2087/2410/1967 2080/2418/1975 2082/2415/1972
f 2080/2418/1975 2078/2412/1969 2070/2414/1971
f 2082/2415/1972 2080/2418/1975 2062/2419/1976
f 2082/2415/1972 2062/2419/1976 2067/2416/1973
f 2062/2419/1976 2080/2418/1975 2070/2414/1971
f 2018/2420/1977 2070/2414/1971 2072/2409/1966
f 2056/2421/1978 2063/2417/1974 2067/2416/1973
f 2056/2421/1978 2067/2416/1973 2062/2419/1976
f 2063/2417/1974 2056/2421/1978 2039/2422/1979
f 2039/2422/1979 2056/2421/1978 2071/2423/1980
f 2071/2423/1980 2056/2421/1978 2062/2419/1976
f 2039/2422/1979 2071/2423/1980 2036/2424/1981
f 2017/2425/1982 2070/2414/1971 2018/2420/1977
f 2017/2425/1982 2018/2420/1977 1976/2426/1983
f 2040/2427/1984 2062/2419/1976 2070/2414/1971
f 2040/2427/1984 2070/2414/1971 2017/2425/1982
f 2036/2424/1981 2071/2423/1980 2028/2428/1985
f 2036/2424/1981 2028/2428/1985 1969/2429/1986
f 2033/2430/1987 2071/2423/1980 2062/2419/1976
f 2071/2423/1980 2033/2430/1987 2028/2428/1985
f 2062/2419/1976 2040/2427/1984 2002/2431/1988
f 2062/2419/1976 2002/2431/1988 2033/2430/1987
f 2028/2428/1985 2033/2430/1987 2032/2432/1989
f 2032/2432/1989 2033/2430/1987 2002/2431/1988
f 2028/2428/1985 2032/2432/1989 2000/2433/1990
f 2000/2433/1990 2032/2432/1989 1980/2434/1991
f 1980/2434/1991 2032/2432/1989 2002/2431/1988
f 2000/2433/1990 1980/2434/1991 1958/2435/1992
f 2000/2433/1990 1958/2435/1992 1960/2436/1993
f 1980/2434/1991 2002/2431/1988 1912/2437/1994
f 1958/2435/1992 1980/2434/1991 1892/2438/1995
f 1958/2435/1992 1892/2438/1995 1960/2436/1993
f 1892/2438/1995 1980/2434/1991 1912/2437/1994
f 1960/2436/1993 1892/2438/1995 1866/2439/1996
f 1960/2436/1993 1866/2439/1996 1872/2440/1997
f 1866/2439/1996 1892/2438/1995 1845/2441/1998
f 1845/2441/1998 1892/2438/1995 1912/2437/1994
f 1845/2441/1998 1912/2437/1994 1830/2442/1999
f 1845/2441/1998 1830/2442/1999 1742/2443/2000
f 1830/2442/1999 1912/2437/1994 1824/2444/2001
f 1830/2442/1999 1824/2444/2001 1729/2445/2002
f 1824/2444/2001 1912/2437/1994 1939/2446/2003
f 1939/2446/2003 1912/2437/1994 2002/2431/1988
f 1729/2445/2002 1824/2444/2001 1842/2447/2004
f 1842/2447/2004 1824/2444/2001 1939/2446/2003
f 1729/2445/2002 1842/2447/2004 1780/2448/2005
f 1939/2446/2003 2002/2431/1988 2013/2449/2006
f 2013/2449/2006 2002/2431/1988 2040/2427/1984
f 2013/2449/2006 2040/2427/1984 2003/2450/2007
f 2003/2450/2007 2040/2427/1984 2017/2425/1982
f 2003/2450/2007 2017/2425/1982 1976/2426/1983
f 2013/2449/2006 2003/2450/2007 1972/2451/2008
f 1972/2451/2008 2003/2450/2007 1976/2426/1983
f 2013/2449/2006 1972/2451/2008 1939/2446/2003
f 1972/2451/2008 1976/2426/1983 1926/2452/2009
f 1939/2446/2003 1972/2451/2008 1914/2453/2010
f 1914/2453/2010 1972/2451/2008 1926/2452/2009
f 1939/2446/2003 1914/2453/2010 1842/2447/2004
f 1914/2453/2010 1926/2452/2009 1871/2454/2011
f 1842/2447/2004 1914/2453/2010 1819/2455/2012
f 1819/2455/2012 1914/2453/2010 1871/2454/2011
f 1842/2447/2004 1819/2455/2012 1780/2448/2005
f 2538/2456/1731 2549/2457/1724 2544/2458/1761
f 2544/2458/1761 2549/2457/1724 2536/2459/1637
f 2544/2458/1761 2536/2459/1637 2532/2460/1638
f 2544/2458/1761 2532/2460/1638 2533/2461/2013
f 2544/2458/1761 2533/2461/2013 2559/2462/2014
f 2544/2458/1761 2559/2462/2014 2561/2463/1762
f 2561/2463/1762 2559/2462/2014 2569/2464/1764
f 2569/2464/1764 2559/2462/2014 2572/2465/1766
f 2572/2465/1766 2559/2462/2014 2566/2466/2015
f 2566/2466/2015 2559/2462/2014 2554/2467/2016
f 2554/2467/2016 2559/2462/2014 2533/2461/2013
f 2534/2468/2017 2533/2461/2013 2532/2460/1638
f 2534/2468/2017 2532/2460/1638 2523/2469/1636
f 2535/2470/2018 2533/2461/2013 2534/2468/2017
f 2534/2468/2017 2523/2469/1636 2541/2471/2019
f 2534/2468/2017 2541/2471/2019 2535/2470/2018
f 1978/2472/2020 2026/2473/2021 1947/2474/2022
f 1978/2472/2020 1947/2474/2022 1916/2475/2023
f 1978/2472/2020 1916/2475/2023 1881/2476/2024
f 1978/2472/2020 1881/2476/2024 1904/2477/2025
f 1904/2477/2025 1881/2476/2024 1859/2478/2026
f 1916/2475/2023 1947/2474/2022 1863/2479/2027
f 1916/2475/2023 1863/2479/2027 1881/2476/2024
f 1947/2474/2022 2026/2473/2021 1984/2480/2028
f 1859/2478/2026 1881/2476/2024 1775/2481/2029
f 1859/2478/2026 1775/2481/2029 1800/2482/2030
f 1984/2480/2028 2026/2473/2021 2021/2483/2031
f 2021/2483/2031 2026/2473/2021 2068/2484/2032
f 1947/2474/2022 1984/2480/2028 1908/2485/2033
f 1947/2474/2022 1908/2485/2033 1863/2479/2027
f 1984/2480/2028 2021/2483/2031 1971/2486/2034
f 1984/2480/2028 1971/2486/2034 1908/2485/2033
f 2021/2483/2031 2068/2484/2032 2046/2487/2035
f 2021/2483/2031 2046/2487/2035 1971/2486/2034
f 2046/2487/2035 2068/2484/2032 2074/2488/2036
f 2074/2488/2036 2068/2484/2032 2084/2489/2037
f 2046/2487/2035 2074/2488/2036 2076/2490/2038
f 2076/2490/2038 2074/2488/2036 2084/2489/2037
f 1971/2486/2034 2046/2487/2035 1991/2491/2039
f 2076/2490/2038 2084/2489/2037 2085/2492/2040
f 2085/2492/2040 2084/2489/2037 2090/2493/1951
f 2085/2492/2040 2090/2493/1951 2083/2494/1953
f 2085/2492/2040 2083/2494/1953 2076/2490/2038
f 2076/2490/2038 2083/2494/1953 2069/2495/2041
f 2069/2495/2041 2083/2494/1953 2081/2496/1954
f 2044/2497/2042 2046/2487/2035 2076/2490/2038
f 2044/2497/2042 2076/2490/2038 2069/2495/2041
f 2046/2487/2035 2044/2497/2042 1991/2491/2039
f 2069/2495/2041 2081/2496/1954 2064/2498/1960
f 2069/2495/2041 2064/2498/1960 2044/2497/2042
f 2044/2497/2042 2064/2498/1960 2015/2499/2043
f 2044/2497/2042 2015/2499/2043 1991/2491/2039
f 2015/2499/2043 2064/2498/1960 2027/2500/2044
f 2027/2500/2044 2064/2498/1960 2075/2501/1961
f 2027/2500/2044 2075/2501/1961 2058/2502/1962
f 1991/2491/2039 2015/2499/2043 1975/2503/2045
f 2015/2499/2043 2027/2500/2044 2004/2504/2046
f 2015/2499/2043 2004/2504/2046 1975/2503/2045
f 2027/2500/2044 2058/2502/1962 2016/2505/2047
f 2027/2500/2044 2016/2505/2047 2004/2504/2046
f 2016/2505/2047 2058/2502/1962 2048/2506/2048
f 2048/2506/2048 2058/2502/1962 2063/2507/1974
f 2004/2504/2046 2016/2505/2047 1979/2508/2049
f 1979/2508/2049 2016/2505/2047 2048/2506/2048
f 2048/2506/2048 2063/2507/1974 1999/2509/2050
f 1999/2509/2050 2063/2507/1974 2039/2510/1979
f 1999/2509/2050 2039/2510/1979 2036/2511/1981
f 1999/2509/2050 2036/2511/1981 1969/2512/1986
f 2048/2506/2048 1999/2509/2050 2001/2513/2051
f 2048/2506/2048 2001/2513/2051 1979/2508/2049
f 2001/2513/2051 1999/2509/2050 1936/2514/2052
f 1936/2514/2052 1999/2509/2050 1969/2512/1986
f 2001/2513/2051 1936/2514/2052 1979/2508/2049
f 2028/2515/1985 2000/2516/1990 1969/2512/1986
f 1969/2512/1986 2000/2516/1990 1936/2514/2052
f 1962/2517/2053 2004/2504/2046 1979/2508/2049
f 2004/2504/2046 1962/2517/2053 1975/2503/2045
f 1962/2517/2053 1979/2508/2049 1920/2518/2054
f 1920/2518/2054 1979/2508/2049 1936/2514/2052
f 1975/2503/2045 1962/2517/2053 1919/2519/1363
f 1919/2519/1363 1962/2517/2053 1920/2518/2054
f 1936/2514/2052 2000/2516/1990 1937/2520/2055
f 1937/2520/2055 2000/2516/1990 1960/2521/1993
f 1920/2518/2054 1936/2514/2052 1880/2522/2056
f 1920/2518/2054 1880/2522/2056 1919/2519/1363
f 1937/2520/2055 1960/2521/1993 1872/2523/1997
f 1975/2503/2045 1919/2519/1363 1878/2524/2057
f 1880/2522/2056 1936/2514/2052 1903/2525/2058
f 1903/2525/2058 1936/2514/2052 1937/2520/2055
f 1919/2519/1363 1880/2522/2056 1841/2526/2059
f 1841/2526/2059 1880/2522/2056 1903/2525/2058
f 1919/2519/1363 1841/2526/2059 1878/2524/2057
f 1975/2503/2045 1878/2524/2057 1952/2527/2060
f 1975/2503/2045 1952/2527/2060 1991/2491/2039
f 1991/2491/2039 1952/2527/2060 1918/2528/2061
f 1918/2528/2061 1952/2527/2060 1878/2524/2057
f 1991/2491/2039 1918/2528/2061 1971/2486/2034
f 1971/2486/2034 1918/2528/2061 1908/2485/2033
f 1908/2485/2033 1918/2528/2061 1852/2529/2062
f 1908/2485/2033 1852/2529/2062 1863/2479/2027
f 1918/2528/2061 1878/2524/2057 1862/2530/2063
f 1918/2528/2061 1862/2530/2063 1852/2529/2062
f 1862/2530/2063 1878/2524/2057 1815/2531/2064
f 1815/2531/2064 1878/2524/2057 1841/2526/2059
f 1852/2529/2062 1862/2530/2063 1761/2532/2065
f 1761/2532/2065 1862/2530/2063 1815/2531/2064
f 1863/2479/2027 1852/2529/2062 1835/2533/2066
f 1863/2479/2027 1835/2533/2066 1881/2476/2024
f 1852/2529/2062 1761/2532/2065 1786/2534/2067
f 1852/2529/2062 1786/2534/2067 1835/2533/2066
f 1881/2476/2024 1835/2533/2066 1753/2535/2068
f 1753/2535/2068 1835/2533/2066 1786/2534/2067
f 1881/2476/2024 1753/2535/2068 1775/2481/2029
f 1753/2535/2068 1786/2534/2067 1730/2536/2069
f 1775/2481/2029 1753/2535/2068 1737/2537/2070
f 1775/2481/2029 1737/2537/2070 1800/2482/2030
f 1800/2482/2030 1737/2537/2070 1783/2538/2071
f 1783/2538/2071 1737/2537/2070 1719/2539/2072
f 1737/2537/2070 1753/2535/2068 1707/2540/2073
f 1707/2540/2073 1753/2535/2068 1730/2536/2069
f 1737/2537/2070 1707/2540/2073 1719/2539/2072
f 1738/2541/2074 1730/2536/2069 1786/2534/2067
f 1730/2536/2069 1738/2541/2074 1707/2540/2073
f 1738/2541/2074 1786/2534/2067 1733/2542/2075
f 1733/2542/2075 1786/2534/2067 1761/2532/2065
f 1707/2540/2073 1738/2541/2074 1725/2543/2076
f 1719/2539/2072 1707/2540/2073 1642/2544/2077
f 1719/2539/2072 1642/2544/2077 1678/2545/2078
f 1678/2545/2078 1642/2544/2077 1625/2546/2079
f 1642/2544/2077 1707/2540/2073 1628/2547/2080
f 1642/2544/2077 1628/2547/2080 1625/2546/2079
f 1628/2547/2080 1707/2540/2073 1725/2543/2076
f 1625/2546/2079 1628/2547/2080 1662/2548/2081
f 1625/2546/2079 1662/2548/2081 1644/2549/2082
f 1586/2550/2083 1644/2549/2082 1662/2548/2081
f 1662/2548/2081 1628/2547/2080 1661/2551/2084
f 1661/2551/2084 1628/2547/2080 1725/2543/2076
f 1617/2552/2085 1586/2550/2083 1652/2553/2086
f 1652/2553/2086 1586/2550/2083 1662/2548/2081
f 1617/2552/2085 1652/2553/2086 1654/2554/2087
f 1715/2555/2088 1662/2548/2081 1661/2551/2084
f 1662/2548/2081 1715/2555/2088 1652/2553/2086
f 1715/2555/2088 1661/2551/2084 1762/2556/2089
f 1762/2556/2089 1661/2551/2084 1725/2543/2076
f 1652/2553/2086 1715/2555/2088 1742/2557/2000
f 1652/2553/2086 1742/2557/2000 1654/2554/2087
f 1742/2557/2000 1715/2555/2088 1845/2558/1998
f 1845/2558/1998 1715/2555/2088 1762/2556/2089
f 1654/2554/2087 1742/2557/2000 1709/2559/2090
f 1709/2559/2090 1742/2557/2000 1830/2560/1999
f 1709/2559/2090 1830/2560/1999 1729/2561/2002
f 1845/2558/1998 1762/2556/2089 1866/2562/1996
f 1866/2562/1996 1762/2556/2089 1770/2563/2091
f 1866/2562/1996 1770/2563/2091 1872/2523/1997
f 1770/2563/2091 1762/2556/2089 1765/2564/2092
f 1765/2564/2092 1762/2556/2089 1725/2543/2076
f 1872/2523/1997 1770/2563/2091 1820/2565/2093
f 1820/2565/2093 1770/2563/2091 1765/2564/2092
f 1872/2523/1997 1820/2565/2093 1937/2520/2055
f 1820/2565/2093 1765/2564/2092 1739/2566/2094
f 1937/2520/2055 1820/2565/2093 1847/2567/2095
f 1847/2567/2095 1820/2565/2093 1739/2566/2094
f 1937/2520/2055 1847/2567/2095 1903/2525/2058
f 1739/2566/2094 1765/2564/2092 1696/2568/2096
f 1696/2568/2096 1765/2564/2092 1725/2543/2076
f 1739/2566/2094 1696/2568/2096 1847/2567/2095
f 1696/2568/2096 1725/2543/2076 1738/2541/2074
f 1696/2568/2096 1738/2541/2074 1733/2542/2075
f 1696/2568/2096 1733/2542/2075 1847/2567/2095
f 1903/2525/2058 1847/2567/2095 1843/2569/2097
f 1903/2525/2058 1843/2569/2097 1841/2526/2059
f 1841/2526/2059 1843/2569/2097 1815/2531/2064
f 1843/2569/2097 1847/2567/2095 1750/2570/2098
f 1843/2569/2097 1750/2570/2098 1815/2531/2064
f 1750/2570/2098 1847/2567/2095 1733/2542/2075
f 1815/2531/2064 1750/2570/2098 1761/2532/2065
f 1761/2532/2065 1750/2570/2098 1733/2542/2075
f 2785/2571/2099 2766/2572/1816 2765/2573/2100
f 2765/2573/2100 2766/2572/1816 2757/2574/1820
f 2766/2572/1816 2785/2571/2099 2778/2575/1814
f 2765/2573/2100 2757/2574/1820 2745/2576/1849
f 2778/2575/1814 2785/2571/2099 2798/2577/2101
f 2765/2573/2100 2745/2576/1849 2775/2578/2102
f 2785/2571/2099 2765/2573/2100 2787/2579/2103
f 2787/2579/2103 2765/2573/2100 2775/2578/2102
f 2798/2577/2101 2785/2571/2099 2797/2580/2104
f 2797/2580/2104 2785/2571/2099 2787/2579/2103
f 2798/2577/2101 2797/2580/2104 2809/2581/2105
f 2797/2580/2104 2787/2579/2103 2807/2582/2106
f 2797/2580/2104 2807/2582/2106 2809/2581/2105
f 2798/2577/2101 2809/2581/2105 2810/2583/2107
f 2810/2583/2107 2809/2581/2105 2824/2584/2108
f 2810/2583/2107 2824/2584/2108 2819/2585/2109
f 2824/2584/2108 2809/2581/2105 2813/2586/2110
f 2813/2586/2110 2809/2581/2105 2807/2582/2106
f 2824/2584/2108 2813/2586/2110 2817/2587/2111
f 2817/2587/2111 2813/2586/2110 2807/2582/2106
f 2819/2585/2109 2824/2584/2108 2828/2588/2112
f 2828/2588/2112 2824/2584/2108 2817/2587/2111
f 2819/2585/2109 2828/2588/2112 2816/2589/2113
f 2828/2588/2112 2817/2587/2111 2825/2590/2114
f 2828/2588/2112 2825/2590/2114 2816/2589/2113
f 2816/2589/2113 2825/2590/2114 2815/2591/2115
f 2816/2589/2113 2815/2591/2115 2811/2592/2116
f 2825/2590/2114 2817/2587/2111 2823/2593/2117
f 2825/2590/2114 2823/2593/2117 2815/2591/2115
f 2811/2592/2116 2815/2591/2115 2801/2594/2118
f 2801/2594/2118 2815/2591/2115 2823/2593/2117
f 2811/2592/2116 2801/2594/2118 2792/2595/2119
f 2823/2593/2117 2817/2587/2111 2812/2596/2120
f 2812/2596/2120 2817/2587/2111 2807/2582/2106
f 2801/2594/2118 2823/2593/2117 2802/2597/2121
f 2802/2597/2121 2823/2593/2117 2812/2596/2120
f 2812/2596/2120 2807/2582/2106 2795/2598/2122
f 2795/2598/2122 2807/2582/2106 2787/2579/2103
f 2795/2598/2122 2787/2579/2103 2775/2578/2102
f 2812/2596/2120 2795/2598/2122 2794/2599/2123
f 2812/2596/2120 2794/2599/2123 2802/2597/2121
f 2795/2598/2122 2775/2578/2102 2786/2600/2124
f 2795/2598/2122 2786/2600/2124 2794/2599/2123
f 2802/2597/2121 2794/2599/2123 2779/2601/2125
f 2779/2601/2125 2794/2599/2123 2786/2600/2124
f 2802/2597/2121 2779/2601/2125 2789/2602/2126
f 2802/2597/2121 2789/2602/2126 2801/2594/2118
f 2789/2602/2126 2779/2601/2125 2767/2603/2127
f 2801/2594/2118 2789/2602/2126 2782/2604/2128
f 2782/2604/2128 2789/2602/2126 2767/2603/2127
f 2801/2594/2118 2782/2604/2128 2792/2595/2119
f 2792/2595/2119 2782/2604/2128 2772/2605/2129
f 2772/2605/2129 2782/2604/2128 2767/2603/2127
f 2792/2595/2119 2772/2605/2129 2770/2606/1841
f 2770/2606/1841 2772/2605/2129 2756/2607/1843
f 2756/2607/1843 2772/2605/2129 2767/2603/2127
f 2769/2608/2130 2767/2603/2127 2779/2601/2125
f 2769/2608/2130 2779/2601/2125 2786/2600/2124
f 2756/2607/1843 2767/2603/2127 2751/2609/2131
f 2751/2609/2131 2767/2603/2127 2769/2608/2130
f 2756/2607/1843 2751/2609/2131 2729/2610/1844
f 2729/2610/1844 2751/2609/2131 2753/2611/2132
f 2753/2611/2132 2751/2609/2131 2769/2608/2130
f 2729/2610/1844 2753/2611/2132 2722/2612/1846
f 2769/2608/2130 2786/2600/2124 2768/2613/2133
f 2769/2608/2130 2768/2613/2133 2753/2611/2132
f 2768/2613/2133 2786/2600/2124 2775/2578/2102
f 2722/2612/1846 2753/2611/2132 2744/2614/2134
f 2744/2614/2134 2753/2611/2132 2768/2613/2133
f 2744/2614/2134 2768/2613/2133 2775/2578/2102
f 2722/2612/1846 2744/2614/2134 2745/2576/1849
f 2745/2576/1849 2744/2614/2134 2775/2578/2102
f 1624/2615/1890 1660/2616/1946 1561/2617/1891
f 1561/2617/1891 1660/2616/1946 1618/2618/1944
f 1561/2617/1891 1618/2618/1944 1539/2619/2135
f 1539/2619/2135 1618/2618/1944 1594/2620/1943
f 1561/2617/1891 1539/2619/2135 1538/2621/1894
f 1539/2619/2135 1594/2620/1943 1596/2622/2136
f 1539/2619/2135 1596/2622/2136 1538/2621/1894
f 1596/2622/2136 1594/2620/1943 1688/2623/1940
f 1596/2622/2136 1688/2623/1940 1673/2624/1939
f 1596/2622/2136 1673/2624/1939 1632/2625/2137
f 1596/2622/2136 1632/2625/2137 1538/2621/1894
f 1632/2625/2137 1673/2624/1939 1676/2626/1938
f 1538/2621/1894 1632/2625/2137 1582/2627/2138
f 1582/2627/2138 1632/2625/2137 1676/2626/1938
f 1582/2627/2138 1676/2626/1938 1619/2628/2139
f 1619/2628/2139 1676/2626/1938 1655/2629/2140
f 1655/2629/2140 1676/2626/1938 1766/2630/1932
f 1582/2627/2138 1619/2628/2139 1616/2631/2141
f 1616/2631/2141 1619/2628/2139 1655/2629/2140
f 1655/2629/2140 1766/2630/1932 1773/2632/1931
f 1582/2627/2138 1616/2631/2141 1637/2633/2142
f 1616/2631/2141 1655/2629/2140 1612/2634/2143
f 1616/2631/2141 1612/2634/2143 1637/2633/2142
f 1678/2635/2078 1783/2636/2071 1719/2637/2072
f 1612/2634/2143 1595/2638/2144 1637/2633/2142
f 1637/2633/2142 1595/2638/2144 1556/2639/2145
f 1556/2639/2145 1595/2638/2144 1464/2640/2146
f 1637/2633/2142 1556/2639/2145 1573/2641/2147
f 1637/2633/2142 1573/2641/2147 1582/2627/2138
f 1582/2627/2138 1573/2641/2147 1538/2621/1894
f 1538/2621/1894 1573/2641/2147 1537/2642/2148
f 1537/2642/2148 1573/2641/2147 1556/2639/2145
f 1538/2621/1894 1537/2642/2148 1470/2643/1901
f 1537/2642/2148 1556/2639/2145 1494/2644/2149
f 1537/2642/2148 1494/2644/2149 1470/2643/1901
f 1494/2644/2149 1556/2639/2145 1464/2640/2146
f 1494/2644/2149 1464/2640/2146 1470/2643/1901
f 1470/2643/1901 1464/2640/2146 1427/2645/1921
f 2321/2646/2150 2322/2647/2151 2326/2648/2152
f 2321/2646/2150 2326/2648/2152 2323/2649/2153
f 2321/2646/2150 2323/2649/2153 2316/2650/2154
f 2323/2649/2153 2326/2648/2152 2324/2651/2155
f 2324/2651/2155 2326/2648/2152 2318/2652/2156
f 2316/2650/2154 2323/2649/2153 2320/2653/2157
f 2324/2651/2155 2318/2652/2156 2315/2654/2158
f 2315/2654/2158 2318/2652/2156 2286/2655/2159
f 2323/2649/2153 2324/2651/2155 2313/2656/2160
f 2323/2649/2153 2313/2656/2160 2320/2653/2157
f 2313/2656/2160 2324/2651/2155 2315/2654/2158
f 2315/2654/2158 2286/2655/2159 2296/2657/2161
f 2315/2654/2158 2296/2657/2161 2313/2656/2160
f 2296/2657/2161 2286/2655/2159 2245/2658/2162
f 2314/2659/2163 2316/2650/2154 2320/2653/2157
f 2314/2659/2163 2320/2653/2157 2313/2656/2160
f 2316/2650/2154 2314/2659/2163 2307/2660/2164
f 2314/2659/2163 2313/2656/2160 2284/2661/2165
f 2307/2660/2164 2314/2659/2163 2300/2662/2166
f 2300/2662/2166 2314/2659/2163 2284/2661/2165
f 2307/2660/2164 2300/2662/2166 2290/2663/2167
f 2290/2663/2167 2300/2662/2166 2279/2664/2168
f 2279/2664/2168 2300/2662/2166 2284/2661/2165
f 2290/2663/2167 2279/2664/2168 2267/2665/2169
f 2290/2663/2167 2267/2665/2169 2272/2666/2170
f 2267/2665/2169 2279/2664/2168 2284/2661/2165
f 2250/2667/2171 2272/2666/2170 2258/2668/2172
f 2258/2668/2172 2272/2666/2170 2267/2665/2169
f 2250/2667/2171 2258/2668/2172 2224/2669/2173
f 2267/2665/2169 2284/2661/2165 2269/2670/2174
f 2267/2665/2169 2269/2670/2174 2258/2668/2172
f 2224/2669/2173 2258/2668/2172 2238/2671/2175
f 2238/2671/2175 2258/2668/2172 2269/2670/2174
f 2224/2669/2173 2238/2671/2175 2220/2672/2176
f 2224/2669/2173 2220/2672/2176 2219/2673/2177
f 2219/2673/2177 2220/2672/2176 2245/2658/2162
f 2220/2672/2176 2238/2671/2175 2243/2674/2178
f 2243/2674/2178 2238/2671/2175 2269/2670/2174
f 2245/2658/2162 2220/2672/2176 2235/2675/2179
f 2235/2675/2179 2220/2672/2176 2243/2674/2178
f 2245/2658/2162 2235/2675/2179 2296/2657/2161
f 2243/2674/2178 2269/2670/2174 2274/2676/2180
f 2243/2674/2178 2274/2676/2180 2235/2675/2179
f 2296/2657/2161 2235/2675/2179 2275/2677/2181
f 2275/2677/2181 2235/2675/2179 2274/2676/2180
f 2296/2657/2161 2275/2677/2181 2295/2678/2182
f 2295/2678/2182 2275/2677/2181 2274/2676/2180
f 2295/2678/2182 2274/2676/2180 2269/2670/2174
f 2295/2678/2182 2269/2670/2174 2284/2661/2165
f 2296/2657/2161 2295/2678/2182 2313/2656/2160
f 2313/2656/2160 2295/2678/2182 2284/2661/2165
f 2737/2679/2183 2721/2680/2184 2746/2681/2185
f 2721/2680/2184 2668/2682/1839 2710/2683/2186
f 2721/2680/2184 2710/2683/2186 2746/2681/2185
f 2710/2683/2186 2668/2682/1839 2693/2684/1837
f 2710/2683/2186 2693/2684/1837 2707/2685/2187
f 2707/2685/2187 2693/2684/1837 2686/2686/1835
f 2707/2685/2187 2686/2686/1835 2661/2687/1836
f 2710/2683/2186 2707/2685/2187 2711/2688/2188
f 2710/2683/2186 2711/2688/2188 2746/2681/2185
f 2707/2685/2187 2661/2687/1836 2695/2689/2189
f 2707/2685/2187 2695/2689/2189 2711/2688/2188
f 2695/2689/2189 2661/2687/1836 2671/2690/2190
f 2746/2681/2185 2711/2688/2188 2706/2691/2191
f 2706/2691/2191 2711/2688/2188 2695/2689/2189
f 2671/2690/2190 2661/2687/1836 2641/2692/1834
f 2605/2693/1772 2641/2692/1834 2614/2694/1773
f 2641/2692/1834 2605/2693/1772 2596/2695/1767
f 2596/2695/1767 2605/2693/1772 2578/2696/1768
f 2641/2692/1834 2596/2695/1767 2620/2697/2192
f 2641/2692/1834 2620/2697/2192 2671/2690/2190
f 2620/2697/2192 2596/2695/1767 2593/2698/2193
f 2593/2698/2193 2596/2695/1767 2572/2699/1766
f 2620/2697/2192 2593/2698/2193 2622/2700/2194
f 2593/2698/2193 2572/2699/1766 2581/2701/2195
f 2581/2701/2195 2572/2699/1766 2566/2702/2015
f 2622/2700/2194 2593/2698/2193 2599/2703/2196
f 2599/2703/2196 2593/2698/2193 2581/2701/2195
f 2620/2697/2192 2622/2700/2194 2642/2704/2197
f 2620/2697/2192 2642/2704/2197 2671/2690/2190
f 2642/2704/2197 2622/2700/2194 2599/2703/2196
f 2671/2690/2190 2642/2704/2197 2657/2705/2198
f 2581/2701/2195 2566/2702/2015 2590/2706/2199
f 2590/2706/2199 2566/2702/2015 2555/2707/2200
f 2555/2707/2200 2566/2702/2015 2554/2708/2016
f 2581/2701/2195 2590/2706/2199 2587/2709/2201
f 2581/2701/2195 2587/2709/2201 2599/2703/2196
f 2587/2709/2201 2589/2710/2202 2599/2703/2196
f 2599/2703/2196 2589/2710/2202 2594/2711/2203
f 2594/2711/2203 2589/2710/2202 2586/2712/2204
f 2632/2713/2205 2642/2704/2197 2599/2703/2196
f 2632/2713/2205 2599/2703/2196 2594/2711/2203
f 2642/2704/2197 2632/2713/2205 2657/2705/2198
f 2594/2711/2203 2586/2712/2204 2600/2714/2206
f 2594/2711/2203 2600/2714/2206 2632/2713/2205
f 2600/2714/2206 2586/2712/2204 2603/2715/2207
f 2632/2713/2205 2600/2714/2206 2631/2716/2208
f 2632/2713/2205 2631/2716/2208 2657/2705/2198
f 2600/2714/2206 2603/2715/2207 2609/2717/2209
f 2600/2714/2206 2609/2717/2209 2631/2716/2208
f 2609/2717/2209 2603/2715/2207 2619/2718/2210
f 2609/2717/2209 2619/2718/2210 2631/2716/2208
f 2619/2718/2210 2603/2715/2207 2616/2719/2211
f 2619/2718/2210 2616/2719/2211 2630/2720/2212
f 2630/2720/2212 2616/2719/2211 2629/2721/2213
f 2631/2716/2208 2619/2718/2210 2634/2722/2214
f 2634/2722/2214 2619/2718/2210 2630/2720/2212
f 2631/2716/2208 2634/2722/2214 2654/2723/2215
f 2631/2716/2208 2654/2723/2215 2657/2705/2198
f 2634/2722/2214 2630/2720/2212 2644/2724/2216
f 2654/2723/2215 2634/2722/2214 2655/2725/2217
f 2655/2725/2217 2634/2722/2214 2644/2724/2216
f 2644/2724/2216 2630/2720/2212 2649/2726/2218
f 2649/2726/2218 2630/2720/2212 2629/2721/2213
f 2657/2705/2198 2654/2723/2215 2675/2727/2219
f 2675/2727/2219 2654/2723/2215 2655/2725/2217
f 2655/2725/2217 2644/2724/2216 2666/2728/2220
f 2657/2705/2198 2675/2727/2219 2677/2729/2221
f 2657/2705/2198 2677/2729/2221 2671/2690/2190
f 2671/2690/2190 2677/2729/2221 2695/2689/2189
f 2695/2689/2189 2677/2729/2221 2706/2691/2191
f 2706/2691/2191 2677/2729/2221 2675/2727/2219
f 2706/2691/2191 2675/2727/2219 2696/2730/2222
f 2675/2727/2219 2655/2725/2217 2669/2731/2223
f 2675/2727/2219 2669/2731/2223 2696/2730/2222
f 2669/2731/2223 2655/2725/2217 2674/2732/2224
f 2674/2732/2224 2655/2725/2217 2666/2728/2220
f 2669/2731/2223 2674/2732/2224 2705/2733/2225
f 2696/2730/2222 2669/2731/2223 2700/2734/2226
f 2700/2734/2226 2669/2731/2223 2705/2733/2225
f 2706/2691/2191 2696/2730/2222 2733/2735/2227
f 2706/2691/2191 2733/2735/2227 2746/2681/2185
f 2696/2730/2222 2700/2734/2226 2715/2736/2228
f 2746/2681/2185 2733/2735/2227 2740/2737/2229
f 2746/2681/2185 2740/2737/2229 2737/2679/2183
f 2733/2735/2227 2696/2730/2222 2747/2738/2230
f 2747/2738/2230 2696/2730/2222 2715/2736/2228
f 2733/2735/2227 2747/2738/2230 2740/2737/2229
f 2715/2736/2228 2700/2734/2226 2718/2739/2231
f 2715/2736/2228 2718/2739/2231 2747/2738/2230
f 2718/2739/2231 2700/2734/2226 2705/2733/2225
f 2737/2679/2183 2740/2737/2229 2755/2740/2232
f 2755/2740/2232 2740/2737/2229 2747/2738/2230
f 2755/2740/2232 2747/2738/2230 2741/2741/2233
f 2741/2741/2233 2747/2738/2230 2718/2739/2231
f 2718/2739/2231 2705/2733/2225 2719/2742/2234
f 2741/2741/2233 2718/2739/2231 2731/2743/2235
f 2731/2743/2235 2718/2739/2231 2719/2742/2234
f 2719/2742/2234 2705/2733/2225 2698/2744/2236
f 2719/2742/2234 2698/2744/2236 2731/2743/2235
f 2698/2744/2236 2705/2733/2225 2674/2732/2224
f 2698/2744/2236 2674/2732/2224 2666/2728/2220
f 2731/2743/2235 2698/2744/2236 2709/2745/2237
f 2698/2744/2236 2666/2728/2220 2688/2746/2238
f 2709/2745/2237 2698/2744/2236 2701/2747/2239
f 2701/2747/2239 2698/2744/2236 2688/2746/2238
f 2688/2746/2238 2666/2728/2220 2658/2748/2240
f 2701/2747/2239 2688/2746/2238 2692/2749/2241
f 2692/2749/2241 2688/2746/2238 2658/2748/2240
f 2653/2750/2242 2658/2748/2240 2666/2728/2220
f 2658/2748/2240 2653/2750/2242 2645/2751/2243
f 2653/2750/2242 2666/2728/2220 2644/2724/2216
f 2653/2750/2242 2644/2724/2216 2649/2726/2218
f 2645/2751/2243 2653/2750/2242 2676/2752/2244
f 2676/2752/2244 2653/2750/2242 2649/2726/2218
f 2780/2753/2245 2783/2754/2246 2806/2755/2247
f 2806/2755/2247 2783/2754/2246 2808/2756/2248
f 2808/2756/2248 2783/2754/2246 2799/2757/2249
f 2806/2755/2247 2808/2756/2248 2826/2758/2250
f 2806/2755/2247 2826/2758/2250 2804/2759/2251
f 2806/2755/2247 2804/2759/2251 2780/2753/2245
f 2826/2758/2250 2808/2756/2248 2821/2760/2252
f 2821/2760/2252 2808/2756/2248 2799/2757/2249
f 2804/2759/2251 2826/2758/2250 2827/2761/2253
f 2827/2761/2253 2826/2758/2250 2821/2760/2252
f 2780/2753/2245 2804/2759/2251 2774/2762/2254
f 2804/2759/2251 2827/2761/2253 2820/2763/2255
f 2827/2761/2253 2821/2760/2252 2829/2764/2256
f 2827/2761/2253 2829/2764/2256 2820/2763/2255
f 2829/2764/2256 2821/2760/2252 2822/2765/2257
f 2822/2765/2257 2821/2760/2252 2799/2757/2249
f 2820/2763/2255 2829/2764/2256 2814/2766/2258
f 2822/2765/2257 2799/2757/2249 2796/2767/2259
f 2814/2766/2258 2829/2764/2256 2818/2768/2260
f 2818/2768/2260 2829/2764/2256 2822/2765/2257
f 2814/2766/2258 2818/2768/2260 2800/2769/2261
f 2818/2768/2260 2822/2765/2257 2805/2770/2262
f 2805/2770/2262 2822/2765/2257 2796/2767/2259
f 2800/2769/2261 2818/2768/2260 2803/2771/2263
f 2803/2771/2263 2818/2768/2260 2805/2770/2262
f 2803/2771/2263 2805/2770/2262 2790/2772/2264
f 2790/2772/2264 2805/2770/2262 2796/2767/2259
f 2800/2769/2261 2803/2771/2263 2791/2773/2265
f 2791/2773/2265 2803/2771/2263 2790/2772/2264
f 2788/2774/2266 2800/2769/2261 2791/2773/2265
f 2776/2775/2267 2788/2774/2266 2763/2776/2268
f 2776/2775/2267 2763/2776/2268 2774/2762/2254
f 2788/2774/2266 2791/2773/2265 2771/2777/2269
f 2788/2774/2266 2771/2777/2269 2763/2776/2268
f 2771/2777/2269 2791/2773/2265 2784/2778/2270
f 2784/2778/2270 2791/2773/2265 2790/2772/2264
f 2784/2778/2270 2790/2772/2264 2777/2779/2271
f 2784/2778/2270 2777/2779/2271 2771/2777/2269
f 2777/2779/2271 2790/2772/2264 2796/2767/2259
f 2760/2780/2272 2774/2762/2254 2763/2776/2268
f 2774/2762/2254 2760/2780/2272 2780/2753/2245
f 2762/2781/2273 2763/2776/2268 2771/2777/2269
f 2762/2781/2273 2771/2777/2269 2777/2779/2271
f 2760/2780/2272 2763/2776/2268 2759/2782/2274
f 2759/2782/2274 2763/2776/2268 2762/2781/2273
f 2762/2781/2273 2777/2779/2271 2773/2783/2275
f 2762/2781/2273 2773/2783/2275 2759/2782/2274
f 2773/2783/2275 2777/2779/2271 2781/2784/2276
f 2773/2783/2275 2781/2784/2276 2759/2782/2274
f 2781/2784/2276 2777/2779/2271 2796/2767/2259
f 2760/2780/2272 2759/2782/2274 2764/2785/2277
f 2760/2780/2272 2764/2785/2277 2780/2753/2245
f 2764/2785/2277 2759/2782/2274 2781/2784/2276
f 2780/2753/2245 2764/2785/2277 2783/2754/2246
f 2783/2754/2246 2764/2785/2277 2781/2784/2276
f 2783/2754/2246 2781/2784/2276 2799/2757/2249
f 2793/2786/2278 2796/2767/2259 2799/2757/2249
f 2796/2767/2259 2793/2786/2278 2781/2784/2276
f 2781/2784/2276 2793/2786/2278 2799/2757/2249
f 2108/2787/2279 2110/2788/2280 2123/2789/2281
f 2108/2787/2279 2123/2789/2281 2122/2790/2282
f 2108/2787/2279 2122/2790/2282 2114/2791/2283
f 2108/2787/2279 2114/2791/2283 2107/2792/2284
f 2107/2792/2284 2114/2791/2283 2125/2793/2285
f 2110/2788/2280 2108/2787/2279 2100/2794/2286
f 2100/2794/2286 2108/2787/2279 2107/2792/2284
f 2100/2794/2286 2107/2792/2284 2125/2793/2285
f 2110/2788/2280 2100/2794/2286 2105/2795/2287
f 2105/2795/2287 2100/2794/2286 2097/2796/2288
f 2100/2794/2286 2125/2793/2285 2130/2797/2289
f 2097/2796/2288 2100/2794/2286 2096/2798/2290
f 2096/2798/2290 2100/2794/2286 2130/2797/2289
f 2130/2797/2289 2125/2793/2285 2150/2799/2291
f 2150/2799/2291 2125/2793/2285 2144/2800/2292
f 2150/2799/2291 2144/2800/2292 2163/2801/2293
f 2150/2799/2291 2163/2801/2293 2162/2802/2294
f 2130/2797/2289 2150/2799/2291 2151/2803/2295
f 2151/2803/2295 2150/2799/2291 2162/2802/2294
f 2096/2798/2290 2130/2797/2289 2128/2804/2296
f 2128/2804/2296 2130/2797/2289 2151/2803/2295
f 2151/2803/2295 2162/2802/2294 2145/2805/2297
f 2151/2803/2295 2145/2805/2297 2128/2804/2296
f 2096/2798/2290 2128/2804/2296 2099/2806/2298
f 2096/2798/2290 2099/2806/2298 2097/2796/2288
f 2099/2806/2298 2128/2804/2296 2103/2807/2299
f 2097/2796/2288 2099/2806/2298 2098/2808/2300
f 2098/2808/2300 2099/2806/2298 2103/2807/2299
f 2103/2807/2299 2128/2804/2296 2121/2809/2301
f 2103/2807/2299 2121/2809/2301 2098/2808/2300
f 2121/2809/2301 2128/2804/2296 2145/2805/2297
f 2098/2808/2300 2121/2809/2301 2116/2810/2302
f 2098/2808/2300 2116/2810/2302 2101/2811/2303
f 2116/2810/2302 2121/2809/2301 2115/2812/2304
f 2116/2810/2302 2115/2812/2304 2101/2811/2303
f 2115/2812/2304 2121/2809/2301 2118/2813/2305
f 2118/2813/2305 2121/2809/2301 2145/2805/2297
f 2115/2812/2304 2118/2813/2305 2147/2814/2306
f 2101/2811/2303 2115/2812/2304 2106/2815/2307
f 2101/2811/2303 2106/2815/2307 2102/2816/2308
f 2101/2811/2303 2102/2816/2308 2111/2817/2309
f 2147/2814/2306 2118/2813/2305 2139/2818/2310
f 2139/2818/2310 2118/2813/2305 2145/2805/2297
f 2152/2819/2311 2139/2818/2310 2145/2805/2297
f 2139/2818/2310 2152/2819/2311 2137/2820/2312
f 2139/2818/2310 2137/2820/2312 2146/2821/2313
f 2146/2821/2313 2137/2820/2312 2148/2822/2314
f 2146/2821/2313 2148/2822/2314 2177/2823/2315
f 2148/2822/2314 2137/2820/2312 2155/2824/2316
f 2148/2822/2314 2155/2824/2316 2177/2823/2315
f 2155/2824/2316 2137/2820/2312 2152/2819/2311
f 2177/2823/2315 2155/2824/2316 2164/2825/2317
f 2177/2823/2315 2164/2825/2317 2197/2826/2318
f 2197/2826/2318 2164/2825/2317 2180/2827/2319
f 2180/2827/2319 2164/2825/2317 2155/2824/2316
f 2197/2826/2318 2180/2827/2319 2204/2828/2320
f 2180/2827/2319 2155/2824/2316 2192/2829/2321
f 2180/2827/2319 2192/2829/2321 2204/2828/2320
f 2192/2829/2321 2155/2824/2316 2152/2819/2311
f 2204/2828/2320 2192/2829/2321 2223/2830/2322
f 2223/2830/2322 2192/2829/2321 2199/2831/2323
f 2192/2829/2321 2152/2819/2311 2172/2832/2324
f 2192/2829/2321 2172/2832/2324 2199/2831/2323
f 2172/2832/2324 2152/2819/2311 2145/2805/2297
f 2199/2831/2323 2172/2832/2324 2162/2802/2294
f 2162/2802/2294 2172/2832/2324 2145/2805/2297
f 2182/2833/2325 2210/2834/2326 2198/2835/2327
f 2182/2833/2325 2198/2835/2327 2181/2836/2328
f 2181/2836/2328 2198/2835/2327 2179/2837/2329
f 2181/2836/2328 2179/2837/2329 2166/2838/2330
f 2181/2836/2328 2166/2838/2330 2182/2833/2325
f 2182/2833/2325 2166/2838/2330 2178/2839/2331
f 2178/2839/2331 2166/2838/2330 2165/2840/2332
f 2165/2840/2332 2166/2838/2330 2170/2841/2333
f 2165/2840/2332 2170/2841/2333 2169/2842/2334
f 2165/2840/2332 2169/2842/2334 2178/2839/2331
f 2178/2839/2331 2169/2842/2334 2188/2843/2335
f 2218/2844/2336 2217/2845/2337 2198/2846/2327
f 2218/2844/2336 2198/2846/2327 2210/2847/2326
f 2198/2846/2327 2217/2845/2337 2179/2848/2329
f 2218/2844/2336 2210/2847/2326 2230/2849/2338
f 2218/2844/2336 2230/2849/2338 2241/2850/2339
f 2218/2844/2336 2241/2850/2339 2217/2845/2337
f 2241/2850/2339 2230/2849/2338 2256/2851/2340
f 2256/2851/2340 2230/2849/2338 2244/2852/2341
f 2244/2852/2341 2239/2853/2342 2254/2854/2343
f 2244/2852/2341 2254/2854/2343 2256/2851/2340
f 2256/2851/2340 2254/2854/2343 2259/2855/2344
f 2256/2851/2340 2259/2855/2344 2241/2850/2339
f 2254/2854/2343 2239/2853/2342 2234/2856/2345
f 2259/2855/2344 2254/2854/2343 2253/2857/2346
f 2253/2857/2346 2254/2854/2343 2234/2856/2345
f 2241/2850/2339 2259/2855/2344 2231/2858/2347
f 2241/2850/2339 2231/2858/2347 2217/2845/2337
f 2259/2855/2344 2253/2857/2346 2232/2859/2348
f 2259/2855/2344 2232/2859/2348 2231/2858/2347
f 2253/2857/2346 2234/2856/2345 2237/2860/2349
f 2253/2857/2346 2237/2860/2349 2232/2859/2348
f 2213/2861/2350 2234/2856/2345 2239/2853/2342
f 2237/2860/2349 2234/2856/2345 2216/2862/2351
f 2216/2862/2351 2234/2856/2345 2213/2861/2350
f 2232/2859/2348 2237/2860/2349 2212/2863/2352
f 2212/2863/2352 2237/2860/2349 2216/2862/2351
f 2214/2864/2353 2231/2858/2347 2232/2859/2348
f 2214/2864/2353 2232/2859/2348 2212/2863/2352
f 2231/2858/2347 2214/2864/2353 2201/2865/2354
f 2231/2858/2347 2201/2865/2354 2217/2845/2337
f 2201/2865/2354 2214/2864/2353 2200/2866/2355
f 2200/2866/2355 2214/2864/2353 2212/2863/2352
f 2217/2845/2337 2201/2865/2354 2186/2867/2356
f 2186/2867/2356 2201/2865/2354 2200/2866/2355
f 2217/2845/2337 2186/2867/2356 2179/2848/2329
f 2179/2848/2329 2186/2867/2356 2166/2868/2330
f 2186/2867/2356 2200/2866/2355 2176/2869/2357
f 2186/2867/2356 2176/2869/2357 2166/2868/2330
f 2176/2869/2357 2200/2866/2355 2212/2863/2352
f 2166/2868/2330 2176/2869/2357 2170/2870/2333
f 2176/2869/2357 2212/2863/2352 2193/2871/2358
f 2176/2869/2357 2193/2871/2358 2170/2870/2333
f 2193/2871/2358 2212/2863/2352 2187/2872/2359
f 2193/2871/2358 2187/2872/2359 2170/2870/2333
f 2187/2872/2359 2212/2863/2352 2216/2862/2351
f 2170/2870/2333 2187/2872/2359 2169/2873/2334
f 2169/2873/2334 2187/2872/2359 2188/2874/2335
f 2187/2872/2359 2216/2862/2351 2213/2861/2350
f 2187/2872/2359 2213/2861/2350 2188/2874/2335
f 2247/2875/2360 2250/2876/2171 2224/2877/2173
f 2247/2875/2360 2224/2877/2173 2225/2878/2361
f 2225/2878/2361 2224/2877/2173 2219/2879/2177
f 2225/2878/2361 2219/2879/2177 2228/2880/2362
f 2225/2878/2361 2228/2880/2362 2247/2875/2360
f 2228/2880/2362 2219/2879/2177 2236/2881/2363
f 2236/2881/2363 2219/2879/2177 2245/2882/2162
f 2236/2881/2363 2245/2882/2162 2271/2883/2364
f 2271/2883/2364 2245/2882/2162 2286/2884/2159
f 2228/2880/2362 2236/2881/2363 2268/2885/2365
f 2268/2885/2365 2236/2881/2363 2271/2883/2364
f 2271/2883/2364 2286/2884/2159 2312/2886/2366
f 2312/2886/2366 2286/2884/2159 2318/2887/2156
f 2268/2885/2365 2271/2883/2364 2278/2888/2367
f 2278/2888/2367 2271/2883/2364 2312/2886/2366
f 2228/2880/2362 2268/2885/2365 2263/2889/2368
f 2263/2889/2368 2268/2885/2365 2278/2888/2367
f 2228/2880/2362 2263/2889/2368 2247/2875/2360
f 2278/2888/2367 2312/2886/2366 2302/2890/2369
f 2312/2886/2366 2318/2887/2156 2317/2891/2370
f 2317/2891/2370 2318/2887/2156 2326/2892/2152
f 2317/2891/2370 2326/2892/2152 2322/2893/2151
f 2312/2886/2366 2317/2891/2370 2311/2894/2371
f 2312/2886/2366 2311/2894/2371 2302/2890/2369
f 2317/2891/2370 2322/2893/2151 2309/2895/2372
f 2317/2891/2370 2309/2895/2372 2311/2894/2371
f 2278/2888/2367 2302/2890/2369 2293/2896/2373
f 2293/2896/2373 2302/2890/2369 2311/2894/2371
f 2278/2888/2367 2293/2896/2373 2263/2889/2368
f 2293/2896/2373 2311/2894/2371 2309/2895/2372
f 2293/2896/2373 2309/2895/2372 2263/2889/2368
f 2292/2897/2374 2328/2898/2375 2294/2899/2376
f 2292/2897/2374 2294/2899/2376 2257/2900/2377
f 2294/2899/2376 2328/2898/2375 2297/2901/2378
f 2294/2899/2376 2297/2901/2378 2257/2900/2377
f 2292/2897/2374 2257/2900/2377 2255/2902/2379
f 2255/2902/2379 2257/2900/2377 2204/2903/2320
f 2252/2904/2380 2255/2902/2379 2223/2905/2322
f 2223/2905/2322 2255/2902/2379 2204/2903/2320
f 2204/2903/2320 2257/2900/2377 2264/2906/2381
f 2264/2906/2381 2257/2900/2377 2297/2901/2378
f 2204/2903/2320 2264/2906/2381 2197/2907/2318
f 2252/2904/2380 2223/2905/2322 2226/2908/2382
f 2226/2908/2382 2223/2905/2322 2199/2909/2323
f 2209/2910/2383 2226/2908/2382 2199/2909/2323
f 2209/2910/2383 2199/2909/2323 2190/2911/2384
f 2190/2911/2384 2199/2909/2323 2162/2912/2294
f 2190/2911/2384 2162/2912/2294 2163/2913/2293
f 2209/2910/2383 2190/2911/2384 2207/2914/2385
f 2209/2910/2383 2207/2914/2385 2194/2915/2386
f 2207/2914/2385 2190/2911/2384 2163/2913/2293
f 2194/2915/2386 2207/2914/2385 2175/2916/2387
f 2175/2916/2387 2207/2914/2385 2163/2913/2293
f 2194/2915/2386 2175/2916/2387 2167/2917/2388
f 2194/2915/2386 2167/2917/2388 2184/2918/2389
f 2175/2916/2387 2163/2913/2293 2141/2919/2390
f 2175/2916/2387 2141/2919/2390 2167/2917/2388
f 2141/2919/2390 2163/2913/2293 2144/2920/2292
f 2184/2918/2389 2167/2917/2388 2158/2921/2391
f 2184/2918/2389 2158/2921/2391 2149/2922/2392
f 2167/2917/2388 2141/2919/2390 2143/2923/2393
f 2167/2917/2388 2143/2923/2393 2158/2921/2391
f 2141/2919/2390 2144/2920/2292 2129/2924/2394
f 2141/2919/2390 2129/2924/2394 2143/2923/2393
f 2129/2924/2394 2144/2920/2292 2125/2925/2285
f 2129/2924/2394 2125/2925/2285 2114/2926/2283
f 2149/2922/2392 2158/2921/2391 2134/2927/2395
f 2134/2927/2395 2158/2921/2391 2143/2923/2393
f 2149/2922/2392 2134/2927/2395 2136/2928/2396
f 2136/2928/2396 2134/2927/2395 2133/2929/2397
f 2129/2924/2394 2114/2926/2283 2124/2930/2398
f 2129/2924/2394 2124/2930/2398 2143/2923/2393
f 2143/2923/2393 2124/2930/2398 2134/2927/2395
f 2124/2930/2398 2114/2926/2283 2122/2931/2282
f 2124/2930/2398 2122/2931/2282 2134/2927/2395
f 2134/2927/2395 2122/2931/2282 2133/2929/2397
f 2133/2929/2397 2122/2931/2282 2123/2932/2281
f 2328/2898/2375 2336/2933/2399 2325/2934/2400
f 2328/2898/2375 2325/2934/2400 2297/2901/2378
f 2325/2934/2400 2336/2933/2399 2332/2935/2401
f 2332/2935/2401 2336/2933/2399 2338/2936/2402
f 2297/2901/2378 2325/2934/2400 2304/2937/2403
f 2304/2937/2403 2325/2934/2400 2332/2935/2401
f 2297/2901/2378 2304/2937/2403 2264/2906/2381
f 2304/2937/2403 2332/2935/2401 2282/2938/2404
f 2304/2937/2403 2282/2938/2404 2264/2906/2381
f 2332/2935/2401 2338/2936/2402 2337/2939/2405
f 2332/2935/2401 2337/2939/2405 2282/2938/2404
f 2338/2936/2402 2339/2940/2406 2337/2939/2405
f 2337/2939/2405 2339/2940/2406 2331/2941/2407
f 2331/2941/2407 2339/2940/2406 2329/2942/2408
f 2331/2941/2407 2329/2942/2408 2335/2943/2409
f 2337/2939/2405 2331/2941/2407 2319/2944/2410
f 2319/2944/2410 2331/2941/2407 2335/2943/2409
f 2337/2939/2405 2319/2944/2410 2282/2938/2404
f 2319/2944/2410 2335/2943/2409 2327/2945/2411
f 2327/2945/2411 2335/2943/2409 2334/2946/2412
f 2327/2945/2411 2334/2946/2412 2299/2947/2413
f 2319/2944/2410 2327/2945/2411 2291/2948/2414
f 2319/2944/2410 2291/2948/2414 2282/2938/2404
f 2327/2945/2411 2299/2947/2413 2306/2949/2415
f 2327/2945/2411 2306/2949/2415 2291/2948/2414
f 2306/2949/2415 2299/2947/2413 2289/2950/2416
f 2289/2950/2416 2299/2947/2413 2308/2951/2417
f 2291/2948/2414 2306/2949/2415 2301/2952/2418
f 2301/2952/2418 2306/2949/2415 2289/2950/2416
f 2282/2938/2404 2291/2948/2414 2276/2953/2419
f 2276/2953/2419 2291/2948/2414 2301/2952/2418
f 2282/2938/2404 2276/2953/2419 2251/2954/2420
f 2251/2954/2420 2276/2953/2419 2301/2952/2418
f 2289/2950/2416 2308/2951/2417 2298/2955/2421
f 2298/2955/2421 2308/2951/2417 2283/2956/1311
f 2298/2955/2421 2283/2956/1311 2240/2957/2422
f 2289/2950/2416 2298/2955/2421 2215/2958/2423
f 2215/2958/2423 2298/2955/2421 2240/2957/2422
f 2289/2950/2416 2215/2958/2423 2301/2952/2418
f 2215/2958/2423 2240/2957/2422 2195/2959/2424
f 2215/2958/2423 2195/2959/2424 2177/2960/2315
f 2301/2952/2418 2215/2958/2423 2270/2961/2425
f 2301/2952/2418 2270/2961/2425 2251/2954/2420
f 2251/2954/2420 2270/2961/2425 2215/2958/2423
f 2215/2958/2423 2177/2960/2315 2208/2962/2426
f 2215/2958/2423 2208/2962/2426 2251/2954/2420
f 2208/2962/2426 2177/2960/2315 2197/2907/2318
f 2251/2954/2420 2208/2962/2426 2248/2963/2427
f 2248/2963/2427 2208/2962/2426 2197/2907/2318
f 2251/2954/2420 2248/2963/2427 2282/2938/2404
f 2248/2963/2427 2197/2907/2318 2264/2906/2381
f 2248/2963/2427 2264/2906/2381 2282/2938/2404
f 2139/2964/2310 2146/2965/2313 2132/2966/2428
f 2139/2964/2310 2132/2966/2428 2147/2967/2306
f 2132/2966/2428 2146/2965/2313 2168/2968/2429
f 2168/2968/2429 2146/2965/2313 2177/2969/2315
f 2168/2968/2429 2177/2969/2315 2195/2970/2424
f 2132/2966/2428 2168/2968/2429 2153/2971/2430
f 2132/2966/2428 2153/2971/2430 2147/2967/2306
f 2153/2971/2430 2168/2968/2429 2157/2972/2431
f 2147/2967/2306 2153/2971/2430 2142/2973/2432
f 2142/2973/2432 2153/2971/2430 2157/2972/2431
f 2168/2968/2429 2195/2970/2424 2189/2974/2433
f 2168/2968/2429 2189/2974/2433 2157/2972/2431
f 2189/2974/2433 2195/2970/2424 2229/2975/2434
f 2229/2975/2434 2195/2970/2424 2240/2976/2422
f 2157/2972/2431 2189/2974/2433 2196/2977/2435
f 2196/2977/2435 2189/2974/2433 2229/2975/2434
f 2142/2973/2432 2157/2972/2431 2156/2978/2436
f 2117/2979/2437 2147/2967/2306 2142/2973/2432
f 2117/2979/2437 2142/2973/2432 2156/2978/2436
f 2147/2967/2306 2117/2979/2437 2106/2980/2307
f 2147/2967/2306 2106/2980/2307 2115/2981/2304
f 2106/2980/2307 2117/2979/2437 2126/2982/2438
f 2126/2982/2438 2117/2979/2437 2156/2978/2436
f 2102/2983/2308 2106/2980/2307 2111/2984/2309
f 2111/2984/2309 2106/2980/2307 2113/2985/2439
f 2113/2985/2439 2106/2980/2307 2126/2982/2438
f 2111/2984/2309 2113/2985/2439 2104/2986/2440
f 2113/2985/2439 2126/2982/2438 2112/2987/2441
f 2113/2985/2439 2112/2987/2441 2104/2986/2440
f 2126/2982/2438 2156/2978/2436 2140/2988/2442
f 2126/2982/2438 2140/2988/2442 2112/2987/2441
f 2104/2986/2440 2112/2987/2441 2119/2989/2443
f 2119/2989/2443 2112/2987/2441 2140/2988/2442
f 2104/2986/2440 2119/2989/2443 2109/2990/2444
f 2109/2990/2444 2119/2989/2443 2120/2991/2445
f 2120/2991/2445 2119/2989/2443 2127/2992/2446
f 2127/2992/2446 2119/2989/2443 2138/2993/2447
f 2138/2993/2447 2119/2989/2443 2140/2988/2442
f 2127/2992/2446 2138/2993/2447 2131/2994/2448
f 2173/2995/2449 2140/2988/2442 2156/2978/2436
f 2140/2988/2442 2173/2995/2449 2160/2996/2450
f 2140/2988/2442 2160/2996/2450 2138/2993/2447
f 2173/2995/2449 2156/2978/2436 2171/2997/2451
f 2171/2997/2451 2156/2978/2436 2157/2972/2431
f 2171/2997/2451 2157/2972/2431 2196/2977/2435
f 2173/2995/2449 2171/2997/2451 2191/2998/2452
f 2191/2998/2452 2171/2997/2451 2196/2977/2435
f 2160/2996/2450 2173/2995/2449 2205/2999/2453
f 2205/2999/2453 2173/2995/2449 2191/2998/2452
f 2174/3000/2454 2138/2993/2447 2160/2996/2450
f 2174/3000/2454 2160/2996/2450 2205/2999/2453
f 2138/2993/2447 2174/3000/2454 2183/3001/2455
f 2183/3001/2455 2174/3000/2454 2205/2999/2453
f 2191/2998/2452 2196/2977/2435 2221/3002/2456
f 2221/3002/2456 2196/2977/2435 2246/3003/2457
f 2246/3003/2457 2196/2977/2435 2229/2975/2434
f 2191/2998/2452 2221/3002/2456 2203/3004/2458
f 2191/2998/2452 2203/3004/2458 2205/2999/2453
f 2221/3002/2456 2246/3003/2457 2249/3005/2459
f 2221/3002/2456 2249/3005/2459 2203/3004/2458
f 2246/3003/2457 2229/2975/2434 2262/3006/2460
f 2246/3003/2457 2262/3006/2460 2249/3005/2459
f 2262/3006/2460 2229/2975/2434 2240/2976/2422
f 2203/3004/2458 2249/3005/2459 2227/3007/2461
f 2203/3004/2458 2227/3007/2461 2205/2999/2453
f 2249/3005/2459 2262/3006/2460 2266/3008/2462
f 2249/3005/2459 2266/3008/2462 2227/3007/2461
f 2262/3006/2460 2240/2976/2422 2281/3009/2463
f 2262/3006/2460 2281/3009/2463 2266/3008/2462
f 2281/3009/2463 2240/2976/2422 2283/3010/1311
f 2205/2999/2453 2227/3007/2461 2233/3011/2464
f 2233/3011/2464 2227/3007/2461 2266/3008/2462
f 2205/2999/2453 2233/3011/2464 2183/3001/2455
f 2266/3008/2462 2281/3009/2463 2280/3012/2465
f 2281/3009/2463 2283/3010/1311 2285/3013/2466
f 2281/3009/2463 2285/3013/2466 2280/3012/2465
f 2285/3013/2466 2283/3010/1311 2308/3014/2417
f 2280/3012/2465 2285/3013/2466 2273/3015/2467
f 2273/3015/2467 2285/3013/2466 2308/3014/2417
f 2280/3012/2465 2273/3015/2467 2266/3008/2462
f 2273/3015/2467 2308/3014/2417 2299/3016/2413
f 2261/3017/2468 2233/3011/2464 2266/3008/2462
f 2261/3017/2468 2266/3008/2462 2273/3015/2467
f 2233/3011/2464 2261/3017/2468 2242/3018/2469
f 2261/3017/2468 2273/3015/2467 2260/3019/2470
f 2261/3017/2468 2260/3019/2470 2242/3018/2469
f 2233/3011/2464 2242/3018/2469 2222/3020/2471
f 2233/3011/2464 2222/3020/2471 2183/3001/2455
f 2222/3020/2471 2242/3018/2469 2206/3021/2472
f 2222/3020/2471 2206/3021/2472 2183/3001/2455
f 2206/3021/2472 2242/3018/2469 2211/3022/2473
f 2183/3001/2455 2206/3021/2472 2161/3023/2474
f 2161/3023/2474 2206/3021/2472 2211/3022/2473
f 2183/3001/2455 2161/3023/2474 2159/3024/2475
f 2183/3001/2455 2159/3024/2475 2138/2993/2447
f 2161/3023/2474 2211/3022/2473 2185/3025/2476
f 2211/3022/2473 2242/3018/2469 2202/3026/2477
f 2211/3022/2473 2202/3026/2477 2185/3025/2476
f 2202/3026/2477 2242/3018/2469 2260/3019/2470
f 2161/3023/2474 2185/3025/2476 2154/3027/2478
f 2161/3023/2474 2154/3027/2478 2159/3024/2475
f 2154/3027/2478 2185/3025/2476 2202/3026/2477
f 2135/3028/2479 2138/2993/2447 2159/3024/2475
f 2135/3028/2479 2159/3024/2475 2154/3027/2478
f 2138/2993/2447 2135/3028/2479 2131/2994/2448
f 2265/3029/2480 2154/3027/2478 2202/3026/2477
f 2265/3029/2480 2202/3026/2477 2260/3019/2470
f 2265/3029/2480 2260/3019/2470 2288/3030/2481
f 2288/3030/2481 2260/3019/2470 2273/3015/2467
f 2265/3029/2480 2288/3030/2481 2277/3031/2482
f 2288/3030/2481 2273/3015/2467 2303/3032/2483
f 2303/3032/2483 2273/3015/2467 2299/3016/2413
f 2303/3032/2483 2299/3016/2413 2310/3033/2484
f 2288/3030/2481 2303/3032/2483 2305/3034/2485
f 2305/3034/2485 2303/3032/2483 2310/3033/2484
f 2288/3030/2481 2305/3034/2485 2277/3031/2482
f 2310/3033/2484 2299/3016/2413 2334/3035/2412
f 2310/3033/2484 2334/3035/2412 2305/3034/2485
f 2277/3031/2482 2305/3034/2485 2287/3036/2486
f 2287/3036/2486 2305/3034/2485 2330/3037/2487
f 2330/3037/2487 2305/3034/2485 2334/3035/2412
f 2330/3037/2487 2334/3035/2412 2333/3038/2488
f 2333/3038/2488 2334/3035/2412 2335/3039/2409
f 2333/3038/2488 2335/3039/2409 2329/3040/2408
f 1818/3041/2489 1860/3042/2490 1858/3043/2491
f 1858/3043/2491 1860/3042/2490 1882/3044/2492
f 1785/3045/2493 1818/3041/2489 1776/3046/2494
f 1776/3046/2494 1818/3041/2489 1858/3043/2491
f 1785/3045/2493 1776/3046/2494 1721/3047/2495
f 1785/3045/2493 1721/3047/2495 1717/3048/2496
f 1776/3046/2494 1858/3043/2491 1808/3049/2497
f 1717/3048/2496 1721/3047/2495 1684/3050/2498
f 1808/3049/2497 1858/3043/2491 1838/3051/2499
f 1838/3051/2499 1858/3043/2491 1882/3044/2492
f 1776/3046/2494 1808/3049/2497 1748/3052/2500
f 1748/3052/2500 1808/3049/2497 1838/3051/2499
f 1708/3053/2501 1721/3047/2495 1776/3046/2494
f 1721/3047/2495 1708/3053/2501 1684/3050/2498
f 1708/3053/2501 1776/3046/2494 1748/3052/2500
f 1717/3048/2496 1684/3050/2498 1639/3054/2502
f 1639/3054/2502 1684/3050/2498 1629/3055/2503
f 1684/3050/2498 1708/3053/2501 1669/3056/2504
f 1684/3050/2498 1669/3056/2504 1629/3055/2503
f 1708/3053/2501 1748/3052/2500 1724/3057/2505
f 1708/3053/2501 1724/3057/2505 1669/3056/2504
f 1639/3054/2502 1629/3055/2503 1609/3058/2506
f 1609/3058/2506 1629/3055/2503 1669/3056/2504
f 1639/3054/2502 1609/3058/2506 1555/3059/2507
f 1669/3056/2504 1724/3057/2505 1657/3060/2508
f 1669/3056/2504 1657/3060/2508 1609/3058/2506
f 1555/3059/2507 1609/3058/2506 1571/3061/2509
f 1571/3061/2509 1609/3058/2506 1657/3060/2508
f 1555/3059/2507 1571/3061/2509 1553/3062/2510
f 1657/3060/2508 1724/3057/2505 1752/3063/2511
f 1553/3062/2510 1571/3061/2509 1598/3064/2512
f 1598/3064/2512 1571/3061/2509 1657/3060/2508
f 1553/3062/2510 1598/3064/2512 1564/3065/2513
f 1564/3065/2513 1598/3064/2512 1677/3066/2514
f 1677/3066/2514 1598/3064/2512 1657/3060/2508
f 1677/3066/2514 1657/3060/2508 1752/3063/2511
f 1752/3063/2511 1724/3057/2505 1781/3067/2515
f 1781/3067/2515 1724/3057/2505 1748/3052/2500
f 1752/3063/2511 1781/3067/2515 1822/3068/2516
f 1822/3068/2516 1781/3067/2515 1885/3069/2517
f 1781/3067/2515 1748/3052/2500 1850/3070/2518
f 1781/3067/2515 1850/3070/2518 1885/3069/2517
f 1850/3070/2518 1748/3052/2500 1838/3051/2499
f 1822/3068/2516 1885/3069/2517 1901/3071/2519
f 1850/3070/2518 1838/3051/2499 1886/3072/2520
f 1850/3070/2518 1886/3072/2520 1885/3069/2517
f 1886/3072/2520 1838/3051/2499 1882/3044/2492
f 1901/3071/2519 1885/3069/2517 1884/3073/2521
f 1901/3071/2519 1884/3073/2521 1873/3074/2522
f 1885/3069/2517 1886/3072/2520 1907/3075/2523
f 1907/3075/2523 1886/3072/2520 1882/3044/2492
f 1885/3069/2517 1907/3075/2523 1884/3073/2521
f 1907/3075/2523 1882/3044/2492 1905/3076/2524
f 1907/3075/2523 1905/3076/2524 1884/3073/2521
f 2034/3077/2525 1983/3078/2526 2023/3079/2527
f 2034/3077/2525 2023/3079/2527 2041/3080/2528
f 2034/3077/2525 2041/3080/2528 2057/3081/2529
f 2034/3077/2525 2057/3081/2529 2042/3082/2530
f 2041/3080/2528 2023/3079/2527 2047/3083/2531
f 2041/3080/2528 2047/3083/2531 2057/3081/2529
f 2047/3083/2531 2023/3079/2527 2020/3084/2532
f 2057/3081/2529 2047/3083/2531 2052/3085/2533
f 2052/3085/2533 2047/3083/2531 2020/3084/2532
f 2057/3081/2529 2052/3085/2533 2049/3086/2534
f 2049/3086/2534 2052/3085/2533 2020/3084/2532
f 2059/3087/2535 2042/3082/2530 2057/3081/2529
f 2059/3087/2535 2057/3081/2529 2049/3086/2534
f 2049/3086/2534 2020/3084/2532 2025/3088/2536
f 2025/3088/2536 2020/3084/2532 1998/3089/2537
f 2059/3087/2535 2049/3086/2534 2043/3090/2538
f 2043/3090/2538 2049/3086/2534 2025/3088/2536
f 2025/3088/2536 1998/3089/2537 1989/3091/2539
f 1989/3091/2539 1998/3089/2537 1965/3092/2540
f 2025/3088/2536 1989/3091/2539 1981/3093/2541
f 1981/3093/2541 1989/3091/2539 1965/3092/2540
f 2043/3090/2538 2025/3088/2536 2011/3094/2542
f 2011/3094/2542 2025/3088/2536 1981/3093/2541
f 2059/3087/2535 2043/3090/2538 2038/3095/2543
f 2038/3095/2543 2043/3090/2538 2011/3094/2542
f 2059/3087/2535 2038/3095/2543 2035/3096/2544
f 2059/3087/2535 2035/3096/2544 2042/3082/2530
f 2038/3095/2543 2011/3094/2542 2005/3097/2545
f 2038/3095/2543 2005/3097/2545 2035/3096/2544
f 2011/3094/2542 1981/3093/2541 1982/3098/2546
f 2010/3099/2547 2035/3096/2544 2005/3097/2545
f 1977/3100/2548 2010/3099/2547 2005/3097/2545
f 1987/3101/2549 2005/3097/2545 2011/3094/2542
f 1987/3101/2549 2011/3094/2542 1982/3098/2546
f 1977/3100/2548 2005/3097/2545 1963/3102/2550
f 1963/3102/2550 2005/3097/2545 1987/3101/2549
f 1987/3101/2549 1982/3098/2546 1946/3103/2551
f 1987/3101/2549 1946/3103/2551 1963/3102/2550
f 1946/3103/2551 1982/3098/2546 1981/3093/2541
f 1977/3100/2548 1963/3102/2550 1940/3104/2552
f 1940/3104/2552 1963/3102/2550 1946/3103/2551
f 1942/3105/2553 1977/3100/2548 1940/3104/2552
f 1943/3106/2554 1942/3105/2553 1924/3107/2555
f 1924/3107/2555 1942/3105/2553 1940/3104/2552
f 1940/3104/2552 1946/3103/2551 1935/3108/2556
f 1924/3107/2555 1940/3104/2552 1927/3109/2557
f 1927/3109/2557 1940/3104/2552 1935/3108/2556
f 1924/3107/2555 1927/3109/2557 1941/3110/2558
f 1941/3110/2558 1927/3109/2557 1965/3092/2540
f 1927/3109/2557 1935/3108/2556 1954/3111/2559
f 1927/3109/2557 1954/3111/2559 1965/3092/2540
f 1954/3111/2559 1935/3108/2556 1946/3103/2551
f 1965/3092/2540 1954/3111/2559 1981/3093/2541
f 1981/3093/2541 1954/3111/2559 1946/3103/2551
f 1553/3112/2510 1500/3113/2560 1555/3114/2507
f 1500/3113/2560 1553/3112/2510 1501/3115/2561
f 1501/3115/2561 1553/3112/2510 1529/3116/2562
f 1529/3116/2562 1553/3112/2510 1570/3117/2563
f 1529/3116/2562 1570/3117/2563 1501/3115/2561
f 1570/3117/2563 1553/3112/2510 1564/3118/2513
f 1435/3119/2564 1501/3115/2561 1487/3120/2565
f 1487/3120/2565 1501/3115/2561 1570/3117/2563
f 1570/3117/2563 1564/3118/2513 1518/3121/2566
f 1570/3117/2563 1518/3121/2566 1487/3120/2565
f 1518/3121/2566 1564/3118/2513 1580/3122/2567
f 1487/3120/2565 1518/3121/2566 1519/3123/2568
f 1519/3123/2568 1518/3121/2566 1580/3122/2567
f 1580/3122/2567 1564/3118/2513 1648/3124/2569
f 1648/3124/2569 1564/3118/2513 1677/3125/2514
f 1580/3122/2567 1648/3124/2569 1641/3126/2570
f 1648/3124/2569 1677/3125/2514 1749/3127/2571
f 1749/3127/2571 1677/3125/2514 1752/3128/2511
f 1648/3124/2569 1749/3127/2571 1711/3129/2572
f 1648/3124/2569 1711/3129/2572 1641/3126/2570
f 1749/3127/2571 1752/3128/2511 1793/3130/2573
f 1711/3129/2572 1749/3127/2571 1756/3131/2574
f 1756/3131/2574 1749/3127/2571 1793/3130/2573
f 1793/3130/2573 1752/3128/2511 1822/3132/2516
f 1711/3129/2572 1756/3131/2574 1814/3133/2575
f 1814/3133/2575 1756/3131/2574 1793/3130/2573
f 1793/3130/2573 1822/3132/2516 1853/3134/2576
f 1853/3134/2576 1822/3132/2516 1901/3135/2519
f 1853/3134/2576 1901/3135/2519 1873/3136/2522
f 1853/3134/2576 1873/3136/2522 1826/3137/2577
f 1853/3134/2576 1826/3137/2577 1814/3133/2575
f 1793/3130/2573 1853/3134/2576 1829/3138/2578
f 1793/3130/2573 1829/3138/2578 1814/3133/2575
f 1814/3133/2575 1829/3138/2578 1853/3134/2576
f 1814/3133/2575 1826/3137/2577 1865/3139/2579
f 1675/3140/2580 1711/3129/2572 1814/3133/2575
f 1711/3129/2572 1675/3140/2580 1641/3126/2570
f 1814/3133/2575 1865/3139/2579 1848/3141/2581
f 1848/3141/2581 1865/3139/2579 1870/3142/2582
f 1814/3133/2575 1848/3141/2581 1797/3143/2583
f 1814/3133/2575 1797/3143/2583 1675/3140/2580
f 1848/3141/2581 1870/3142/2582 1867/3144/2584
f 1848/3141/2581 1867/3144/2584 1797/3143/2583
f 1867/3144/2584 1870/3142/2582 1906/3145/2585
f 1675/3140/2580 1797/3143/2583 1710/3146/2586
f 1675/3140/2580 1710/3146/2586 1679/3147/2587
f 1710/3146/2586 1797/3143/2583 1757/3148/2588
f 1710/3146/2586 1757/3148/2588 1679/3147/2587
f 1797/3143/2583 1867/3144/2584 1827/3149/2589
f 1797/3143/2583 1827/3149/2589 1757/3148/2588
f 1827/3149/2589 1867/3144/2584 1817/3150/2590
f 1827/3149/2589 1817/3150/2590 1757/3148/2588
f 1893/3151/2591 1867/3144/2584 1906/3145/2585
f 1893/3151/2591 1906/3145/2585 1915/3152/2592
f 1867/3144/2584 1893/3151/2591 1864/3153/2593
f 1867/3144/2584 1864/3153/2593 1817/3150/2590
f 1893/3151/2591 1915/3152/2592 1930/3154/2594
f 1930/3154/2594 1915/3152/2592 1934/3155/2595
f 1864/3153/2593 1893/3151/2591 1917/3156/2596
f 1917/3156/2596 1893/3151/2591 1930/3154/2594
f 1817/3150/2590 1864/3153/2593 1874/3157/2597
f 1874/3157/2597 1864/3153/2593 1917/3156/2596
f 1917/3156/2596 1930/3154/2594 1923/3158/2598
f 1917/3156/2596 1923/3158/2598 1874/3157/2597
f 1930/3154/2594 1934/3155/2595 1931/3159/2599
f 1930/3154/2594 1931/3159/2599 1923/3158/2598
f 1923/3158/2598 1931/3159/2599 1900/3160/2600
f 1900/3160/2600 1931/3159/2599 1899/3161/2601
f 1923/3158/2598 1900/3160/2600 1883/3162/2602
f 1900/3160/2600 1899/3161/2601 1861/3163/2603
f 1883/3162/2602 1900/3160/2600 1851/3164/2604
f 1851/3164/2604 1900/3160/2600 1861/3163/2603
f 1923/3158/2598 1883/3162/2602 1833/3165/2605
f 1923/3158/2598 1833/3165/2605 1874/3157/2597
f 1833/3165/2605 1883/3162/2602 1851/3164/2604
f 1861/3163/2603 1805/3166/2606 1851/3164/2604
f 1874/3157/2597 1833/3165/2605 1823/3167/2607
f 1874/3157/2597 1823/3167/2607 1817/3150/2590
f 1817/3150/2590 1823/3167/2607 1779/3168/2608
f 1817/3150/2590 1779/3168/2608 1757/3148/2588
f 1779/3168/2608 1823/3167/2607 1768/3169/2609
f 1779/3168/2608 1768/3169/2609 1757/3148/2588
f 1823/3167/2607 1833/3165/2605 1836/3170/2610
f 1806/3171/2611 1833/3165/2605 1851/3164/2604
f 1833/3165/2605 1806/3171/2611 1807/3172/2612
f 1833/3165/2605 1807/3172/2612 1836/3170/2610
f 1806/3171/2611 1851/3164/2604 1802/3173/2613
f 1806/3171/2611 1802/3173/2613 1807/3172/2612
f 1823/3167/2607 1836/3170/2610 1799/3174/2614
f 1823/3167/2607 1799/3174/2614 1768/3169/2609
f 1836/3170/2610 1807/3172/2612 1787/3175/2615
f 1799/3174/2614 1836/3170/2610 1764/3176/2616
f 1764/3176/2616 1836/3170/2610 1787/3175/2615
f 1799/3174/2614 1764/3176/2616 1723/3177/2617
f 1768/3169/2609 1799/3174/2614 1703/3178/2618
f 1703/3178/2618 1799/3174/2614 1723/3177/2617
f 1723/3177/2617 1764/3176/2616 1651/3179/2619
f 1703/3178/2618 1723/3177/2617 1659/3180/2620
f 1659/3180/2620 1723/3177/2617 1651/3179/2619
f 1768/3169/2609 1703/3178/2618 1699/3181/2621
f 1699/3181/2621 1703/3178/2618 1659/3180/2620
f 1768/3169/2609 1699/3181/2621 1751/3182/2622
f 1768/3169/2609 1751/3182/2622 1757/3148/2588
f 1757/3148/2588 1751/3182/2622 1679/3147/2587
f 1751/3182/2622 1699/3181/2621 1665/3183/2623
f 1751/3182/2622 1665/3183/2623 1679/3147/2587
f 1699/3181/2621 1659/3180/2620 1607/3184/2624
f 1699/3181/2621 1607/3184/2624 1665/3183/2623
f 1607/3184/2624 1659/3180/2620 1581/3185/2625
f 1581/3185/2625 1659/3180/2620 1651/3179/2619
f 1665/3183/2623 1607/3184/2624 1645/3186/2626
f 1665/3183/2623 1645/3186/2626 1679/3147/2587
f 1645/3186/2626 1607/3184/2624 1543/3187/2627
f 1543/3187/2627 1607/3184/2624 1581/3185/2625
f 1679/3147/2587 1645/3186/2626 1643/3188/2628
f 1679/3147/2587 1643/3188/2628 1675/3140/2580
f 1675/3140/2580 1643/3188/2628 1641/3126/2570
f 1643/3188/2628 1645/3186/2626 1563/3189/2629
f 1563/3189/2629 1645/3186/2626 1543/3187/2627
f 1641/3126/2570 1643/3188/2628 1603/3190/2630
f 1603/3190/2630 1643/3188/2628 1563/3189/2629
f 1641/3126/2570 1603/3190/2630 1550/3191/2631
f 1550/3191/2631 1603/3190/2630 1563/3189/2629
f 1641/3126/2570 1550/3191/2631 1580/3122/2567
f 1580/3122/2567 1550/3191/2631 1519/3123/2568
f 1550/3191/2631 1563/3189/2629 1490/3192/2632
f 1490/3192/2632 1563/3189/2629 1543/3187/2627
f 1519/3123/2568 1550/3191/2631 1486/3193/2633
f 1486/3193/2633 1550/3191/2631 1490/3192/2632
f 1519/3123/2568 1486/3193/2633 1475/3194/2634
f 1475/3194/2634 1486/3193/2633 1490/3192/2632
f 1490/3192/2632 1543/3187/2627 1566/3195/2635
f 1566/3195/2635 1543/3187/2627 1581/3185/2625
f 1475/3194/2634 1490/3192/2632 1509/3196/2636
f 1509/3196/2636 1490/3192/2632 1566/3195/2635
f 1519/3123/2568 1475/3194/2634 1505/3197/2637
f 1519/3123/2568 1505/3197/2637 1487/3120/2565
f 1475/3194/2634 1509/3196/2636 1498/3198/2638
f 1498/3198/2638 1509/3196/2636 1566/3195/2635
f 1505/3197/2637 1475/3194/2634 1440/3199/2639
f 1440/3199/2639 1475/3194/2634 1498/3198/2638
f 1487/3120/2565 1505/3197/2637 1456/3200/2640
f 1456/3200/2640 1505/3197/2637 1440/3199/2639
f 1487/3120/2565 1456/3200/2640 1420/3201/2641
f 1487/3120/2565 1420/3201/2641 1435/3119/2564
f 1440/3199/2639 1498/3198/2638 1452/3202/2642
f 1435/3119/2564 1420/3201/2641 1425/3203/2643
f 1420/3201/2641 1456/3200/2640 1430/3204/2644
f 1425/3203/2643 1420/3201/2641 1421/3205/2645
f 1421/3205/2645 1420/3201/2641 1430/3204/2644
f 1430/3204/2644 1456/3200/2640 1468/3206/2646
f 1468/3206/2646 1456/3200/2640 1440/3199/2639
f 1430/3204/2644 1468/3206/2646 1445/3207/2647
f 1430/3204/2644 1445/3207/2647 1410/3208/2648
f 1430/3204/2644 1410/3208/2648 1421/3205/2645
f 1421/3205/2645 1410/3208/2648 1391/3209/2649
f 1445/3207/2647 1468/3206/2646 1465/3210/2650
f 1465/3210/2650 1468/3206/2646 1440/3199/2639
f 1465/3210/2650 1440/3199/2639 1452/3202/2642
f 1445/3207/2647 1465/3210/2650 1453/3211/2651
f 1465/3210/2650 1452/3202/2642 1503/3212/2652
f 1465/3210/2650 1503/3212/2652 1453/3211/2651
f 1503/3212/2652 1452/3202/2642 1498/3198/2638
f 1453/3211/2651 1503/3212/2652 1481/3213/2653
f 1503/3212/2652 1498/3198/2638 1562/3214/2654
f 1481/3213/2653 1503/3212/2652 1523/3215/2655
f 1523/3215/2655 1503/3212/2652 1562/3214/2654
f 1481/3213/2653 1523/3215/2655 1514/3216/2656
f 1514/3216/2656 1523/3215/2655 1576/3217/2657
f 1576/3217/2657 1523/3215/2655 1562/3214/2654
f 1562/3214/2654 1498/3198/2638 1566/3195/2635
f 1514/3216/2656 1576/3217/2657 1533/3218/2658
f 1514/3216/2656 1533/3218/2658 1496/3219/2659
f 1576/3217/2657 1562/3214/2654 1631/3220/2660
f 1479/3221/2661 1496/3219/2659 1507/3222/2662
f 1507/3222/2662 1496/3219/2659 1533/3218/2658
f 1533/3218/2658 1576/3217/2657 1587/3223/2663
f 1507/3222/2662 1533/3218/2658 1544/3224/2664
f 1544/3224/2664 1533/3218/2658 1614/3225/2665
f 1614/3225/2665 1533/3218/2658 1587/3223/2663
f 1507/3222/2662 1544/3224/2664 1558/3226/2666
f 1507/3222/2662 1558/3226/2666 1510/3227/2667
f 1558/3226/2666 1544/3224/2664 1591/3228/2668
f 1591/3228/2668 1544/3224/2664 1614/3225/2665
f 1558/3226/2666 1591/3228/2668 1640/3229/2669
f 1640/3229/2669 1591/3228/2668 1614/3225/2665
f 1558/3226/2666 1640/3229/2669 1575/3230/2670
f 1614/3225/2665 1587/3223/2663 1635/3231/2671
f 1614/3225/2665 1635/3231/2671 1690/3232/2672
f 1614/3225/2665 1690/3232/2672 1640/3229/2669
f 1635/3231/2671 1587/3223/2663 1672/3233/2673
f 1635/3231/2671 1672/3233/2673 1690/3232/2672
f 1633/3234/2674 1587/3223/2663 1576/3217/2657
f 1587/3223/2663 1633/3234/2674 1672/3233/2673
f 1633/3234/2674 1576/3217/2657 1631/3220/2660
f 1672/3233/2673 1633/3234/2674 1681/3235/2675
f 1681/3235/2675 1633/3234/2674 1631/3220/2660
f 1690/3232/2672 1672/3233/2673 1714/3236/2676
f 1714/3236/2676 1672/3233/2673 1681/3235/2675
f 1690/3232/2672 1714/3236/2676 1735/3237/2677
f 1714/3236/2676 1681/3235/2675 1726/3238/2678
f 1714/3236/2676 1726/3238/2678 1735/3237/2677
f 1681/3235/2675 1631/3220/2660 1674/3239/2679
f 1681/3235/2675 1674/3239/2679 1726/3238/2678
f 1674/3239/2679 1631/3220/2660 1608/3240/2680
f 1608/3240/2680 1631/3220/2660 1562/3214/2654
f 1690/3232/2672 1735/3237/2677 1704/3241/2681
f 1690/3232/2672 1704/3241/2681 1640/3229/2669
f 1735/3237/2677 1726/3238/2678 1743/3242/2682
f 1726/3238/2678 1674/3239/2679 1731/3243/2683
f 1726/3238/2678 1731/3243/2683 1743/3242/2682
f 1704/3241/2681 1735/3237/2677 1736/3244/2684
f 1736/3244/2684 1735/3237/2677 1743/3242/2682
f 1640/3229/2669 1704/3241/2681 1664/3245/2685
f 1704/3241/2681 1736/3244/2684 1698/3246/2686
f 1704/3241/2681 1698/3246/2686 1664/3245/2685
f 1736/3244/2684 1743/3242/2682 1758/3247/2687
f 1758/3247/2687 1743/3242/2682 1731/3243/2683
f 1698/3246/2686 1736/3244/2684 1745/3248/2688
f 1745/3248/2688 1736/3244/2684 1758/3247/2687
f 1698/3246/2686 1745/3248/2688 1713/3249/2689
f 1698/3246/2686 1713/3249/2689 1664/3245/2685
f 1745/3248/2688 1758/3247/2687 1791/3250/2690
f 1623/3251/2691 1640/3229/2669 1664/3245/2685
f 1640/3229/2669 1623/3251/2691 1575/3230/2670
f 1575/3230/2670 1623/3251/2691 1597/3252/2692
f 1597/3252/2692 1623/3251/2691 1638/3253/2693
f 1638/3253/2693 1623/3251/2691 1664/3245/2685
f 1597/3252/2692 1638/3253/2693 1593/3254/2694
f 1791/3250/2690 1758/3247/2687 1803/3255/2695
f 1803/3255/2695 1758/3247/2687 1731/3243/2683
f 1638/3253/2693 1664/3245/2685 1683/3256/2696
f 1683/3256/2696 1664/3245/2685 1713/3249/2689
f 1593/3254/2694 1638/3253/2693 1630/3257/2697
f 1593/3254/2694 1630/3257/2697 1584/3258/2698
f 1638/3253/2693 1683/3256/2696 1656/3259/2699
f 1638/3253/2693 1656/3259/2699 1630/3257/2697
f 1584/3258/2698 1630/3257/2697 1599/3260/2700
f 1630/3257/2697 1656/3259/2699 1663/3261/2701
f 1630/3257/2697 1663/3261/2701 1599/3260/2700
f 1663/3261/2701 1656/3259/2699 1683/3256/2696
f 1599/3260/2700 1663/3261/2701 1671/3262/2702
f 1663/3261/2701 1683/3256/2696 1728/3263/2703
f 1728/3263/2703 1683/3256/2696 1713/3249/2689
f 1663/3261/2701 1728/3263/2703 1700/3264/2704
f 1663/3261/2701 1700/3264/2704 1671/3262/2702
f 1728/3263/2703 1713/3249/2689 1769/3265/2705
f 1671/3262/2702 1700/3264/2704 1720/3266/2706
f 1700/3264/2704 1728/3263/2703 1747/3267/2707
f 1700/3264/2704 1747/3267/2707 1720/3266/2706
f 1747/3267/2707 1728/3263/2703 1769/3265/2705
f 1671/3262/2702 1720/3266/2706 1722/3268/2708
f 1720/3266/2706 1747/3267/2707 1759/3269/2709
f 1720/3266/2706 1759/3269/2709 1722/3268/2708
f 1760/3270/2710 1722/3268/2708 1759/3269/2709
f 1784/3271/2711 1759/3269/2709 1747/3267/2707
f 1784/3271/2711 1747/3267/2707 1769/3265/2705
f 1760/3270/2710 1759/3269/2709 1790/3272/2712
f 1790/3272/2712 1759/3269/2709 1784/3271/2711
f 1805/3166/2606 1760/3270/2710 1789/3273/2713
f 1789/3273/2713 1760/3270/2710 1790/3272/2712
f 1805/3166/2606 1789/3273/2713 1809/3274/2714
f 1809/3274/2714 1789/3273/2713 1790/3272/2712
f 1805/3166/2606 1809/3274/2714 1851/3164/2604
f 1790/3272/2712 1784/3271/2711 1804/3275/2715
f 1790/3272/2712 1804/3275/2715 1809/3274/2714
f 1804/3275/2715 1784/3271/2711 1769/3265/2705
f 1851/3164/2604 1809/3274/2714 1821/3276/2716
f 1821/3276/2716 1809/3274/2714 1804/3275/2715
f 1851/3164/2604 1821/3276/2716 1802/3173/2613
f 1821/3276/2716 1804/3275/2715 1796/3277/2717
f 1821/3276/2716 1796/3277/2717 1802/3173/2613
f 1796/3277/2717 1804/3275/2715 1769/3265/2705
f 1802/3173/2613 1796/3277/2717 1828/3278/2718
f 1802/3173/2613 1828/3278/2718 1807/3172/2612
f 1796/3277/2717 1769/3265/2705 1771/3279/2719
f 1771/3279/2719 1769/3265/2705 1713/3249/2689
f 1771/3279/2719 1713/3249/2689 1745/3248/2688
f 1771/3279/2719 1745/3248/2688 1791/3250/2690
f 1796/3277/2717 1771/3279/2719 1810/3280/2720
f 1810/3280/2720 1771/3279/2719 1791/3250/2690
f 1796/3277/2717 1810/3280/2720 1828/3278/2718
f 1810/3280/2720 1791/3250/2690 1803/3255/2695
f 1810/3280/2720 1803/3255/2695 1811/3281/2721
f 1810/3280/2720 1811/3281/2721 1828/3278/2718
f 1811/3281/2721 1803/3255/2695 1731/3243/2683
f 1825/3282/2722 1807/3172/2612 1828/3278/2718
f 1825/3282/2722 1828/3278/2718 1811/3281/2721
f 1807/3172/2612 1825/3282/2722 1787/3175/2615
f 1825/3282/2722 1811/3281/2721 1798/3283/2723
f 1825/3282/2722 1798/3283/2723 1787/3175/2615
f 1798/3283/2723 1811/3281/2721 1734/3284/2724
f 1734/3284/2724 1811/3281/2721 1731/3243/2683
f 1798/3283/2723 1734/3284/2724 1787/3175/2615
f 1734/3284/2724 1731/3243/2683 1666/3285/2725
f 1666/3285/2725 1731/3243/2683 1674/3239/2679
f 1787/3175/2615 1734/3284/2724 1702/3286/2726
f 1702/3286/2726 1734/3284/2724 1666/3285/2725
f 1787/3175/2615 1702/3286/2726 1764/3176/2616
f 1764/3176/2616 1702/3286/2726 1651/3179/2619
f 1651/3179/2619 1702/3286/2726 1666/3285/2725
f 1666/3285/2725 1674/3239/2679 1608/3240/2680
f 1651/3179/2619 1666/3285/2725 1601/3287/2727
f 1601/3287/2727 1666/3285/2725 1608/3240/2680
f 1651/3179/2619 1601/3287/2727 1581/3185/2625
f 1581/3185/2625 1601/3287/2727 1590/3288/2728
f 1581/3185/2625 1590/3288/2728 1566/3195/2635
f 1562/3214/2654 1566/3195/2635 1608/3240/2680
f 1601/3287/2727 1608/3240/2680 1686/3289/2729
f 1608/3240/2680 1566/3195/2635 1572/3290/2730
f 1608/3240/2680 1572/3290/2730 1686/3289/2729
f 1572/3290/2730 1566/3195/2635 1545/3291/2731
f 1545/3291/2731 1566/3195/2635 1590/3288/2728
f 1647/3292/2732 1590/3288/2728 1601/3287/2727
f 1647/3292/2732 1601/3287/2727 1686/3289/2729
f 1590/3288/2728 1647/3292/2732 1668/3293/2733
f 1668/3293/2733 1647/3292/2732 1686/3289/2729
f 1545/3291/2731 1590/3288/2728 1600/3294/2734
f 1600/3294/2734 1590/3288/2728 1668/3293/2733
f 1650/3295/2735 1572/3290/2730 1545/3291/2731
f 1572/3290/2730 1650/3295/2735 1686/3289/2729
f 1650/3295/2735 1545/3291/2731 1600/3294/2734
f 1668/3293/2733 1686/3289/2729 1692/3296/2736
f 1692/3296/2736 1686/3289/2729 1650/3295/2735
f 1668/3293/2733 1692/3296/2736 1667/3297/2737
f 1667/3297/2737 1692/3296/2736 1650/3295/2735
f 1668/3293/2733 1667/3297/2737 1600/3294/2734
f 1600/3294/2734 1667/3297/2737 1650/3295/2735
f 1970/3298/2738 1941/3299/2558 1965/3300/2540
f 1970/3298/2738 1965/3300/2540 1998/3301/2537
f 1970/3298/2738 1998/3301/2537 2006/3302/2739
f 2006/3302/2739 1998/3301/2537 2020/3303/2532
f 2006/3302/2739 2020/3303/2532 2023/3304/2527
f 1970/3298/2738 2006/3302/2739 1990/3305/2740
f 1990/3305/2740 2006/3302/2739 2023/3304/2527
f 1970/3298/2738 1990/3305/2740 1941/3299/2558
f 1990/3305/2740 2023/3304/2527 1957/3306/2741
f 1990/3305/2740 1957/3306/2741 1941/3299/2558
f 1941/3299/2558 1957/3306/2741 1924/3307/2555
f 1957/3306/2741 2023/3304/2527 1983/3308/2526
f 1924/3307/2555 1957/3306/2741 1943/3309/2554
f 1943/3309/2554 1957/3306/2741 1983/3308/2526
f 1884/3310/2521 1996/3311/2742 1950/3312/2743
f 1884/3310/2521 1950/3312/2743 1873/3313/2522
f 1950/3312/2743 1996/3311/2742 2008/3314/2744
f 1873/3313/2522 1950/3312/2743 1896/3315/2745
f 1873/3313/2522 1896/3315/2745 1826/3316/2577
f 1826/3316/2577 1896/3315/2745 1865/3317/2579
f 1950/3312/2743 2008/3314/2744 1973/3318/2746
f 1896/3315/2745 1950/3312/2743 1933/3319/2747
f 1933/3319/2747 1950/3312/2743 1973/3318/2746
f 1896/3315/2745 1933/3319/2747 1887/3320/2748
f 1896/3315/2745 1887/3320/2748 1869/3321/2749
f 1869/3321/2749 1887/3320/2748 1875/3322/2750
f 1875/3322/2750 1887/3320/2748 1913/3323/2751
f 1913/3323/2751 1887/3320/2748 1933/3319/2747
f 1875/3322/2750 1913/3323/2751 1889/3324/2752
f 2024/3325/2753 1973/3318/2746 2008/3314/2744
f 2024/3325/2753 2008/3314/2744 2050/3326/2754
f 1949/3327/2755 1933/3319/2747 1973/3318/2746
f 1933/3319/2747 1949/3327/2755 1913/3323/2751
f 1889/3324/2752 1913/3323/2751 1948/3328/2756
f 1948/3328/2756 1913/3323/2751 1949/3327/2755
f 1889/3324/2752 1948/3328/2756 1938/3329/2757
f 1938/3329/2757 1948/3328/2756 1967/3330/2758
f 1949/3327/2755 1973/3318/2746 1988/3331/2759
f 1988/3331/2759 1973/3318/2746 2024/3325/2753
f 1948/3328/2756 1949/3327/2755 1985/3332/2760
f 1985/3332/2760 1949/3327/2755 1988/3331/2759
f 1948/3328/2756 1985/3332/2760 1967/3330/2758
f 1988/3331/2759 2024/3325/2753 2022/3333/2761
f 1988/3331/2759 2022/3333/2761 1985/3332/2760
f 1967/3330/2758 1985/3332/2760 2012/3334/2762
f 2012/3334/2762 1985/3332/2760 2022/3333/2761
f 1967/3330/2758 2012/3334/2762 1994/3335/2763
f 1967/3330/2758 1994/3335/2763 1968/3336/2764
f 1968/3336/2764 1994/3335/2763 2019/3337/2765
f 2019/3337/2765 1994/3335/2763 2012/3334/2762
f 2012/3334/2762 2022/3333/2761 2045/3338/2766
f 2012/3334/2762 2045/3338/2766 2019/3337/2765
f 2045/3338/2766 2022/3333/2761 2024/3325/2753
f 2019/3337/2765 2045/3338/2766 2053/3339/2767
f 2045/3338/2766 2024/3325/2753 2054/3340/2768
f 2045/3338/2766 2054/3340/2768 2053/3339/2767
f 2054/3340/2768 2024/3325/2753 2050/3326/2754
f 2019/3337/2765 2053/3339/2767 2037/3341/2769
f 2054/3340/2768 2050/3326/2754 2060/3342/2770
f 2054/3340/2768 2060/3342/2770 2053/3339/2767
f 2060/3342/2770 2050/3326/2754 2061/3343/2771
f 2060/3342/2770 2061/3343/2771 2053/3339/2767
f 2061/3343/2771 2050/3326/2754 2055/3344/2772
f 2037/3341/2769 2053/3339/2767 2051/3345/2773
f 2037/3341/2769 2051/3345/2773 2055/3344/2772
f 2051/3345/2773 2053/3339/2767 2061/3343/2771
f 2051/3345/2773 2061/3343/2771 2055/3344/2772
f 1431/3346/2774 1425/3203/2643 1421/3205/2645
f 1431/3346/2774 1421/3205/2645 1404/3347/2775
f 1404/3347/2775 1421/3205/2645 1391/3209/2649
f 1404/3347/2775 1391/3209/2649 1390/3348/2776
f 1896/3349/2745 1869/3350/2749 1876/3351/2777
f 1896/3349/2745 1876/3351/2777 1865/3352/2579
f 1876/3351/2777 1869/3350/2749 1868/3353/2778
f 1868/3353/2778 1869/3350/2749 1875/3354/2750
f 1868/3353/2778 1875/3354/2750 1889/3355/2752
f 1868/3353/2778 1889/3355/2752 1898/3356/2779
f 1898/3356/2779 1889/3355/2752 1938/3357/2757
f 1876/3351/2777 1868/3353/2778 1890/3358/2780
f 1876/3351/2777 1890/3358/2780 1909/3359/2781
f 1868/3353/2778 1898/3356/2779 1925/3360/2782
f 1868/3353/2778 1925/3360/2782 1890/3358/2780
f 1898/3356/2779 1938/3357/2757 1953/3361/2783
f 1898/3356/2779 1953/3361/2783 1925/3360/2782
f 1967/3362/2758 1968/3363/2764 1938/3357/2757
f 1938/3357/2757 1968/3363/2764 1953/3361/2783
f 1909/3359/2781 1890/3358/2780 1902/3364/2784
f 1902/3364/2784 1890/3358/2780 1925/3360/2782
f 1909/3359/2781 1902/3364/2784 1944/3365/2785
f 1902/3364/2784 1925/3360/2782 1932/3366/2786
f 1902/3364/2784 1932/3366/2786 1944/3365/2785
f 1959/3367/2787 1925/3360/2782 1953/3361/2783
f 1925/3360/2782 1959/3367/2787 1932/3366/2786
f 1944/3365/2785 1932/3366/2786 1961/3368/2788
f 1961/3368/2788 1932/3366/2786 1959/3367/2787
f 1944/3365/2785 1961/3368/2788 1964/3369/2789
f 1964/3369/2789 1961/3368/2788 1959/3367/2787
f 1944/3365/2785 1964/3369/2789 1995/3370/2790
f 1964/3369/2789 1959/3367/2787 2007/3371/2791
f 1964/3369/2789 2007/3371/2791 1995/3370/2790
f 2030/3372/2792 1995/3370/2790 2007/3371/2791
f 2050/3373/2754 2030/3372/2792 2055/3374/2772
f 2055/3374/2772 2030/3372/2792 2029/3375/2793
f 2029/3375/2793 2030/3372/2792 2007/3371/2791
f 2055/3374/2772 2029/3375/2793 2037/3376/2769
f 2029/3375/2793 2007/3371/2791 1997/3377/2794
f 2029/3375/2793 1997/3377/2794 2037/3376/2769
f 1997/3377/2794 2007/3371/2791 1959/3367/2787
f 1997/3377/2794 1959/3367/2787 1953/3361/2783
f 2037/3376/2769 1997/3377/2794 2014/3378/2795
f 2014/3378/2795 1997/3377/2794 1953/3361/2783
f 2037/3376/2769 2014/3378/2795 2019/3379/2765
f 2014/3378/2795 1953/3361/2783 1968/3363/2764
f 2014/3378/2795 1968/3363/2764 2019/3379/2765
f 1387/3380/2796 1390/3381/2776 1380/3382/2797
f 1390/3383/2776 1391/3384/2649 1380/3385/2797
f 1380/3385/2797 1391/3384/2649 1385/3386/2798
f 1385/3386/2798 1391/3384/2649 1410/3387/2648
f 1380/3385/2797 1385/3386/2798 1386/3388/2799
f 1380/3385/2797 1386/3388/2799 1387/3389/2796
f 1387/3389/2796 1386/3388/2799 1394/3390/2800
f 1394/3390/2800 1386/3388/2799 1399/3391/2801
f 1399/3391/2801 1386/3388/2799 1398/3392/2802
f 1398/3392/2802 1386/3388/2799 1385/3386/2798
f 1385/3386/2798 1410/3387/2648 1414/3393/2803
f 1385/3386/2798 1414/3393/2803 1398/3392/2802
f 1398/3392/2802 1414/3393/2803 1409/3394/2804
f 1414/3393/2803 1410/3387/2648 1445/3395/2647
f 1409/3394/2804 1414/3393/2803 1438/3396/2805
f 1438/3396/2805 1414/3393/2803 1445/3395/2647
f 1409/3394/2804 1438/3396/2805 1408/3397/2806
f 1408/3397/2806 1438/3396/2805 1479/3398/2661
f 1479/3398/2661 1438/3396/2805 1445/3395/2647
f 1408/3397/2806 1479/3398/2661 1417/3399/2807
f 1479/3398/2661 1445/3395/2647 1462/3400/2808
f 1462/3400/2808 1445/3395/2647 1453/3401/2651
f 1462/3400/2808 1453/3401/2651 1481/3402/2653
f 1462/3400/2808 1481/3402/2653 1514/3403/2656
f 1462/3400/2808 1514/3403/2656 1496/3404/2659
f 1462/3400/2808 1496/3404/2659 1479/3398/2661
f 1417/3399/2807 1479/3398/2661 1459/3405/2809
f 1459/3405/2809 1479/3398/2661 1507/3406/2662
f 1417/3399/2807 1459/3405/2809 1466/3407/2810
f 1459/3405/2809 1507/3406/2662 1510/3408/2667
f 1459/3405/2809 1510/3408/2667 1466/3407/2810
f 1466/3407/2810 1510/3408/2667 1480/3409/2811
f 1377/3410/2812 1399/3411/2801 1381/3412/2813
f 1381/3412/2813 1399/3411/2801 1398/3413/2802
f 1381/3412/2813 1398/3413/2802 1409/3414/2804
f 1381/3412/2813 1409/3414/2804 1408/3415/2806
f 1377/3416/2812 1381/3417/2813 1384/3418/2814
f 1384/3418/2814 1381/3417/2813 1393/3419/2815
f 1393/3419/2815 1381/3417/2813 1408/3420/2806
f 1393/3419/2815 1408/3420/2806 1417/3421/2807
f 1393/3419/2815 1417/3421/2807 1422/3422/2816
f 1393/3419/2815 1422/3422/2816 1384/3418/2814
f 1422/3422/2816 1417/3421/2807 1466/3423/2810
f 1405/3424/2817 1384/3418/2814 1422/3422/2816
f 1422/3422/2816 1466/3423/2810 1432/3425/2818
f 1422/3422/2816 1432/3425/2818 1405/3424/2817
f 1432/3425/2818 1466/3423/2810 1480/3426/2811
f 1405/3424/2817 1432/3425/2818 1416/3427/2819
f 1432/3425/2818 1480/3426/2811 1450/3428/2820
f 1432/3425/2818 1450/3428/2820 1416/3427/2819
f 1450/3428/2820 1480/3426/2811 1499/3429/2821
f 1499/3429/2821 1480/3426/2811 1510/3430/2667
f 1416/3427/2819 1450/3428/2820 1429/3431/2822
f 1450/3428/2820 1499/3429/2821 1497/3432/2823
f 1450/3428/2820 1497/3432/2823 1429/3431/2822
f 1549/3433/2824 1497/3432/2823 1499/3429/2821
f 1549/3433/2824 1499/3429/2821 1597/3434/2692
f 1597/3434/2692 1499/3429/2821 1575/3435/2670
f 1549/3433/2824 1597/3434/2692 1593/3436/2694
f 1497/3432/2823 1549/3433/2824 1541/3437/2825
f 1541/3437/2825 1549/3433/2824 1593/3436/2694
f 1541/3437/2825 1593/3436/2694 1584/3438/2698
f 1575/3439/2670 1499/3440/2821 1558/3441/2666
f 1558/3441/2666 1499/3440/2821 1510/3442/2667
f 2830/3443/2826 2834/3444/2826 2836/3445/2826
f 2831/3443/2827 2837/3445/2827 2835/3444/2827
f 2834/3446/2828 2835/3447/2828 2837/3448/2828 2836/3449/2828
f 2830/3443/2826 2836/3445/2826 2838/3450/2826
f 2831/3443/2827 2839/3450/2827 2837/3445/2827
f 2836/3449/2829 2837/3448/2829 2839/3451/2829 2838/3452/2829
f 2830/3443/2826 2838/3450/2826 2840/3453/2826
f 2831/3443/2827 2841/3453/2827 2839/3450/2827
f 2838/3452/2830 2839/3451/2830 2841/3454/2830 2840/3455/2830
f 2830/3443/2826 2840/3453/2826 2842/3456/2826
f 2831/3443/2827 2843/3456/2827 2841/3453/2827
f 2840/3455/2831 2841/3454/2831 2843/3457/2831 2842/3458/2831
f 2830/3443/2826 2842/3456/2826 2844/3459/2826
f 2831/3443/2827 2845/3459/2827 2843/3456/2827
f 2842/3458/2832 2843/3457/2832 2845/3460/2832 2844/3461/2832
f 2830/3443/2826 2844/3459/2826 2846/3462/2826
f 2831/3443/2827 2847/3462/2827 2845/3459/2827
f 2844/3461/2833 2845/3460/2833 2847/3463/2833 2846/3464/2833
f 2830/3443/2826 2846/3462/2826 2848/3465/2826
f 2831/3443/2827 2849/3465/2827 2847/3462/2827
f 2846/3464/2834 2847/3463/2834 2849/3466/2834 2848/3467/2834
f 2830/3443/2826 2848/3465/2826 2832/3468/2826
f 2831/3443/2827 2833/3468/2827 2849/3465/2827
f 2848/3467/2835 2849/3466/2835 2833/3469/2835 2832/3470/2835
f 2832/3471/2836 2833/3472/2836 2830/3473/2836
f 2833/3472/2836 2831/3474/2836 2830/3473/2836
f 2834/3471/2837 2830/3473/2837 2835/3472/2837
f 2835/3472/2837 2830/3473/2837 2831/3474/2837
f 2850/3475/2836 2852/3476/2836 2853/3477/2836
f 2851/3478/2836 2850/3475/2836 2853/3477/2836
f 2854/3476/2837 2850/3475/2837 2855/3477/2837
f 2850/3475/2837 2851/3477/2837 2855/3478/2837
f 2850/3479/2826 2854/3480/2826 2856/3481/2826
f 2851/3479/2827 2857/3481/2827 2855/3480/2827
f 2854/3482/2828 2855/3483/2828 2857/3484/2828 2856/3485/2828
f 2850/3479/2826 2856/3481/2826 2858/3486/2826
f 2851/3479/2827 2859/3486/2827 2857/3481/2827
f 2856/3485/2829 2857/3484/2829 2859/3487/2829 2858/3488/2829
f 2850/3479/2826 2858/3486/2826 2860/3489/2826
f 2851/3479/2827 2861/3489/2827 2859/3486/2827
f 2858/3488/2830 2859/3487/2830 2861/3490/2830 2860/3491/2830
f 2850/3479/2826 2860/3489/2826 2862/3492/2826
f 2851/3479/2827 2863/3492/2827 2861/3489/2827
f 2860/3491/2831 2861/3490/2831 2863/3493/2831 2862/3494/2831
f 2850/3479/2826 2862/3492/2826 2864/3495/2826
f 2851/3479/2827 2865/3495/2827 2863/3492/2827
f 2862/3494/2832 2863/3493/2832 2865/3496/2832 2864/3497/2832
f 2850/3479/2826 2864/3495/2826 2866/3498/2826
f 2851/3479/2827 2867/3498/2827 2865/3495/2827
f 2864/3497/2833 2865/3496/2833 2867/3499/2833 2866/3500/2833
f 2850/3479/2826 2866/3498/2826 2868/3501/2826
f 2851/3479/2827 2869/3501/2827 2867/3498/2827
f 2866/3500/2834 2867/3499/2834 2869/3502/2834 2868/3503/2834
f 2850/3479/2826 2868/3501/2826 2852/3504/2826
f 2851/3479/2827 2853/3504/2827 2869/3501/2827
f 2868/3503/2835 2869/3502/2835 2853/3505/2835 2852/3506/2835
f 2870/3507/2838 2880/3508/2838 2881/3509/2838 2871/3510/2838
f 2871/3510/2839 2881/3509/2839 2882/3511/2839 2872/3512/2839
f 2872/3512/2827 2882/3511/2827 2883/3513/2827 2873/3514/2827
f 2873/3514/2840 2883/3513/2840 2884/3515/2840 2874/3516/2840
f 2874/3517/2841 2884/3518/2841 2885/3519/2841 2875/3520/2841
f 2875/3520/2842 2885/3519/2842 2886/3521/2842 2876/3522/2842
f 2876/3522/2843 2886/3521/2843 2887/3523/2843 2877/3524/2843
f 2877/3524/2826 2887/3523/2826 2888/3525/2826 2878/3526/2826
f 2878/3526/2844 2888/3525/2844 2889/3527/2844 2879/3528/2844
f 2879/3528/2845 2889/3527/2845 2880/3508/2845 2870/3507/2845
f 2880/3508/2846 2890/3529/2846 2891/3530/2846 2881/3509/2846
f 2881/3509/2847 2891/3530/2847 2892/3531/2847 2882/3511/2847
f 2882/3511/2827 2892/3531/2827 2893/3532/2827 2883/3513/2827
f 2883/3513/2848 2893/3532/2848 2894/3533/2848 2884/3515/2848
f 2884/3518/2849 2894/3534/2849 2895/3535/2849 2885/3519/2849
f 2885/3519/2850 2895/3535/2850 2896/3536/2850 2886/3521/2850
f 2886/3521/2851 2896/3536/2851 2897/3537/2851 2887/3523/2851
f 2887/3523/2826 2897/3537/2826 2898/3538/2826 2888/3525/2826
f 2888/3525/2852 2898/3538/2852 2899/3539/2852 2889/3527/2852
f 2889/3527/2853 2899/3539/2853 2890/3529/2853 2880/3508/2853
f 2890/3529/2854 2900/3540/2854 2901/3541/2854 2891/3530/2854
f 2891/3530/2855 2901/3541/2855 2902/3542/2855 2892/3531/2855
f 2892/3531/2827 2902/3542/2827 2903/3543/2827 2893/3532/2827
f 2893/3532/2856 2903/3543/2856 2904/3544/2856 2894/3533/2856
f 2894/3534/2857 2904/3545/2857 2905/3546/2857 2895/3535/2857
f 2895/3535/2858 2905/3546/2858 2906/3547/2858 2896/3536/2858
f 2896/3536/2859 2906/3547/2859 2907/3548/2859 2897/3537/2859
f 2897/3537/2826 2907/3548/2826 2908/3549/2826 2898/3538/2826
f 2898/3538/2860 2908/3549/2860 2909/3550/2860 2899/3539/2860
f 2899/3539/2861 2909/3550/2861 2900/3540/2861 2890/3529/2861
f 2900/3540/2862 2910/3551/2862 2911/3552/2862 2901/3541/2862
f 2901/3541/2863 2911/3552/2863 2912/3553/2863 2902/3542/2863
f 2902/3542/2827 2912/3553/2827 2913/3554/2827 2903/3543/2827
f 2903/3543/2864 2913/3554/2864 2914/3555/2864 2904/3544/2864
f 2904/3545/2865 2914/3556/2865 2915/3557/2865 2905/3546/2865
f 2905/3546/2866 2915/3557/2866 2916/3558/2866 2906/3547/2866
f 2906/3547/2867 2916/3558/2867 2917/3559/2867 2907/3548/2867
f 2907/3548/2826 2917/3559/2826 2918/3560/2826 2908/3549/2826
f 2908/3549/2868 2918/3560/2868 2919/3561/2868 2909/3550/2868
f 2909/3550/2869 2919/3561/2869 2910/3551/2869 2900/3540/2869
f 2910/3551/2870 2920/3562/2870 2921/3563/2870 2911/3552/2870
f 2911/3552/2871 2921/3563/2871 2922/3564/2871 2912/3553/2871
f 2912/3553/2827 2922/3564/2827 2923/3565/2827 2913/3554/2827
f 2913/3554/2872 2923/3565/2872 2924/3566/2872 2914/3555/2872
f 2914/3556/2873 2924/3567/2873 2925/3568/2873 2915/3557/2873
f 2915/3557/2874 2925/3568/2874 2926/3569/2874 2916/3558/2874
f 2916/3558/2875 2926/3569/2875 2927/3570/2875 2917/3559/2875
f 2917/3559/2826 2927/3570/2826 2928/3571/2826 2918/3560/2826
f 2918/3560/2876 2928/3571/2876 2929/3572/2876 2919/3561/2876
f 2919/3561/2877 2929/3572/2877 2920/3562/2877 2910/3551/2877
f 2920/3562/2878 2930/3573/2878 2931/3574/2878 2921/3563/2878
f 2921/3563/2879 2931/3574/2879 2932/3575/2879 2922/3564/2879
f 2922/3564/2827 2932/3575/2827 2933/3576/2827 2923/3565/2827
f 2923/3565/2880 2933/3576/2880 2934/3577/2880 2924/3566/2880
f 2924/3567/2881 2934/3578/2881 2935/3579/2881 2925/3568/2881
f 2925/3568/2882 2935/3579/2882 2936/3580/2882 2926/3569/2882
f 2926/3569/2883 2936/3580/2883 2937/3581/2883 2927/3570/2883
f 2927/3570/2826 2937/3581/2826 2938/3582/2826 2928/3571/2826
f 2928/3571/2884 2938/3582/2884 2939/3583/2884 2929/3572/2884
f 2929/3572/2885 2939/3583/2885 2930/3573/2885 2920/3562/2885
f 2930/3573/2886 2940/3584/2886 2941/3585/2886 2931/3574/2886
f 2931/3574/2887 2941/3585/2887 2942/3586/2887 2932/3575/2887
f 2932/3575/2827 2942/3586/2827 2943/3587/2827 2933/3576/2827
f 2933/3576/2888 2943/3587/2888 2944/3588/2888 2934/3577/2888
f 2934/3578/2889 2944/3589/2889 2945/3590/2889 2935/3579/2889
f 2935/3579/2890 2945/3590/2890 2946/3591/2890 2936/3580/2890
f 2936/3580/2891 2946/3591/2891 2947/3592/2891 2937/3581/2891
f 2937/3581/2826 2947/3592/2826 2948/3593/2826 2938/3582/2826
f 2938/3582/2892 2948/3593/2892 2949/3594/2892 2939/3583/2892
f 2939/3583/2893 2949/3594/2893 2940/3584/2893 2930/3573/2893
f 2940/3595/2894 2950/3596/2894 2951/3597/2894 2941/3598/2894
f 2941/3598/2895 2951/3597/2895 2952/3599/2895 2942/3600/2895
f 2942/3600/2827 2952/3599/2827 2953/3601/2827 2943/3602/2827
f 2943/3602/2896 2953/3601/2896 2954/3603/2896 2944/3604/2896
f 2944/3605/2897 2954/3606/2897 2955/3607/2897 2945/3608/2897
f 2945/3608/2898 2955/3607/2898 2956/3609/2898 2946/3610/2898
f 2946/3610/2899 2956/3609/2899 2957/3611/2899 2947/3612/2899
f 2947/3612/2826 2957/3611/2826 2958/3613/2826 2948/3614/2826
f 2948/3614/2900 2958/3613/2900 2959/3615/2900 2949/3616/2900
f 2949/3616/2901 2959/3615/2901 2950/3596/2901 2940/3595/2901
f 3277/3617/2902 3261/3618/2903 3266/3619/2904
f 3266/3619/2904 3261/3618/2903 3271/3620/2905
f 3277/3617/2902 3266/3619/2904 3276/3621/2906
f 3276/3621/2906 3266/3619/2904 3271/3620/2905
f 3284/3622/2907 3277/3617/2902 3276/3621/2906
f 3271/3620/2905 3284/3622/2907 3276/3621/2906
f 3340/3623/2908 3294/3624/2909 3319/3625/2910
f 3340/3623/2908 3319/3625/2910 3356/3626/2911
f 3340/3623/2908 3356/3626/2911 3355/3627/2912
f 3388/3628/2913 3379/3629/2914 3397/3630/2915
f 3397/3630/2915 3379/3629/2914 3394/3631/2916
f 3397/3630/2915 3394/3631/2916 3408/3632/2917
f 3388/3628/2913 3397/3630/2915 3393/3633/2918
f 3393/3633/2918 3397/3630/2915 3408/3632/2917
f 3393/3633/2918 3408/3632/2917 3417/3634/2919
f 3417/3634/2919 3408/3632/2917 3418/3635/2920
f 3207/3636/2921 3032/3637/2922 2999/3638/2923
f 3207/3636/2921 2999/3638/2923 3007/3639/2924
f 3207/3636/2921 3007/3639/2924 3193/3640/2925
f 3193/3640/2925 3007/3639/2924 2969/3641/2926
f 3207/3636/2921 3193/3640/2925 3208/3642/2927
f 3208/3642/2927 3193/3640/2925 2969/3641/2926
f 3207/3636/2921 3208/3642/2927 3194/3643/2928
f 3208/3642/2927 2969/3641/2926 3234/3644/2929
f 3234/3644/2929 2969/3641/2926 2991/3645/2930
f 3234/3644/2929 2991/3645/2930 3182/3646/2931
f 3234/3644/2929 3182/3646/2931 2968/3647/2932
f 3234/3644/2929 2968/3647/2932 2982/3648/2933
f 3208/3642/2927 3234/3644/2929 2973/3649/2934
f 3208/3642/2927 2973/3649/2934 3194/3643/2928
f 2973/3649/2934 3234/3644/2929 2982/3648/2933
f 2973/3649/2934 2982/3648/2933 3049/3650/2935
f 3049/3650/2935 2982/3648/2933 2968/3647/2932
f 3049/3650/2935 2968/3647/2932 3008/3651/2936
f 3008/3651/2936 2968/3647/2932 2980/3652/2937
f 3049/3650/2935 3008/3651/2936 3030/3653/2938
f 3030/3653/2938 3008/3651/2936 2980/3652/2937
f 3030/3653/2938 2980/3652/2937 3177/3654/2939
f 3052/3655/2940 3030/3653/2938 3007/3656/2924
f 3007/3656/2924 3030/3653/2938 2969/3657/2926
f 3030/3653/2938 3177/3654/2939 3013/3658/2941
f 3013/3658/2941 3177/3654/2939 3199/3659/2942
f 2969/3657/2926 3030/3653/2938 3034/3660/2943
f 3034/3660/2943 3030/3653/2938 3013/3658/2941
f 3013/3658/2941 3199/3659/2942 3026/3661/2944
f 3013/3658/2941 3026/3661/2944 3034/3660/2943
f 2969/3657/2926 3034/3660/2943 2991/3662/2930
f 2991/3662/2930 3034/3660/2943 3026/3661/2944
f 2991/3662/2930 3026/3661/2944 3182/3663/2931
f 3175/3664/2945 2965/3665/2946 3206/3666/2947
f 3038/3667/2948 3004/3668/2949 2965/3665/2946
f 2965/3665/2946 3004/3668/2949 3021/3669/2950
f 3038/3667/2948 2965/3665/2946 3018/3670/2951
f 3018/3670/2951 2965/3665/2946 3175/3664/2945
f 2965/3665/2946 3021/3669/2950 3174/3671/2952
f 3174/3671/2952 3021/3669/2950 3042/3672/2953
f 2965/3665/2946 3174/3671/2952 3235/3673/2954
f 3198/3674/2955 3206/3666/2947 2965/3665/2946
f 3198/3674/2955 2965/3665/2946 3235/3673/2954
f 3235/3673/2954 3174/3671/2952 3220/3675/2956
f 3235/3673/2954 3220/3675/2956 3198/3674/2955
f 3174/3671/2952 3042/3672/2953 2964/3676/2957
f 3174/3671/2952 2964/3676/2957 3220/3675/2956
f 2964/3676/2957 3042/3672/2953 3017/3677/2958
f 3220/3675/2956 2964/3676/2957 3203/3678/2959
f 2964/3676/2957 3017/3677/2958 2961/3679/2960
f 2964/3676/2957 2961/3679/2960 3203/3678/2959
f 2961/3679/2960 3017/3677/2958 2976/3680/2961
f 2976/3680/2961 3017/3677/2958 2998/3681/2962
f 2961/3679/2960 2976/3680/2961 3231/3682/2963
f 3231/3682/2963 2976/3680/2961 2998/3681/2962
f 2961/3679/2960 3231/3682/2963 3203/3678/2959
f 3231/3682/2963 2998/3681/2962 3197/3683/2964
f 3197/3683/2964 2998/3681/2962 3172/3684/2965
f 3172/3684/2965 2998/3681/2962 2983/3685/2966
f 3231/3682/2963 3197/3683/2964 3179/3686/2967
f 3203/3678/2959 3231/3682/2963 2987/3687/2968
f 2987/3687/2968 3231/3682/2963 3179/3686/2967
f 3203/3678/2959 2987/3687/2968 3004/3688/2949
f 2987/3687/2968 3179/3686/2967 3021/3689/2950
f 2987/3687/2968 3021/3689/2950 3004/3688/2949
f 3021/3689/2950 3179/3686/2967 2993/3690/2969
f 3021/3689/2950 2993/3690/2969 3042/3691/2953
f 3222/3692/2970 3179/3686/2967 3197/3683/2964
f 3179/3686/2967 3222/3692/2970 2993/3690/2969
f 3222/3692/2970 3197/3683/2964 3172/3684/2965
f 3042/3691/2953 2993/3690/2969 3017/3693/2958
f 2963/3694/2971 3203/3678/2959 3004/3688/2949
f 2963/3694/2971 3004/3688/2949 3038/3695/2948
f 3203/3678/2959 2963/3694/2971 3220/3675/2956
f 2963/3694/2971 3038/3695/2948 3018/3696/2951
f 3220/3675/2956 2963/3694/2971 3170/3697/2972
f 3170/3697/2972 2963/3694/2971 3018/3696/2951
f 3220/3675/2956 3170/3697/2972 3198/3674/2955
f 3170/3697/2972 3018/3696/2951 2995/3698/2973
f 3170/3697/2972 2995/3698/2973 3198/3674/2955
f 2995/3698/2973 3018/3696/2951 3029/3699/2974
f 2995/3698/2973 3029/3699/2974 3033/3700/2975
f 3198/3674/2955 2995/3698/2973 3221/3701/2976
f 2995/3698/2973 3033/3700/2975 2997/3702/2977
f 2995/3698/2973 2997/3702/2977 3221/3701/2976
f 3198/3674/2955 3221/3701/2976 3206/3666/2947
f 2997/3702/2977 3033/3700/2975 3003/3703/2978
f 2997/3702/2977 3003/3703/2978 3221/3701/2976
f 3206/3666/2947 3221/3701/2976 3202/3704/2979
f 3202/3704/2979 3221/3701/2976 3003/3703/2978
f 3206/3666/2947 3202/3704/2979 3175/3664/2945
f 3003/3703/2978 3033/3700/2975 3039/3705/2980
f 3003/3703/2978 3039/3705/2980 3022/3706/2981
f 3022/3706/2981 3039/3705/2980 2970/3707/2982
f 3003/3703/2978 3022/3706/2981 3189/3708/2983
f 3202/3704/2979 3003/3703/2978 3223/3709/2984
f 3202/3704/2979 3223/3709/2984 3175/3664/2945
f 3223/3709/2984 3003/3703/2978 3189/3708/2983
f 3175/3664/2945 3223/3709/2984 3178/3710/2985
f 3178/3710/2985 3223/3709/2984 3189/3708/2983
f 3175/3664/2945 3178/3710/2985 3018/3670/2951
f 3178/3710/2985 3189/3708/2983 3169/3711/2986
f 3018/3670/2951 3178/3710/2985 3029/3712/2974
f 3029/3712/2974 3178/3710/2985 3169/3711/2986
f 2970/3713/2982 2988/3714/2987 3233/3715/2988
f 2988/3714/2987 2970/3713/2982 3039/3716/2980
f 2988/3714/2987 3039/3716/2980 3033/3717/2975
f 2988/3714/2987 3033/3717/2975 3192/3718/2989
f 2988/3714/2987 3192/3718/2989 3233/3715/2988
f 3192/3718/2989 3033/3717/2975 3173/3719/2990
f 3173/3719/2990 3033/3717/2975 3029/3720/2974
f 3173/3719/2990 3029/3720/2974 3169/3721/2986
f 3173/3719/2990 3169/3721/2986 3225/3722/2991
f 3173/3719/2990 3225/3722/2991 3192/3718/2989
f 3225/3722/2991 3169/3721/2986 3189/3723/2983
f 3233/3715/2988 3192/3718/2989 2962/3724/2992
f 2962/3724/2992 3192/3718/2989 3225/3722/2991
f 3225/3722/2991 3189/3723/2983 3006/3725/2993
f 3225/3722/2991 3006/3725/2993 2962/3724/2992
f 3006/3725/2993 3189/3723/2983 3022/3726/2981
f 3006/3725/2993 3022/3726/2981 3011/3727/2994
f 3011/3727/2994 3022/3726/2981 2970/3728/2982
f 3011/3727/2994 2970/3728/2982 3205/3729/2995
f 3006/3725/2993 3011/3727/2994 3014/3730/2996
f 3006/3725/2993 3014/3730/2996 2962/3724/2992
f 3014/3730/2996 3011/3727/2994 3205/3729/2995
f 2962/3724/2992 3014/3730/2996 2975/3731/2997
f 2962/3724/2992 2975/3731/2997 3233/3715/2988
f 2975/3731/2997 3014/3730/2996 3041/3732/2998
f 3014/3730/2996 3205/3729/2995 2977/3733/2999
f 3014/3730/2996 2977/3733/2999 3041/3732/2998
f 2977/3733/2999 3205/3729/2995 3217/3734/3000
f 2977/3733/2999 3217/3734/3000 3185/3735/3001
f 3233/3715/2988 2975/3731/2997 3201/3736/3002
f 3233/3715/2988 3201/3736/3002 2970/3713/2982
f 2975/3731/2997 3041/3732/2998 3005/3737/3003
f 3005/3737/3003 3041/3732/2998 2977/3733/2999
f 2975/3731/2997 3005/3737/3003 3201/3736/3002
f 2970/3713/2982 3201/3736/3002 3205/3738/2995
f 2977/3733/2999 3185/3735/3001 3226/3739/3004
f 3226/3739/3004 3185/3735/3001 3187/3740/3005
f 3226/3739/3004 3187/3740/3005 3199/3741/2942
f 2977/3733/2999 3226/3739/3004 2978/3742/3006
f 2977/3733/2999 2978/3742/3006 3005/3737/3003
f 3226/3739/3004 3199/3741/2942 3171/3743/3007
f 3226/3739/3004 3171/3743/3007 2978/3742/3006
f 3005/3737/3003 2978/3742/3006 3027/3744/3008
f 3027/3744/3008 2978/3742/3006 3171/3743/3007
f 3210/3745/3009 3201/3736/3002 3005/3737/3003
f 3201/3736/3002 3210/3745/3009 3205/3738/2995
f 3210/3745/3009 3005/3737/3003 3010/3746/3010
f 3010/3746/3010 3005/3737/3003 3027/3744/3008
f 3210/3745/3009 3010/3746/3010 3176/3747/3011
f 3210/3745/3009 3176/3747/3011 3205/3738/2995
f 3176/3747/3011 3010/3746/3010 3027/3744/3008
f 3205/3738/2995 3176/3747/3011 3215/3748/3012
f 3205/3738/2995 3215/3748/3012 3217/3749/3000
f 3217/3749/3000 3215/3748/3012 3185/3750/3001
f 3215/3748/3012 3176/3747/3011 3036/3751/3013
f 3036/3751/3013 3176/3747/3011 3027/3744/3008
f 3215/3748/3012 3036/3751/3013 3185/3750/3001
f 3036/3751/3013 3027/3744/3008 2985/3752/3014
f 2985/3752/3014 3027/3744/3008 3171/3743/3007
f 3185/3750/3001 3036/3751/3013 3025/3753/3015
f 3185/3750/3001 3025/3753/3015 3187/3754/3005
f 3036/3751/3013 2985/3752/3014 2992/3755/3016
f 3036/3751/3013 2992/3755/3016 3025/3753/3015
f 3187/3754/3005 3025/3753/3015 3026/3756/2944
f 3187/3754/3005 3026/3756/2944 3199/3757/2942
f 3026/3756/2944 3025/3753/3015 2992/3755/3016
f 3026/3756/2944 2992/3755/3016 3182/3758/2931
f 3204/3759/3017 2985/3752/3014 3171/3743/3007
f 2985/3752/3014 3204/3759/3017 2992/3755/3016
f 3204/3759/3017 3171/3743/3007 3199/3741/2942
f 3204/3759/3017 3199/3741/2942 3177/3760/2939
f 2992/3755/3016 3204/3759/3017 3232/3761/3018
f 2992/3755/3016 3232/3761/3018 3182/3758/2931
f 3232/3761/3018 3204/3759/3017 3177/3760/2939
f 3182/3758/2931 3232/3761/3018 2968/3762/2932
f 3232/3761/3018 3177/3760/2939 2980/3763/2937
f 3232/3761/3018 2980/3763/2937 2968/3762/2932
f 2983/3764/2966 2996/3765/3019 3180/3766/3020
f 2983/3764/2966 3180/3766/3020 3172/3767/2965
f 2996/3765/3019 2983/3764/2966 3028/3768/3021
f 3028/3768/3021 2983/3764/2966 2966/3769/3022
f 2996/3765/3019 3028/3768/3021 3044/3770/3023
f 3044/3770/3023 3028/3768/3021 2994/3771/3024
f 3180/3766/3020 2996/3765/3019 2979/3772/3025
f 2979/3772/3025 2996/3765/3019 3044/3770/3023
f 2979/3772/3025 3044/3770/3023 2994/3771/3024
f 3180/3766/3020 2979/3772/3025 3183/3773/3026
f 2979/3772/3025 2994/3771/3024 2967/3774/3027
f 2979/3772/3025 2967/3774/3027 3183/3773/3026
f 3183/3773/3026 2967/3774/3027 2994/3771/3024
f 3130/3775/3028 3122/3776/3029 3056/3777/3030
f 3067/3778/3031 3130/3775/3028 3056/3777/3030
f 3067/3778/3031 3056/3777/3030 3250/3779/3032
f 3115/3780/3033 3071/3781/3034 3107/3782/3035
f 3115/3780/3033 3107/3782/3035 3124/3783/3036
f 3071/3781/3034 3043/3784/3037 3065/3785/3038
f 3071/3781/3034 3065/3785/3038 3107/3782/3035
f 3065/3785/3038 3043/3784/3037 3062/3786/3039
f 3062/3786/3039 3043/3784/3037 3064/3787/3040
f 3107/3782/3035 3065/3785/3038 3097/3788/3041
f 3107/3782/3035 3097/3788/3041 3124/3783/3036
f 3097/3788/3041 3065/3785/3038 3062/3786/3039
f 3124/3783/3036 3097/3788/3041 3064/3787/3040
f 3064/3787/3040 3097/3788/3041 3062/3786/3039
f 3237/3789/3042 3180/3790/3020 3183/3791/3026
f 3180/3790/3020 3237/3789/3042 3172/3684/2965
f 3237/3789/3042 3183/3791/3026 3212/3792/3043
f 3237/3789/3042 3212/3792/3043 3172/3684/2965
f 3212/3792/3043 3183/3791/3026 2994/3793/3024
f 3212/3792/3043 2994/3793/3024 3028/3794/3021
f 3212/3792/3043 3028/3794/3021 2966/3795/3022
f 3212/3792/3043 2966/3795/3022 3172/3684/2965
f 3172/3684/2965 2966/3795/3022 3188/3796/3044
f 3172/3684/2965 3188/3796/3044 3222/3692/2970
f 3222/3692/2970 3188/3796/3044 2993/3690/2969
f 2993/3690/2969 3188/3796/3044 3009/3797/3045
f 3009/3797/3045 3188/3796/3044 2966/3795/3022
f 2993/3690/2969 3009/3797/3045 3017/3693/2958
f 3017/3693/2958 3009/3797/3045 2998/3798/2962
f 2998/3798/2962 3009/3797/3045 2966/3795/3022
f 2998/3798/2962 2966/3795/3022 2983/3799/2966
f 3289/3800/3046 3303/3801/3047 3295/3802/3048
f 3289/3800/3046 3295/3802/3048 3264/3803/3049
f 3264/3803/3049 3295/3802/3048 3303/3801/3047
f 3289/3800/3046 3264/3803/3049 3253/3804/3050
f 3289/3800/3046 3253/3804/3050 3268/3805/3051
f 3253/3804/3050 3264/3803/3049 3252/3806/3052
f 3253/3804/3050 3252/3806/3052 3190/3807/3053
f 3252/3806/3052 3264/3803/3049 3310/3808/3054
f 3310/3808/3054 3264/3803/3049 3303/3801/3047
f 3291/3809/3055 3303/3801/3047 3289/3800/3046
f 3252/3806/3052 3310/3808/3054 3263/3810/3056
f 3303/3801/3047 3291/3809/3055 3309/3811/3057
f 3309/3811/3057 3291/3809/3055 3288/3812/3058
f 3310/3808/3054 3303/3801/3047 3317/3813/3059
f 3317/3813/3059 3303/3801/3047 3309/3811/3057
f 3263/3810/3056 3310/3808/3054 3299/3814/3060
f 3263/3810/3056 3299/3814/3060 3270/3815/3061
f 3310/3808/3054 3317/3813/3059 3315/3816/3062
f 3310/3808/3054 3315/3816/3062 3299/3814/3060
f 3270/3815/3061 3299/3814/3060 3297/3817/3063
f 3297/3817/3063 3299/3814/3060 3315/3816/3062
f 3270/3815/3061 3297/3817/3063 3273/3818/3064
f 3315/3816/3062 3317/3813/3059 3314/3819/3065
f 3314/3819/3065 3317/3813/3059 3309/3811/3057
f 3315/3816/3062 3314/3819/3065 3308/3820/3066
f 3315/3816/3062 3308/3820/3066 3297/3817/3063
f 3308/3820/3066 3314/3819/3065 3298/3821/3067
f 3308/3820/3066 3298/3821/3067 3297/3817/3063
f 3273/3818/3064 3297/3817/3063 3286/3822/3068
f 3298/3821/3067 3314/3819/3065 3302/3823/3069
f 3302/3823/3069 3314/3819/3065 3309/3811/3057
f 3297/3817/3063 3298/3821/3067 3296/3824/3068
f 3297/3817/3063 3296/3824/3068 3286/3822/3068
f 3273/3818/3064 3286/3822/3068 3274/3825/3070
f 3274/3825/3070 3286/3822/3068 3296/3824/3068
f 3273/3818/3064 3274/3825/3070 3260/3826/3071
f 3260/3826/3071 3274/3825/3070 3269/3827/3072
f 3260/3826/3071 3269/3827/3072 3254/3828/3073
f 3269/3827/3072 3274/3825/3070 3275/3829/3051
f 3283/3830/3074 3296/3824/3068 3298/3821/3067
f 3296/3824/3068 3283/3830/3074 3274/3825/3070
f 3274/3825/3070 3283/3830/3074 3275/3829/3051
f 3283/3830/3074 3298/3821/3067 3302/3823/3069
f 3275/3829/3051 3283/3830/3074 3292/3831/3075
f 3292/3831/3075 3283/3830/3074 3302/3823/3069
f 3292/3831/3075 3302/3823/3069 3309/3811/3057
f 3275/3829/3051 3292/3831/3075 3288/3812/3058
f 3288/3812/3058 3292/3831/3075 3309/3811/3057
f 3419/3832/3076 3417/3833/2919 3418/3834/2920
f 3419/3832/3076 3418/3834/2920 3423/3835/3077
f 3419/3832/3076 3423/3835/3077 3424/3836/3078
f 3288/3837/3058 3291/3838/3055 3289/3839/3046
f 3288/3837/3058 3289/3839/3046 3268/3840/3051
f 3288/3837/3058 3268/3840/3051 3275/3841/3051
f 3275/3841/3051 3268/3840/3051 3255/3842/3070
f 3275/3841/3051 3255/3842/3070 3269/3843/3072
f 3255/3842/3070 3268/3840/3051 3253/3844/3050
f 3269/3843/3072 3255/3842/3070 3254/3845/3073
f 3254/3845/3073 3255/3842/3070 3253/3844/3050
f 3110/3846/3079 3141/3847/3080 3129/3848/3081
f 3084/3849/3082 3110/3846/3079 3088/3850/3083
f 3129/3848/3081 3141/3847/3080 3131/3851/3084
f 3110/3846/3079 3129/3848/3081 3112/3852/3085
f 3112/3852/3085 3129/3848/3081 3131/3851/3084
f 3110/3846/3079 3112/3852/3085 3109/3853/3086
f 3110/3846/3079 3109/3853/3086 3088/3850/3083
f 3088/3850/3083 3109/3853/3086 3112/3852/3085
f 3131/3851/3084 3141/3847/3080 3144/3854/3087
f 3144/3854/3087 3141/3847/3080 3150/3855/3088
f 3112/3852/3085 3131/3851/3084 3128/3856/3089
f 3128/3856/3089 3131/3851/3084 3144/3854/3087
f 3088/3850/3083 3112/3852/3085 3106/3857/3090
f 3106/3857/3090 3112/3852/3085 3128/3856/3089
f 3144/3854/3087 3150/3855/3088 3146/3858/3091
f 3144/3854/3087 3146/3858/3091 3128/3856/3089
f 3128/3856/3089 3146/3858/3091 3140/3859/3092
f 3106/3857/3090 3128/3856/3089 3118/3860/3093
f 3118/3860/3093 3128/3856/3089 3140/3859/3092
f 3088/3850/3083 3106/3857/3090 3090/3861/3094
f 3106/3857/3090 3118/3860/3093 3104/3862/3095
f 3106/3857/3090 3104/3862/3095 3090/3861/3094
f 3088/3850/3083 3090/3861/3094 3081/3863/3096
f 3088/3850/3083 3081/3863/3096 3084/3849/3082
f 3084/3849/3082 3081/3863/3096 3073/3864/3097
f 3084/3849/3082 3073/3864/3097 3070/3865/3098
f 3073/3864/3097 3081/3863/3096 3079/3866/3099
f 3073/3864/3097 3079/3866/3099 3070/3865/3098
f 3079/3866/3099 3081/3863/3096 3090/3861/3094
f 3070/3865/3098 3079/3866/3099 3089/3867/3100
f 3098/3868/3101 3090/3861/3094 3104/3862/3095
f 3090/3861/3094 3098/3868/3101 3079/3866/3099
f 3098/3868/3101 3104/3862/3095 3118/3860/3093
f 3079/3866/3099 3098/3868/3101 3089/3867/3100
f 3098/3868/3101 3118/3860/3093 3117/3869/3102
f 3098/3868/3101 3117/3869/3102 3089/3867/3100
f 3117/3869/3102 3118/3860/3093 3143/3870/3103
f 3089/3867/3100 3117/3869/3102 3139/3871/3104
f 3139/3871/3104 3117/3869/3102 3143/3870/3103
f 3089/3867/3100 3139/3871/3104 3093/3872/3105
f 3143/3870/3103 3118/3860/3093 3140/3859/3092
f 3093/3872/3105 3139/3871/3104 3138/3873/3106
f 3093/3872/3105 3138/3873/3106 3102/3874/3107
f 3102/3874/3107 3138/3873/3106 3133/3875/3108
f 3102/3874/3107 3133/3875/3108 3132/3876/3109
f 3138/3873/3106 3139/3871/3104 3157/3877/3110
f 3138/3873/3106 3157/3877/3110 3133/3875/3108
f 3132/3876/3109 3133/3875/3108 3152/3878/3111
f 3152/3878/3111 3133/3875/3108 3157/3877/3110
f 3132/3876/3109 3152/3878/3111 3161/3879/3112
f 3161/3879/3112 3152/3878/3111 3157/3877/3110
f 3132/3876/3109 3161/3879/3112 3153/3880/3113
f 3157/3877/3110 3139/3871/3104 3158/3881/3114
f 3157/3877/3110 3158/3881/3114 3161/3879/3112
f 3158/3881/3114 3139/3871/3104 3143/3870/3103
f 3153/3880/3113 3161/3879/3112 3166/3882/3115
f 3166/3882/3115 3161/3879/3112 3158/3881/3114
f 3158/3881/3114 3143/3870/3103 3147/3883/3116
f 3158/3881/3114 3147/3883/3116 3166/3882/3115
f 3147/3883/3116 3143/3870/3103 3140/3859/3092
f 3153/3880/3113 3166/3882/3115 3163/3884/3117
f 3163/3884/3117 3166/3882/3115 3147/3883/3116
f 3153/3880/3113 3163/3884/3117 3165/3885/3118
f 3163/3884/3117 3147/3883/3116 3164/3886/3119
f 3164/3886/3119 3147/3883/3116 3140/3859/3092
f 3163/3884/3117 3164/3886/3119 3165/3885/3118
f 3164/3886/3119 3140/3859/3092 3155/3887/3120
f 3155/3887/3120 3140/3859/3092 3146/3858/3091
f 3165/3885/3118 3164/3886/3119 3162/3888/3121
f 3162/3888/3121 3164/3886/3119 3155/3887/3120
f 3165/3885/3118 3162/3888/3121 3156/3889/3122
f 3162/3888/3121 3155/3887/3120 3159/3890/3123
f 3159/3890/3123 3155/3887/3120 3146/3858/3091
f 3162/3888/3121 3159/3890/3123 3156/3889/3122
f 3159/3890/3123 3146/3858/3091 3150/3855/3088
f 3159/3890/3123 3150/3855/3088 3156/3889/3122
f 3048/3891/3124 3092/3892/3125 3012/3893/3126
f 3092/3892/3125 3048/3891/3124 3069/3894/3127
f 3069/3894/3127 3048/3891/3124 3209/3895/3128
f 3012/3893/3126 3092/3892/3125 3074/3896/3129
f 3012/3893/3126 3074/3896/3129 3063/3897/3130
f 3012/3893/3126 3063/3897/3130 2986/3898/3131
f 3063/3897/3130 3074/3896/3129 3075/3899/3132
f 2986/3898/3131 3063/3897/3130 3031/3900/3133
f 3063/3897/3130 3075/3899/3132 3045/3901/3134
f 3063/3897/3130 3045/3901/3134 3031/3900/3133
f 3230/3902/3135 3253/3903/3050 3190/3904/3053
f 3253/3903/3050 3230/3902/3135 3254/3905/3073
f 3254/3905/3073 3230/3902/3135 3247/3906/3136
f 3254/3905/3073 3247/3906/3136 3260/3907/3071
f 3260/3907/3071 3247/3906/3136 3273/3908/3064
f 3273/3908/3064 3247/3906/3136 3270/3909/3061
f 3247/3906/3136 3230/3902/3135 3224/3910/3137
f 3247/3906/3136 3224/3910/3137 3211/3911/3137
f 3224/3910/3137 3230/3902/3135 3191/3912/3138
f 3191/3912/3138 3230/3902/3135 3012/3913/3126
f 3211/3911/3137 3224/3910/3137 3002/3914/3137
f 3002/3914/3137 3224/3910/3137 3191/3912/3138
f 3191/3912/3138 3012/3913/3126 2986/3915/3131
f 3191/3912/3138 2986/3915/3131 3002/3914/3137
f 3002/3914/3137 2986/3915/3131 3031/3916/3133
f 3247/3906/3136 3211/3911/3137 3200/3917/3139
f 3200/3917/3139 3211/3911/3137 3037/3918/3140
f 3247/3906/3136 3200/3917/3139 3216/3919/3141
f 3216/3919/3141 3200/3917/3139 2990/3920/3142
f 3216/3919/3141 2990/3920/3142 3209/3921/3128
f 3190/3922/3053 3048/3923/3124 3012/3924/3126
f 3190/3922/3053 3012/3924/3126 3230/3925/3135
f 3048/3923/3124 3190/3922/3053 2984/3926/3143
f 3048/3923/3124 2984/3926/3143 3209/3927/3128
f 3075/3928/3132 3074/3929/3129 3091/3930/3144
f 3091/3930/3144 3074/3929/3129 3092/3931/3125
f 3091/3930/3144 3092/3931/3125 3111/3932/3145
f 3111/3932/3145 3092/3931/3125 3069/3933/3127
f 3083/3934/3146 3084/3935/3082 3070/3936/3098
f 3083/3934/3146 3070/3936/3098 3072/3937/3147
f 3072/3937/3147 3070/3936/3098 3089/3938/3100
f 3072/3937/3147 3089/3938/3100 3093/3939/3105
f 3072/3937/3147 3093/3939/3105 3083/3934/3146
f 3083/3934/3146 3093/3939/3105 3102/3940/3107
f 3078/3941/3148 3075/3942/3132 3091/3943/3144
f 3078/3941/3148 3091/3943/3144 3100/3944/3149
f 3100/3944/3149 3091/3943/3144 3111/3945/3145
f 3100/3944/3149 3111/3945/3145 3069/3946/3127
f 3100/3944/3149 3069/3946/3127 3078/3941/3148
f 3078/3941/3148 3069/3946/3127 3046/3947/3150
f 3075/3942/3132 3078/3941/3148 3059/3948/3151
f 3059/3948/3151 3078/3941/3148 3046/3947/3150
f 3075/3942/3132 3059/3948/3151 3045/3949/3134
f 3059/3948/3151 3046/3947/3150 3037/3950/3140
f 3059/3948/3151 3037/3950/3140 3045/3949/3134
f 3045/3949/3134 3037/3950/3140 3002/3951/3137
f 3002/3951/3137 3037/3950/3140 3211/3952/3137
f 3045/3949/3134 3002/3951/3137 3031/3953/3133
f 3270/3954/3061 3247/3955/3136 3263/3956/3056
f 3285/3957/3152 3301/3958/3153 3287/3959/3154
f 3287/3959/3154 3301/3958/3153 3293/3960/3155
f 3281/3961/3156 3256/3962/3157 3238/3963/3158
f 3238/3963/3158 3256/3962/3157 3214/3964/3159
f 3281/3961/3156 3238/3963/3158 3279/3965/3160
f 3290/3966/3161 3279/3967/3160 3294/3968/2909
f 3279/3967/3160 3290/3966/3161 3281/3969/3156
f 3294/3968/2909 3279/3967/3160 3307/3970/3162
f 3294/3968/2909 3307/3970/3162 3319/3971/2910
f 3319/3971/2910 3307/3970/3162 3313/3972/3163
f 3307/3970/3162 3279/3967/3160 3272/3973/3164
f 3272/3973/3164 3279/3967/3160 3280/3974/3165
f 3313/3972/3163 3307/3970/3162 3300/3975/3166
f 3293/3976/3155 3280/3974/3165 3287/3977/3154
f 3280/3974/3165 3293/3976/3155 3278/3978/3167
f 3280/3974/3165 3278/3978/3167 3272/3973/3164
f 3313/3972/3163 3300/3975/3166 3304/3979/3168
f 3313/3972/3163 3304/3979/3168 3305/3980/3169
f 3300/3975/3166 3307/3970/3162 3282/3981/3170
f 3282/3981/3170 3307/3970/3162 3272/3973/3164
f 3300/3975/3166 3282/3981/3170 3304/3979/3168
f 3282/3981/3170 3272/3973/3164 3278/3978/3167
f 3304/3979/3168 3282/3981/3170 3305/3980/3169
f 3305/3980/3169 3282/3981/3170 3278/3978/3167
f 3311/3982/3171 3318/3983/3172 3312/3984/3173
f 3311/3982/3171 3312/3984/3173 3301/3985/3153
f 3301/3985/3153 3312/3984/3173 3306/3986/3174
f 3301/3985/3153 3306/3986/3174 3293/3987/3155
f 3293/3987/3155 3306/3986/3174 3278/3988/3167
f 3278/3988/3167 3306/3986/3174 3305/3989/3169
f 3305/3989/3169 3306/3986/3174 3312/3984/3173
f 3305/3989/3169 3312/3984/3173 3313/3990/3163
f 3311/3991/3171 3327/3992/3175 3318/3993/3172
f 3318/3993/3172 3327/3992/3175 3355/3994/2912
f 3318/3993/3172 3355/3994/2912 3350/3995/3176
f 3350/3995/3176 3355/3994/2912 3356/3996/2911
f 3318/3993/3172 3350/3995/3176 3316/3997/3177
f 3316/3997/3177 3350/3995/3176 3334/3998/3178
f 3316/3997/3177 3334/3998/3178 3325/3999/3179
f 3350/3995/3176 3356/3996/2911 3347/4000/3180
f 3350/3995/3176 3347/4000/3180 3334/3998/3178
f 3347/4000/3180 3356/3996/2911 3319/4001/2910
f 3334/3998/3178 3347/4000/3180 3330/4002/3181
f 3330/4002/3181 3347/4000/3180 3319/4001/2910
f 2990/4003/3142 3069/4004/3127 3209/4005/3128
f 3069/4004/3127 2990/4003/3142 3046/4006/3150
f 3046/4006/3150 2990/4003/3142 3200/4007/3139
f 3046/4006/3150 3200/4007/3139 3037/4008/3140
f 3349/4009/3182 3335/4010/3183 3345/4011/3184
f 3345/4011/3184 3335/4010/3183 3341/4012/3185
f 3345/4011/3184 3341/4012/3185 3361/4013/3186
f 3361/4013/3186 3341/4012/3185 3351/4014/3187
f 3361/4013/3186 3351/4014/3187 3371/4015/3188
f 3371/4015/3188 3351/4014/3187 3354/4016/3189
f 3371/4015/3188 3354/4016/3189 3344/4017/3190
f 3351/4014/3187 3341/4012/3185 3332/4018/3191
f 3351/4014/3187 3332/4018/3191 3354/4016/3189
f 3322/4019/3192 3341/4012/3185 3335/4010/3183
f 3341/4012/3185 3322/4019/3192 3332/4018/3191
f 3354/4016/3189 3332/4018/3191 3333/4020/3193
f 3333/4020/3193 3332/4018/3191 3322/4019/3192
f 3344/4017/3190 3354/4016/3189 3338/4021/3194
f 3338/4021/3194 3354/4016/3189 3333/4020/3193
f 3344/4017/3190 3338/4021/3194 3352/4022/3195
f 3344/4017/3190 3352/4022/3195 3348/4023/3196
f 3352/4022/3195 3338/4021/3194 3353/4024/3197
f 3352/4022/3195 3353/4024/3197 3348/4023/3196
f 3338/4021/3194 3333/4020/3193 3326/4025/3198
f 3333/4020/3193 3322/4019/3192 3324/4026/3199
f 3326/4025/3198 3333/4020/3193 3331/4027/3200
f 3331/4027/3200 3333/4020/3193 3324/4026/3199
f 3346/4028/3201 3338/4021/3194 3326/4025/3198
f 3338/4021/3194 3346/4028/3201 3353/4024/3197
f 3265/4029/3202 3246/4030/3203 3249/4031/3204
f 3265/4029/3202 3249/4031/3204 3262/4032/3205
f 3326/4025/3198 3329/4033/3206 3346/4028/3201
f 3329/4033/3206 3336/4034/3207 3346/4028/3201
f 3346/4028/3201 3336/4034/3207 3362/4035/3208
f 3346/4028/3201 3362/4035/3208 3358/4036/3209
f 3346/4028/3201 3358/4036/3209 3353/4024/3197
f 3267/4037/3210 3262/4032/3205 3258/4038/3211
f 3267/4037/3210 3258/4038/3211 3257/4039/3212
f 3372/4040/3213 3358/4036/3209 3370/4041/3214
f 3358/4036/3209 3372/4040/3213 3353/4024/3197
f 3372/4040/3213 3370/4041/3214 3384/4042/3215
f 3353/4024/3197 3372/4040/3213 3368/4043/3216
f 3353/4024/3197 3368/4043/3216 3348/4023/3196
f 3348/4023/3196 3368/4043/3216 3363/4044/3217
f 3363/4044/3217 3368/4043/3216 3376/4045/3218
f 3372/4040/3213 3384/4042/3215 3380/4046/3219
f 3372/4040/3213 3380/4046/3219 3368/4043/3216
f 3380/4046/3219 3384/4042/3215 3396/4047/3220
f 3376/4045/3218 3368/4043/3216 3386/4048/3221
f 3376/4045/3218 3386/4048/3221 3395/4049/3222
f 3376/4045/3218 3395/4049/3222 3391/4050/3223
f 3391/4050/3223 3395/4049/3222 3412/4051/3224
f 3412/4051/3224 3395/4049/3222 3400/4052/3225
f 3400/4052/3225 3395/4049/3222 3386/4048/3221
f 3400/4052/3225 3386/4048/3221 3368/4043/3216
f 3405/4053/3226 3368/4043/3216 3380/4046/3219
f 3368/4043/3216 3405/4053/3226 3400/4052/3225
f 3405/4053/3226 3380/4046/3219 3407/4054/3227
f 3407/4054/3227 3380/4046/3219 3396/4047/3220
f 3400/4052/3225 3405/4053/3226 3410/4055/3228
f 3405/4053/3226 3407/4054/3227 3415/4056/3229
f 3410/4055/3228 3405/4053/3226 3422/4057/3230
f 3410/4055/3228 3422/4057/3230 3400/4052/3225
f 3422/4057/3230 3405/4053/3226 3415/4056/3229
f 3400/4052/3225 3422/4057/3230 3421/4058/3231
f 3400/4052/3225 3421/4058/3231 3423/4059/3077
f 3421/4058/3231 3424/4060/3078 3423/4059/3077
f 3365/4061/3232 3377/4062/3233 3385/4063/3234
f 3377/4062/3233 3365/4061/3232 3337/4064/3235
f 3337/4064/3235 3365/4061/3232 3339/4065/3236
f 3385/4063/3234 3377/4062/3233 3411/4066/3237
f 3339/4065/3236 3365/4061/3232 3360/4067/3238
f 3360/4067/3238 3365/4061/3232 3385/4063/3234
f 3339/4065/3236 3360/4067/3238 3344/4068/3190
f 3344/4068/3190 3360/4067/3238 3371/4069/3188
f 3420/4070/3239 3411/4066/3237 3416/4071/3240
f 3411/4066/3237 3420/4070/3239 3414/4072/3241
f 3411/4066/3237 3414/4072/3241 3385/4063/3234
f 3414/4072/3241 3420/4070/3239 3403/4073/3242
f 3414/4072/3241 3403/4073/3242 3404/4074/3243
f 3414/4072/3241 3404/4074/3243 3385/4063/3234
f 3404/4074/3243 3403/4073/3242 3391/4075/3223
f 3383/4076/3244 3360/4067/3238 3385/4063/3234
f 3383/4076/3244 3385/4063/3234 3404/4074/3243
f 3360/4067/3238 3383/4076/3244 3371/4069/3188
f 3404/4074/3243 3391/4075/3223 3390/4077/3245
f 3371/4069/3188 3383/4076/3244 3366/4078/3246
f 3371/4069/3188 3366/4078/3246 3361/4079/3186
f 3361/4079/3186 3366/4078/3246 3374/4080/3247
f 3374/4080/3247 3366/4078/3246 3383/4076/3244
f 3361/4079/3186 3374/4080/3247 3345/4081/3184
f 3345/4081/3184 3374/4080/3247 3349/4082/3182
f 3390/4077/3245 3391/4075/3223 3412/4083/3224
f 3389/4084/3248 3383/4076/3244 3404/4074/3243
f 3389/4084/3248 3404/4074/3243 3390/4077/3245
f 3349/4082/3182 3374/4080/3247 3373/4085/3249
f 3349/4082/3182 3373/4085/3249 3364/4086/3250
f 3364/4086/3250 3373/4085/3249 3379/4087/2914
f 3373/4085/3249 3374/4080/3247 3381/4088/3251
f 3373/4085/3249 3381/4088/3251 3379/4087/2914
f 3381/4088/3251 3374/4080/3247 3383/4076/3244
f 3379/4087/2914 3381/4088/3251 3394/4089/2916
f 3381/4088/3251 3383/4076/3244 3399/4090/3252
f 3399/4090/3252 3383/4076/3244 3389/4084/3248
f 3381/4088/3251 3399/4090/3252 3394/4089/2916
f 3399/4090/3252 3389/4084/3248 3402/4091/3253
f 3399/4090/3252 3402/4091/3253 3394/4089/2916
f 3402/4091/3253 3389/4084/3248 3390/4077/3245
f 3394/4089/2916 3402/4091/3253 3413/4092/3254
f 3413/4092/3254 3402/4091/3253 3390/4077/3245
f 3394/4089/2916 3413/4092/3254 3408/4093/2917
f 3413/4092/3254 3390/4077/3245 3412/4083/3224
f 3413/4092/3254 3412/4083/3224 3408/4093/2917
f 3408/4093/2917 3412/4083/3224 3418/4094/2920
f 3418/4094/2920 3412/4083/3224 3423/4095/3077
f 3423/4095/3077 3412/4083/3224 3400/4096/3225
f 3375/4097/3255 3377/4098/3233 3337/4099/3235
f 3377/4098/3233 3375/4097/3255 3411/4100/3237
f 3375/4097/3255 3337/4099/3235 3343/4101/3256
f 3343/4101/3256 3337/4099/3235 3339/4102/3236
f 3343/4101/3256 3339/4102/3236 3344/4103/3190
f 3343/4101/3256 3344/4103/3190 3334/4104/3178
f 3401/4105/3257 3416/4106/3240 3411/4100/3237
f 3401/4105/3257 3411/4100/3237 3392/4107/3258
f 3392/4107/3258 3411/4100/3237 3375/4097/3255
f 3401/4105/3257 3392/4107/3258 3378/4108/3259
f 3392/4107/3258 3375/4097/3255 3369/4109/3260
f 3392/4107/3258 3369/4109/3260 3378/4108/3259
f 3369/4109/3260 3375/4097/3255 3343/4101/3256
f 3378/4108/3259 3369/4109/3260 3357/4110/3261
f 3357/4110/3261 3369/4109/3260 3342/4111/3262
f 3342/4111/3262 3369/4109/3260 3343/4101/3256
f 3342/4111/3262 3343/4101/3256 3328/4112/3263
f 3328/4112/3263 3343/4101/3256 3334/4104/3178
f 3342/4111/3262 3328/4112/3263 3320/4113/3264
f 3328/4112/3263 3334/4104/3178 3330/4114/3181
f 3320/4113/3264 3328/4112/3263 3325/4115/3179
f 3325/4115/3179 3328/4112/3263 3330/4114/3181
f 3313/4116/3163 3321/4117/3265 3319/4118/2910
f 3319/4118/2910 3321/4117/3265 3330/4119/3181
f 3330/4119/3181 3321/4117/3265 3325/4120/3179
f 3321/4117/3265 3313/4116/3163 3312/4121/3173
f 3325/4120/3179 3321/4117/3265 3316/4122/3177
f 3316/4122/3177 3321/4117/3265 3312/4121/3173
f 3316/4122/3177 3312/4121/3173 3318/4123/3172
f 3323/4124/3266 3325/4125/3179 3334/4126/3178
f 3325/4125/3179 3323/4124/3266 3320/4127/3264
f 3323/4124/3266 3334/4126/3178 3348/4128/3196
f 3348/4128/3196 3334/4126/3178 3344/4129/3190
f 3320/4127/3264 3323/4124/3266 3359/4130/3267
f 3320/4127/3264 3359/4130/3267 3342/4131/3262
f 3323/4124/3266 3348/4128/3196 3367/4132/3268
f 3323/4124/3266 3367/4132/3268 3359/4130/3267
f 3367/4132/3268 3348/4128/3196 3363/4133/3217
f 3367/4132/3268 3363/4133/3217 3376/4134/3218
f 3342/4131/3262 3359/4130/3267 3357/4135/3261
f 3367/4132/3268 3376/4134/3218 3387/4136/3269
f 3387/4136/3269 3376/4134/3218 3391/4137/3223
f 3387/4136/3269 3391/4137/3223 3403/4138/3242
f 3367/4132/3268 3387/4136/3269 3409/4139/3270
f 3409/4139/3270 3387/4136/3269 3403/4138/3242
f 3367/4132/3268 3409/4139/3270 3359/4130/3267
f 3409/4139/3270 3403/4138/3242 3420/4140/3239
f 3409/4139/3270 3420/4140/3239 3416/4141/3240
f 3359/4130/3267 3409/4139/3270 3406/4142/3271
f 3406/4142/3271 3409/4139/3270 3416/4141/3240
f 3406/4142/3271 3416/4141/3240 3398/4143/3272
f 3406/4142/3271 3398/4143/3272 3359/4130/3267
f 3398/4143/3272 3416/4141/3240 3401/4144/3257
f 3359/4130/3267 3398/4143/3272 3382/4145/3273
f 3382/4145/3273 3398/4143/3272 3401/4144/3257
f 3359/4130/3267 3382/4145/3273 3357/4135/3261
f 3382/4145/3273 3401/4144/3257 3378/4146/3259
f 3382/4145/3273 3378/4146/3259 3357/4135/3261
f 3050/4147/3274 3057/4148/3275 3236/4149/3276
f 3236/4149/3276 3057/4148/3275 3001/4150/3277
f 3050/4147/3274 3236/4149/3276 3243/4151/3278
f 3050/4147/3274 3243/4151/3278 3019/4152/3279
f 3236/4149/3276 3001/4150/3277 3181/4153/3280
f 3019/4152/3279 3243/4151/3278 3195/4154/3281
f 3019/4152/3279 3195/4154/3281 3023/4155/3282
f 3023/4155/3282 3195/4154/3281 2981/4156/3283
f 2981/4156/3283 3195/4154/3281 3020/4157/3284
f 3020/4157/3284 3195/4154/3281 3219/4158/3285
f 3245/4159/3286 3243/4151/3278 3236/4149/3276
f 3245/4159/3286 3236/4149/3276 3181/4153/3280
f 3195/4154/3281 3243/4151/3278 3251/4160/3287
f 3195/4154/3281 3251/4160/3287 3219/4158/3285
f 3251/4160/3287 3243/4151/3278 3245/4159/3286
f 3219/4158/3285 3251/4160/3287 3213/4161/3288
f 3213/4161/3288 3251/4160/3287 3245/4159/3286
f 3213/4161/3288 3245/4159/3286 3181/4153/3280
f 3219/4158/3285 3213/4161/3288 3218/4162/3289
f 3218/4162/3289 3213/4161/3288 3000/4163/3290
f 3000/4163/3290 3213/4161/3288 3035/4164/3291
f 3000/4163/3290 3035/4164/3291 3105/4165/3292
f 3035/4164/3291 3213/4161/3288 3024/4166/3293
f 3035/4164/3291 3024/4166/3293 3105/4165/3292
f 3024/4166/3293 3213/4161/3288 3181/4153/3280
f 3105/4165/3292 3024/4166/3293 3058/4167/3294
f 3058/4167/3294 3024/4166/3293 3181/4153/3280
f 3058/4167/3294 3181/4153/3280 3040/4168/3295
f 3040/4168/3295 3181/4153/3280 3001/4150/3277
f 3058/4167/3294 3040/4168/3295 3096/4169/3296
f 3096/4169/3296 3040/4168/3295 3001/4150/3277
f 3120/4170/3297 3136/4171/3298 3154/4172/3299
f 3136/4171/3298 3120/4170/3297 3122/4173/3029
f 3120/4170/3297 3154/4172/3299 3137/4174/3300
f 3154/4172/3299 3142/4175/3301 3134/4176/3302
f 3154/4172/3299 3134/4176/3302 3137/4174/3300
f 3142/4175/3301 3148/4177/3303 3151/4178/3304
f 3142/4175/3301 3151/4178/3304 3134/4176/3302
f 3151/4178/3304 3148/4177/3303 3145/4179/3305
f 3145/4179/3305 3127/4180/3306 3126/4181/3307
f 3145/4179/3305 3126/4181/3307 3151/4178/3304
f 3151/4178/3304 3126/4181/3307 3121/4182/3308
f 3151/4178/3304 3121/4182/3308 3134/4176/3302
f 3121/4182/3308 3126/4181/3307 3119/4183/3309
f 3121/4182/3308 3119/4183/3309 3076/4184/3310
f 3121/4182/3308 3076/4184/3310 3114/4185/3311
f 3134/4176/3302 3121/4182/3308 3094/4186/3312
f 3094/4186/3312 3121/4182/3308 3114/4185/3311
f 3134/4176/3302 3094/4186/3312 3137/4174/3300
f 3137/4174/3300 3094/4186/3312 3120/4170/3297
f 3114/4185/3311 3076/4184/3310 3047/4187/3313
f 3114/4185/3311 3047/4187/3313 3094/4186/3312
f 3047/4187/3313 3076/4184/3310 3023/4188/3282
f 3047/4187/3313 3023/4188/3282 2981/4189/3283
f 3094/4186/3312 3047/4187/3313 3068/4190/3314
f 3120/4170/3297 3094/4186/3312 3077/4191/3315
f 3077/4191/3315 3094/4186/3312 3068/4190/3314
f 3120/4170/3297 3077/4191/3315 3122/4173/3029
f 3068/4190/3314 3047/4187/3313 3051/4192/3316
f 3051/4192/3316 3047/4187/3313 2981/4189/3283
f 3068/4190/3314 3051/4192/3316 3077/4191/3315
f 3122/4173/3029 3077/4191/3315 3082/4193/3317
f 3082/4193/3317 3077/4191/3315 3051/4192/3316
f 3082/4193/3317 3051/4192/3316 3122/4173/3029
f 3051/4192/3316 2981/4189/3283 2974/4194/3318
f 2974/4194/3318 2981/4189/3283 3184/4195/3319
f 2974/4194/3318 3184/4195/3319 3051/4192/3316
f 3122/4173/3029 3051/4192/3316 3056/4196/3030
f 3056/4196/3030 3051/4192/3316 3016/4197/3320
f 3016/4197/3320 3051/4192/3316 3184/4195/3319
f 3056/4196/3030 3016/4197/3320 3015/4198/3321
f 3015/4198/3321 3016/4197/3320 3184/4195/3319
f 3056/4196/3030 3015/4198/3321 3229/4199/3322
f 3056/4196/3030 3229/4199/3322 3250/4200/3032
f 3250/4200/3032 3229/4199/3322 3242/4201/3323
f 3229/4199/3322 3015/4198/3321 3244/4202/3324
f 3229/4199/3322 3244/4202/3324 3242/4201/3323
f 3244/4202/3324 3015/4198/3321 3184/4195/3319
f 3242/4201/3323 3244/4202/3324 3246/4203/3203
f 3244/4202/3324 3184/4195/3319 3241/4204/3325
f 3244/4202/3324 3241/4204/3325 3246/4203/3203
f 3241/4204/3325 3184/4195/3319 3239/4205/3326
f 3246/4203/3203 3241/4204/3325 3249/4206/3204
f 3050/4207/3274 3096/4208/3296 3057/4209/3275
f 3057/4209/3275 3096/4208/3296 3001/4210/3277
f 3096/4208/3296 3050/4207/3274 3101/4211/3327
f 3101/4211/3327 3050/4207/3274 3019/4212/3279
f 3101/4211/3327 3019/4212/3279 3023/4213/3282
f 3101/4211/3327 3023/4213/3282 3076/4214/3310
f 3101/4211/3327 3076/4214/3310 3119/4215/3309
f 3101/4211/3327 3119/4215/3309 3167/4216/3328
f 3167/4216/3328 3119/4215/3309 3135/4217/3329
f 3096/4208/3296 3101/4211/3327 3160/4218/3330
f 3160/4218/3330 3101/4211/3327 3167/4216/3328
f 3167/4216/3328 3135/4217/3329 3168/4219/3331
f 3167/4216/3328 3168/4219/3331 3160/4218/3330
f 3168/4219/3331 3135/4217/3329 3149/4220/3332
f 3096/4208/3296 3160/4218/3330 3123/4221/3333
f 3123/4221/3333 3160/4218/3330 3168/4219/3331
f 3096/4208/3296 3123/4221/3333 3086/4222/3334
f 3096/4208/3296 3086/4222/3334 3058/4223/3294
f 3123/4221/3333 3168/4219/3331 3116/4224/3335
f 3123/4221/3333 3116/4224/3335 3086/4222/3334
f 3116/4224/3335 3168/4219/3331 3149/4220/3332
f 3086/4222/3334 3116/4224/3335 3058/4223/3294
f 3116/4224/3335 3149/4220/3332 3105/4225/3292
f 3116/4224/3335 3105/4225/3292 3058/4223/3294
f 3241/4226/3325 3248/4227/3336 3249/4228/3204
f 3248/4227/3336 3241/4226/3325 3239/4229/3326
f 3248/4227/3336 3239/4229/3326 2981/4230/3283
f 2981/4230/3283 3239/4229/3326 3184/4231/3319
f 3248/4227/3336 2981/4230/3283 3020/4232/3284
f 3249/4228/3204 3248/4227/3336 3227/4233/3337
f 3227/4233/3337 3248/4227/3336 3020/4232/3284
f 3249/4228/3204 3227/4233/3337 3240/4234/3338
f 3240/4234/3338 3227/4233/3337 3020/4232/3284
f 3249/4228/3204 3240/4234/3338 3262/4235/3205
f 3262/4235/3205 3240/4234/3338 3258/4236/3211
f 3240/4234/3338 3020/4232/3284 3186/4237/3339
f 3240/4234/3338 3186/4237/3339 3258/4236/3211
f 3258/4236/3211 3186/4237/3339 2971/4238/3340
f 3258/4236/3211 2971/4238/3340 3257/4239/3212
f 3186/4237/3339 3020/4232/3284 3054/4240/3341
f 3186/4237/3339 3054/4240/3341 2972/4241/3342
f 3186/4237/3339 2972/4241/3342 2971/4238/3340
f 3054/4240/3341 3020/4232/3284 2989/4242/3343
f 2989/4242/3343 3020/4232/3284 3219/4243/3285
f 2989/4242/3343 3219/4243/3285 3218/4244/3289
f 2989/4242/3343 3218/4244/3289 3000/4245/3290
f 2989/4242/3343 3000/4245/3290 3105/4246/3292
f 2989/4242/3343 3105/4246/3292 3085/4247/3344
f 2989/4242/3343 3085/4247/3344 3054/4240/3341
f 3085/4247/3344 3105/4246/3292 3149/4248/3332
f 3085/4247/3344 3149/4248/3332 3135/4249/3329
f 3054/4240/3341 3085/4247/3344 3066/4250/3345
f 3054/4240/3341 3066/4250/3345 2972/4241/3342
f 3085/4247/3344 3135/4249/3329 3095/4251/3346
f 2972/4241/3342 3066/4250/3345 2971/4238/3340
f 3085/4247/3344 3095/4251/3346 3066/4250/3345
f 3095/4251/3346 3135/4249/3329 3119/4252/3309
f 2971/4238/3340 3066/4250/3345 3061/4253/3347
f 3061/4253/3347 3066/4250/3345 3080/4254/3348
f 3080/4254/3348 3066/4250/3345 3095/4251/3346
f 2971/4238/3340 3061/4253/3347 3053/4255/3349
f 3053/4255/3349 3061/4253/3347 3080/4254/3348
f 3095/4251/3346 3119/4252/3309 3113/4256/3350
f 3113/4256/3350 3119/4252/3309 3126/4257/3307
f 3080/4254/3348 3095/4251/3346 3099/4258/3351
f 3099/4258/3351 3095/4251/3346 3113/4256/3350
f 3080/4254/3348 3099/4258/3351 3053/4255/3349
f 3113/4256/3350 3126/4257/3307 3125/4259/3352
f 3125/4259/3352 3126/4257/3307 3127/4260/3306
f 3125/4259/3352 3127/4260/3306 3108/4261/3353
f 3125/4259/3352 3108/4261/3353 3103/4262/3354
f 3113/4256/3350 3125/4259/3352 3087/4263/3355
f 3087/4263/3355 3125/4259/3352 3103/4262/3354
f 3113/4256/3350 3087/4263/3355 3099/4258/3351
f 3087/4263/3355 3103/4262/3354 3055/4264/3356
f 3099/4258/3351 3087/4263/3355 3060/4265/3357
f 3060/4265/3357 3087/4263/3355 3055/4264/3356
f 3099/4258/3351 3060/4265/3357 3053/4255/3349
f 3060/4265/3357 3055/4264/3356 2960/4266/3358
f 3060/4265/3357 2960/4266/3358 3196/4267/3359
f 3060/4265/3357 3196/4267/3359 3053/4255/3349
f 3053/4255/3349 3196/4267/3359 3228/4268/3360
f 3228/4268/3360 3196/4267/3359 3259/4269/3361
f 3053/4255/3349 3228/4268/3360 2971/4238/3340
f 3228/4268/3360 3259/4269/3361 3257/4239/3212
f 3228/4268/3360 3257/4239/3212 2971/4238/3340
f 3558/4270/3362 3559/4271/3363 3562/4272/3364
f 3558/4270/3362 3562/4272/3364 3566/4273/3365
f 3566/4273/3365 3562/4272/3364 3567/4274/3366
f 3559/4271/3363 3558/4270/3362 3555/4275/3367
f 3567/4274/3366 3562/4272/3364 3565/4276/3368
f 3565/4276/3368 3562/4272/3364 3559/4271/3363
f 3567/4274/3366 3565/4276/3368 3564/4277/3369
f 3564/4277/3369 3565/4276/3368 3557/4278/3370
f 3557/4278/3370 3565/4276/3368 3559/4271/3363
f 3564/4277/3369 3557/4278/3370 3556/4279/3371
f 3559/4271/3363 3555/4275/3367 3554/4280/3372
f 3559/4271/3363 3554/4280/3372 3557/4278/3370
f 3554/4280/3372 3555/4275/3367 3537/4281/3373
f 3554/4280/3372 3537/4281/3373 3531/4282/3374
f 3554/4280/3372 3531/4282/3374 3529/4283/3375
f 3554/4280/3372 3529/4283/3375 3557/4278/3370
f 3557/4278/3370 3529/4283/3375 3556/4279/3371
f 3556/4279/3371 3529/4283/3375 3549/4284/3376
f 3558/4285/3362 3545/4286/3377 3555/4287/3367
f 3555/4287/3367 3545/4286/3377 3537/4288/3373
f 3537/4288/3373 3545/4286/3377 3533/4289/3378
f 3537/4288/3373 3533/4289/3378 3531/4290/3374
f 3533/4289/3378 3545/4286/3377 3541/4291/3379
f 3541/4291/3379 3545/4286/3377 3558/4285/3362
f 3552/4292/3380 3541/4291/3379 3558/4285/3362
f 3552/4292/3380 3558/4285/3362 3561/4293/3381
f 3552/4292/3380 3561/4293/3381 3547/4294/3382
f 3561/4293/3381 3558/4285/3362 3566/4295/3365
f 3547/4294/3382 3561/4293/3381 3546/4296/3383
f 3546/4296/3383 3561/4293/3381 3548/4297/3384
f 3548/4297/3384 3561/4293/3381 3566/4295/3365
f 3548/4297/3384 3566/4295/3365 3563/4298/3385
f 3548/4297/3384 3563/4298/3385 3544/4299/3386
f 3563/4298/3385 3566/4295/3365 3567/4300/3366
f 3544/4299/3386 3563/4298/3385 3549/4301/3376
f 3563/4298/3385 3567/4300/3366 3560/4302/3387
f 3563/4298/3385 3560/4302/3387 3549/4301/3376
f 3560/4302/3387 3567/4300/3366 3564/4303/3369
f 3549/4301/3376 3560/4302/3387 3556/4304/3371
f 3556/4304/3371 3560/4302/3387 3564/4303/3369
f 3526/4305/3388 3516/4306/3389 3515/4307/3390
f 3526/4305/3388 3515/4307/3390 3519/4308/3391
f 3526/4305/3388 3519/4308/3391 3533/4309/3378
f 3533/4309/3378 3519/4308/3391 3531/4310/3374
f 3531/4310/3374 3519/4308/3391 3529/4311/3375
f 3519/4308/3391 3515/4307/3390 3494/4312/3392
f 3519/4308/3391 3494/4312/3392 3529/4311/3375
f 3494/4312/3392 3515/4307/3390 3516/4306/3389
f 3529/4311/3375 3494/4312/3392 3527/4313/3393
f 3529/4311/3375 3527/4313/3393 3549/4314/3376
f 3549/4314/3376 3527/4313/3393 3544/4315/3386
f 3544/4315/3386 3527/4313/3393 3548/4316/3384
f 3527/4313/3393 3494/4312/3392 3528/4317/3394
f 3528/4317/3394 3494/4312/3392 3516/4306/3389
f 3527/4313/3393 3528/4317/3394 3548/4316/3384
f 3548/4316/3384 3528/4317/3394 3546/4318/3383
f 3543/4319/3395 3535/4320/3396 3540/4321/3397
f 3543/4319/3395 3540/4321/3397 3553/4322/3398
f 3490/4323/3399 3479/4324/3400 3486/4325/3401
f 3479/4324/3400 3468/4326/3402 3472/4327/3403
f 3479/4324/3400 3472/4327/3403 3486/4325/3401
f 3472/4327/3403 3468/4326/3402 3463/4328/3404
f 3472/4327/3403 3463/4328/3404 3470/4329/3405
f 3470/4329/3405 3463/4328/3404 3464/4330/3406
f 3470/4329/3405 3464/4330/3406 3471/4331/3407
f 3472/4327/3403 3470/4329/3405 3477/4332/3408
f 3472/4327/3403 3477/4332/3408 3486/4325/3401
f 3470/4329/3405 3471/4331/3407 3476/4333/3409
f 3470/4329/3405 3476/4333/3409 3477/4332/3408
f 3476/4333/3409 3471/4331/3407 3482/4334/3410
f 3482/4334/3410 3471/4331/3407 3473/4335/3411
f 3477/4332/3408 3476/4333/3409 3488/4336/3412
f 3488/4336/3412 3476/4333/3409 3482/4334/3410
f 3482/4334/3410 3473/4335/3411 3481/4337/3413
f 3481/4337/3413 3473/4335/3411 3478/4338/3414
f 3482/4334/3410 3481/4337/3413 3489/4339/3415
f 3489/4339/3415 3481/4337/3413 3478/4338/3414
f 3482/4334/3410 3489/4339/3415 3497/4340/3416
f 3482/4334/3410 3497/4340/3416 3488/4336/3412
f 3489/4339/3415 3478/4338/3414 3496/4341/3417
f 3496/4341/3417 3478/4338/3414 3487/4342/3418
f 3497/4340/3416 3489/4339/3415 3500/4343/3419
f 3500/4343/3419 3489/4339/3415 3496/4341/3417
f 3496/4341/3417 3487/4342/3418 3501/4344/3420
f 3500/4343/3419 3496/4341/3417 3503/4345/3421
f 3500/4343/3419 3503/4345/3421 3497/4340/3416
f 3503/4345/3421 3496/4341/3417 3501/4344/3420
f 3497/4340/3416 3503/4345/3421 3505/4346/3422
f 3497/4340/3416 3505/4346/3422 3488/4336/3412
f 3503/4345/3421 3501/4344/3420 3506/4347/3423
f 3503/4345/3421 3506/4347/3423 3505/4346/3422
f 3506/4347/3423 3501/4344/3420 3508/4348/3424
f 3508/4348/3424 3501/4344/3420 3499/4349/3425
f 3505/4346/3422 3506/4347/3423 3517/4350/3426
f 3517/4350/3426 3506/4347/3423 3508/4348/3424
f 3508/4348/3424 3499/4349/3425 3514/4351/3427
f 3508/4348/3424 3514/4351/3427 3517/4350/3426
f 3514/4351/3427 3499/4349/3425 3509/4352/3428
f 3502/4353/3429 3488/4336/3412 3505/4346/3422
f 3505/4346/3422 3517/4350/3426 3512/4354/3430
f 3505/4346/3422 3512/4354/3430 3502/4353/3429
f 3488/4336/3412 3502/4353/3429 3491/4355/3431
f 3488/4336/3412 3491/4355/3431 3477/4332/3408
f 3477/4332/3408 3491/4355/3431 3485/4356/3432
f 3477/4332/3408 3485/4356/3432 3486/4325/3401
f 3485/4356/3432 3491/4355/3431 3498/4357/3433
f 3498/4357/3433 3491/4355/3431 3502/4353/3429
f 3485/4356/3432 3498/4357/3433 3486/4325/3401
f 3498/4357/3433 3502/4353/3429 3507/4358/3434
f 3498/4357/3433 3507/4358/3434 3486/4325/3401
f 3507/4358/3434 3502/4353/3429 3512/4354/3430
f 3486/4325/3401 3507/4358/3434 3490/4323/3399
f 3490/4323/3399 3507/4358/3434 3511/4359/3435
f 3511/4359/3435 3507/4358/3434 3512/4354/3430
f 3490/4323/3399 3511/4359/3435 3510/4360/3436
f 3511/4359/3435 3512/4354/3430 3523/4361/3437
f 3523/4361/3437 3512/4354/3430 3517/4350/3426
f 3510/4360/3436 3511/4359/3435 3520/4362/3438
f 3520/4362/3438 3511/4359/3435 3523/4361/3437
f 3510/4360/3436 3520/4362/3438 3513/4363/3439
f 3523/4361/3437 3517/4350/3426 3521/4364/3440
f 3523/4361/3437 3521/4364/3440 3520/4362/3438
f 3520/4362/3438 3521/4364/3440 3513/4363/3439
f 3521/4364/3440 3517/4350/3426 3514/4351/3427
f 3521/4364/3440 3514/4351/3427 3518/4365/3441
f 3521/4364/3440 3518/4365/3441 3513/4363/3439
f 3518/4365/3441 3514/4351/3427 3509/4352/3428
f 3513/4363/3439 3518/4365/3441 3504/4366/3442
f 3504/4366/3442 3518/4365/3441 3509/4352/3428
f 3513/4363/3439 3504/4366/3442 3495/4367/3443
f 3495/4367/3443 3504/4366/3442 3509/4352/3428
f 3535/4368/3396 3530/4369/3444 3540/4370/3397
f 3530/4369/3444 3535/4368/3396 3524/4371/3445
f 3530/4369/3444 3524/4371/3445 3522/4372/3446
f 3534/4373/3447 3540/4370/3397 3530/4369/3444
f 3534/4373/3447 3530/4369/3444 3522/4372/3446
f 3522/4372/3446 3524/4371/3445 3525/4374/3448
f 3522/4372/3446 3525/4374/3448 3534/4373/3447
f 3524/4371/3445 3538/4375/3449 3536/4376/3450
f 3524/4371/3445 3536/4376/3450 3525/4374/3448
f 3536/4376/3450 3538/4375/3449 3551/4377/3451
f 3551/4377/3451 3538/4375/3449 3553/4378/3398
f 3550/4379/3452 3553/4378/3398 3540/4370/3397
f 3550/4379/3452 3540/4370/3397 3534/4373/3447
f 3553/4378/3398 3550/4379/3452 3551/4377/3451
f 3532/4380/3453 3534/4373/3447 3525/4374/3448
f 3539/4381/3454 3525/4374/3448 3536/4376/3450
f 3525/4374/3448 3539/4381/3454 3532/4380/3453
f 3539/4381/3454 3536/4376/3450 3551/4377/3451
f 3534/4373/3447 3532/4380/3453 3542/4382/3455
f 3534/4373/3447 3542/4382/3455 3550/4379/3452
f 3542/4382/3455 3532/4380/3453 3539/4381/3454
f 3550/4379/3452 3542/4382/3455 3551/4377/3451
f 3551/4377/3451 3542/4382/3455 3539/4381/3454
f 3463/4383/3404 3462/4384/3456 3464/4385/3406
f 3462/4384/3456 3463/4383/3404 3466/4386/3457
f 3466/4386/3457 3463/4383/3404 3468/4387/3402
f 3464/4385/3406 3462/4384/3456 3467/4388/3458
f 3467/4388/3458 3462/4384/3456 3466/4386/3457
f 3466/4386/3457 3468/4387/3402 3469/4389/3459
f 3466/4386/3457 3469/4389/3459 3480/4390/3460
f 3480/4390/3460 3469/4389/3459 3495/4391/3443
f 3466/4386/3457 3480/4390/3460 3475/4392/3461
f 3466/4386/3457 3475/4392/3461 3467/4388/3458
f 3480/4390/3460 3495/4391/3443 3492/4393/3462
f 3480/4390/3460 3492/4393/3462 3475/4392/3461
f 3492/4393/3462 3495/4391/3443 3509/4394/3428
f 3492/4393/3462 3509/4394/3428 3499/4395/3425
f 3475/4392/3461 3492/4393/3462 3483/4396/3463
f 3483/4396/3463 3492/4393/3462 3499/4395/3425
f 3475/4392/3461 3483/4396/3463 3467/4388/3458
f 3483/4396/3463 3499/4395/3425 3493/4397/3464
f 3493/4397/3464 3499/4395/3425 3501/4398/3420
f 3483/4396/3463 3493/4397/3464 3484/4399/3465
f 3484/4399/3465 3493/4397/3464 3501/4398/3420
f 3483/4396/3463 3484/4399/3465 3467/4388/3458
f 3484/4399/3465 3501/4398/3420 3487/4400/3418
f 3484/4399/3465 3487/4400/3418 3474/4401/3466
f 3484/4399/3465 3474/4401/3466 3467/4388/3458
f 3474/4401/3466 3487/4400/3418 3478/4402/3414
f 3474/4401/3466 3478/4402/3414 3473/4403/3411
f 3467/4388/3458 3474/4401/3466 3465/4404/3467
f 3465/4404/3467 3474/4401/3466 3473/4403/3411
f 3467/4388/3458 3465/4404/3467 3464/4385/3406
f 3465/4404/3467 3473/4403/3411 3471/4405/3407
f 3465/4404/3467 3471/4405/3407 3464/4385/3406
f 3448/4406/3468 3442/4407/3469 3452/4408/3470
f 3452/4408/3470 3442/4407/3469 3455/4409/3471
f 3442/4407/3469 3434/4410/3472 3447/4411/3473
f 3447/4411/3473 3434/4410/3472 3435/4412/3474
f 3442/4407/3469 3447/4411/3473 3455/4409/3471
f 3447/4411/3473 3435/4412/3474 3451/4413/3475
f 3447/4411/3473 3451/4413/3475 3454/4414/3476
f 3447/4411/3473 3454/4414/3476 3455/4409/3471
f 3454/4414/3476 3451/4413/3475 3456/4415/3477
f 3455/4409/3471 3454/4414/3476 3459/4416/3478
f 3459/4416/3478 3454/4414/3476 3456/4415/3477
f 3455/4409/3471 3459/4416/3478 3461/4417/3479
f 3461/4417/3479 3459/4416/3478 3456/4415/3477
f 3439/4418/3480 3448/4419/3468 3450/4420/3481
f 3450/4420/3481 3448/4419/3468 3452/4421/3470
f 3435/4422/3474 3439/4418/3480 3451/4423/3475
f 3451/4423/3475 3439/4418/3480 3450/4420/3481
f 3451/4423/3475 3450/4420/3481 3457/4424/3482
f 3451/4423/3475 3457/4424/3482 3453/4425/3483
f 3451/4423/3475 3453/4425/3483 3456/4426/3477
f 3457/4424/3482 3450/4420/3481 3460/4427/3484
f 3460/4427/3484 3450/4420/3481 3452/4421/3470
f 3460/4427/3484 3452/4421/3470 3455/4428/3471
f 3460/4427/3484 3455/4428/3471 3461/4429/3479
f 3456/4426/3477 3453/4425/3483 3458/4430/3485
f 3458/4430/3485 3453/4425/3483 3457/4424/3482
f 3456/4426/3477 3458/4430/3485 3461/4429/3479
f 3458/4430/3485 3457/4424/3482 3460/4427/3484
f 3458/4430/3485 3460/4427/3484 3461/4429/3479
f 3425/4431/3486 3432/4432/3487 3428/4433/3488
f 3428/4433/3488 3432/4432/3487 3436/4434/3489
f 3428/4433/3488 3436/4434/3489 3429/4435/3490
f 3432/4432/3487 3425/4431/3486 3430/4436/3491
f 3430/4436/3491 3425/4431/3486 3427/4437/3492
f 3430/4436/3491 3427/4437/3492 3433/4438/3493
f 3430/4436/3491 3433/4438/3493 3438/4439/3494
f 3430/4436/3491 3438/4439/3494 3441/4440/3495
f 3430/4436/3491 3441/4440/3495 3432/4432/3487
f 3441/4440/3495 3438/4439/3494 3446/4441/3496
f 3443/4442/3497 3436/4434/3489 3432/4432/3487
f 3443/4442/3497 3432/4432/3487 3441/4440/3495
f 3441/4440/3495 3446/4441/3496 3449/4443/3498
f 3441/4440/3495 3449/4443/3498 3443/4442/3497
f 3449/4443/3498 3446/4441/3496 3444/4444/3499
f 3443/4442/3497 3449/4443/3498 3445/4445/3500
f 3445/4445/3500 3449/4443/3498 3444/4444/3499
f 3443/4442/3497 3445/4445/3500 3436/4434/3489
f 3445/4445/3500 3444/4444/3499 3437/4446/3501
f 3437/4446/3501 3444/4444/3499 3433/4447/3493
f 3437/4446/3501 3433/4447/3493 3427/4448/3492
f 3445/4445/3500 3437/4446/3501 3431/4449/3502
f 3431/4449/3502 3437/4446/3501 3427/4448/3492
f 3445/4445/3500 3431/4449/3502 3436/4434/3489
f 3431/4449/3502 3427/4448/3492 3426/4450/3503
f 3436/4434/3489 3431/4449/3502 3429/4435/3490
f 3429/4435/3490 3431/4449/3502 3426/4450/3503
f 3426/4451/3503 3427/4452/3492 3425/4453/3486
f 3440/4454/3504 3446/4455/3496 3438/4456/3494
f 3446/4455/3496 3440/4454/3504 3444/4457/3499
f 3440/4454/3504 3438/4456/3494 3433/4458/3493
f 3440/4454/3504 3433/4458/3493 3444/4457/3499
f 3639/4459/2826 3705/4460/2826 3707/4461/2826
f 3583/4462/3505 3581/4463/3505 3580/4464/3505 3582/4465/3505
f 3639/4459/2826 3707/4461/2826 3568/4466/2826
f 3606/4467/3506 3608/4468/3506 3611/4469/3506 3609/4470/3506
f 3639/4459/2826 3701/4471/2826 3703/4472/2826
f 3604/4473/3507 3606/4467/3507 3609/4470/3507 3607/4474/3507
f 3639/4459/2826 3699/4475/2826 3701/4471/2826
f 3579/4476/3508 3577/4475/3508 3576/4477/3508 3578/4478/3508
f 3639/4459/2826 3697/4476/2826 3699/4475/2826
f 3593/4479/3509 3591/4480/3509 3590/4481/3509 3592/4482/3509
f 3697/4476/3510 3695/4463/3510 3696/4464/3510 3698/4478/3510
f 3591/4480/3511 3589/4483/3511 3588/4484/3511 3590/4481/3511
f 3639/4459/2826 3693/4462/2826 3695/4463/2826
f 3599/4485/3512 3597/4486/3512 3596/4487/3512 3598/4488/3512
f 3639/4459/2826 3691/4489/2826 3693/4462/2826
f 3595/4490/3513 3593/4479/3513 3592/4482/3513 3594/4491/3513
f 3639/4459/2826 3689/4492/2826 3691/4489/2826
f 3597/4486/3514 3595/4490/3514 3594/4491/3514 3596/4487/3514
f 3639/4459/2826 3687/4483/2826 3689/4492/2826
f 3630/4493/3515 3632/4494/3515 3635/4495/3515 3633/4496/3515
f 3639/4459/2826 3685/4480/2826 3687/4483/2826
f 3602/4459/2827 3579/4476/2827 3581/4463/2827
f 3639/4459/2826 3683/4479/2826 3685/4480/2826
f 3612/4497/3516 3614/4498/3516 3617/4499/3516 3615/4500/3516
f 3639/4459/2826 3681/4490/2826 3683/4479/2826
f 3587/4492/3517 3585/4489/3517 3584/4501/3517 3586/4502/3517
f 3679/4486/2826 3681/4490/2826 3639/4459/2826
f 3624/4503/3518 3626/4504/3518 3629/4505/3518 3627/4506/3518
f 3679/4486/2826 3639/4459/2826 3677/4485/2826
f 3626/4504/3519 3628/4507/3519 3631/4508/3519 3629/4505/3519
f 3639/4459/2826 3675/4509/2826 3677/4485/2826
f 3610/4510/3520 3612/4497/3520 3615/4500/3520 3613/4511/3520
f 3639/4459/2826 3673/4512/2826 3675/4509/2826
f 3602/4459/2827 3620/4513/2827 3618/4514/2827
f 3639/4459/2826 3671/4515/2826 3673/4512/2826
f 3602/4459/2827 3604/4473/2827 3603/4466/2827
f 3639/4459/2826 3669/4494/2826 3671/4515/2826
f 3602/4459/2827 3608/4468/2827 3606/4467/2827
f 3639/4459/2826 3667/4493/2826 3669/4494/2826
f 3602/4459/2827 3612/4497/2827 3610/4510/2827
f 3639/4459/2826 3665/4507/2826 3667/4493/2826
f 3602/4459/2827 3616/4516/2827 3614/4498/2827
f 3639/4459/2826 3663/4504/2826 3665/4507/2826
f 3620/4513/3521 3623/4517/3521 3621/4518/3521 3618/4514/3521
f 3639/4459/2826 3661/4503/2826 3663/4504/2826
f 3602/4459/2827 3624/4503/2827 3622/4519/2827
f 3639/4459/2826 3659/4519/2826 3661/4503/2826
f 3602/4459/2827 3628/4507/2827 3626/4504/2827
f 3639/4459/2826 3657/4513/2826 3659/4519/2826
f 3602/4459/2827 3632/4494/2827 3630/4493/2827
f 3657/4513/3522 3655/4514/3522 3656/4518/3522 3658/4517/3522
f 3602/4459/2827 3636/4512/2827 3634/4515/2827
f 3639/4459/2826 3653/4516/2826 3655/4514/2826
f 3602/4459/2827 3599/4485/2827 3601/4509/2827
f 3639/4459/2826 3651/4498/2826 3653/4516/2826
f 3597/4486/2827 3602/4459/2827 3595/4490/2827
f 3639/4459/2826 3649/4497/2826 3651/4498/2826
f 3602/4459/2827 3591/4480/2827 3593/4479/2827
f 3639/4459/2826 3647/4510/2826 3649/4497/2826
f 3602/4459/2827 3587/4492/2827 3589/4483/2827
f 3639/4459/2826 3645/4468/2826 3647/4510/2826
f 3602/4459/2827 3583/4462/2827 3585/4489/2827
f 3639/4459/2826 3643/4467/2826 3645/4468/2826
f 3579/4476/3523 3578/4478/3523 3580/4464/3523 3581/4463/3523
f 3639/4459/2826 3640/4473/2826 3643/4467/2826
f 3602/4459/2827 3575/4471/2827 3577/4475/2827
f 3639/4459/2826 3568/4466/2826 3640/4473/2826
f 3602/4459/2827 3603/4466/2827 3569/4461/2827
f 3639/4459/2826 3703/4472/2826 3705/4460/2826
f 3608/4468/3524 3610/4510/3524 3613/4511/3524 3611/4469/3524
f 3632/4494/3525 3634/4515/3525 3637/4520/3525 3635/4495/3525
f 3602/4459/2827 3571/4460/2827 3573/4472/2827
f 3602/4459/2827 3634/4515/2827 3632/4494/2827
f 3602/4459/2827 3573/4472/2827 3575/4471/2827
f 3603/4466/3526 3604/4473/3526 3607/4474/3526 3605/4521/3526
f 3601/4509/3527 3599/4485/3527 3598/4488/3527 3600/4522/3527
f 3620/4513/3528 3622/4519/3528 3625/4523/3528 3623/4517/3528
f 3602/4459/2827 3622/4519/2827 3620/4513/2827
f 3602/4459/2827 3585/4489/2827 3587/4492/2827
f 3573/4472/3529 3571/4460/3529 3570/4524/3529 3572/4525/3529
f 3614/4498/3530 3616/4516/3530 3619/4526/3530 3617/4499/3530
f 3602/4459/2827 3610/4510/2827 3608/4468/2827
f 3597/4486/2827 3599/4485/2827 3602/4459/2827
f 3636/4512/3531 3601/4509/3531 3600/4522/3531 3638/4527/3531
f 3622/4519/3532 3624/4503/3532 3627/4506/3532 3625/4523/3532
f 3602/4459/2827 3630/4493/2827 3628/4507/2827
f 3602/4459/2827 3577/4475/2827 3579/4476/2827
f 3571/4460/3533 3569/4461/3533 3709/4528/3533 3570/4524/3533
f 3589/4483/3534 3587/4492/3534 3586/4502/3534 3588/4484/3534
f 3575/4471/3535 3573/4472/3535 3572/4525/3535 3574/4529/3535
f 3602/4459/2827 3618/4514/2827 3616/4516/2827
f 3602/4459/2827 3589/4483/2827 3591/4480/2827
f 3569/4461/3536 3603/4466/3536 3605/4521/3536 3709/4528/3536
f 3628/4507/3537 3630/4493/3537 3633/4496/3537 3631/4508/3537
f 3602/4459/2827 3606/4467/2827 3604/4473/2827
f 3602/4459/2827 3601/4509/2827 3636/4512/2827
f 3602/4459/2827 3569/4461/2827 3571/4460/2827
f 3634/4515/3538 3636/4512/3538 3638/4527/3538 3637/4520/3538
f 3577/4475/3539 3575/4471/3539 3574/4529/3539 3576/4477/3539
f 3602/4459/2827 3626/4504/2827 3624/4503/2827
f 3602/4459/2827 3581/4463/2827 3583/4462/2827
f 3585/4489/3540 3583/4462/3540 3582/4465/3540 3584/4501/3540
f 3616/4516/3541 3618/4514/3541 3621/4518/3541 3619/4526/3541
f 3602/4459/2827 3614/4498/2827 3612/4497/2827
f 3602/4459/2827 3593/4479/2827 3595/4490/2827
f 3639/4459/2826 3655/4514/2826 3657/4513/2826
f 3659/4519/3542 3660/4523/3542 3662/4506/3542 3661/4503/3542
f 3647/4510/3543 3648/4511/3543 3650/4500/3543 3649/4497/3543
f 3699/4475/3544 3700/4477/3544 3702/4529/3544 3701/4471/3544
f 3663/4504/3545 3664/4505/3545 3666/4508/3545 3665/4507/3545
f 3657/4513/3546 3658/4517/3546 3660/4523/3546 3659/4519/3546
f 3661/4503/3547 3662/4506/3547 3664/4505/3547 3663/4504/3547
f 3701/4471/3548 3702/4529/3548 3704/4525/3548 3703/4472/3548
f 3689/4492/3549 3690/4502/3549 3692/4501/3549 3691/4489/3549
f 3653/4516/3550 3654/4526/3550 3656/4518/3550 3655/4514/3550
f 3649/4497/3551 3650/4500/3551 3652/4499/3551 3651/4498/3551
f 3651/4498/3552 3652/4499/3552 3654/4526/3552 3653/4516/3552
f 3639/4459/2826 3695/4463/2826 3697/4476/2826
f 3665/4507/3553 3666/4508/3553 3668/4496/3553 3667/4493/3553
f 3667/4493/3554 3668/4496/3554 3670/4495/3554 3669/4494/3554
f 3669/4494/3555 3670/4495/3555 3672/4520/3555 3671/4515/3555
f 3679/4486/3556 3680/4487/3556 3682/4491/3556 3681/4490/3556
f 3673/4512/3557 3674/4527/3557 3676/4522/3557 3675/4509/3557
f 3681/4490/3558 3682/4491/3558 3684/4482/3558 3683/4479/3558
f 3671/4515/3559 3672/4520/3559 3674/4527/3559 3673/4512/3559
f 3677/4485/3560 3678/4488/3560 3680/4487/3560 3679/4486/3560
f 3675/4509/3561 3676/4522/3561 3678/4488/3561 3677/4485/3561
f 3685/4480/3562 3686/4481/3562 3688/4484/3562 3687/4483/3562
f 3687/4483/3563 3688/4484/3563 3690/4502/3563 3689/4492/3563
f 3683/4479/3564 3684/4482/3564 3686/4481/3564 3685/4480/3564
f 3691/4489/3565 3692/4501/3565 3694/4465/3565 3693/4462/3565
f 3697/4476/3566 3698/4478/3566 3700/4477/3566 3699/4475/3566
f 3703/4472/3567 3704/4525/3567 3706/4524/3567 3705/4460/3567
f 3640/4473/3568 3641/4474/3568 3644/4470/3568 3643/4467/3568
f 3707/4461/3569 3708/4528/3569 3642/4521/3569 3568/4466/3569
f 3643/4467/3570 3644/4470/3570 3646/4469/3570 3645/4468/3570
f 3705/4460/3571 3706/4524/3571 3708/4528/3571 3707/4461/3571
f 3568/4466/3572 3642/4521/3572 3641/4474/3572 3640/4473/3572
f 3645/4468/3573 3646/4469/3573 3648/4511/3573 3647/4510/3573
f 3693/4462/3574 3694/4465/3574 3696/4464/3574 3695/4463/3574
f 3684/4482/3575 3682/4491/3575 3594/4491/3575 3592/4482/3575
f 3698/4478/3576 3696/4464/3576 3580/4464/3576 3578/4478/3576
f 3644/4470/3577 3641/4474/3577 3607/4474/3577 3609/4470/3577
f 3654/4526/3578 3652/4499/3578 3617/4499/3578 3619/4526/3578
f 3664/4505/3579 3662/4506/3579 3627/4506/3579 3629/4505/3579
f 3686/4481/3580 3684/4482/3580 3592/4482/3580 3590/4481/3580
f 3700/4477/3581 3698/4478/3581 3578/4478/3581 3576/4477/3581
f 3674/4527/3582 3672/4520/3582 3637/4520/3582 3638/4527/3582
f 3650/4500/3583 3648/4511/3583 3613/4511/3583 3615/4500/3583
f 3660/4523/3584 3658/4517/3584 3623/4517/3584 3625/4523/3584
f 3688/4484/3585 3686/4481/3585 3590/4481/3585 3588/4484/3585
f 3670/4495/3586 3668/4496/3586 3633/4496/3586 3635/4495/3586
f 3702/4529/3587 3700/4477/3587 3576/4477/3587 3574/4529/3587
f 3676/4522/3588 3674/4527/3588 3638/4527/3588 3600/4522/3588
f 3690/4502/3589 3688/4484/3589 3588/4484/3589 3586/4502/3589
f 3646/4469/3590 3644/4470/3590 3609/4470/3590 3611/4469/3590
f 3704/4525/3591 3702/4529/3591 3574/4529/3591 3572/4525/3591
f 3656/4518/3592 3654/4526/3592 3619/4526/3592 3621/4518/3592
f 3666/4508/3593 3664/4505/3593 3629/4505/3593 3631/4508/3593
f 3678/4488/3594 3676/4522/3594 3600/4522/3594 3598/4488/3594
f 3692/4501/3595 3690/4502/3595 3586/4502/3595 3584/4501/3595
f 3706/4524/3596 3704/4525/3596 3572/4525/3596 3570/4524/3596
f 3641/4474/3597 3642/4521/3597 3605/4521/3597 3607/4474/3597
f 3652/4499/3598 3650/4500/3598 3615/4500/3598 3617/4499/3598
f 3662/4506/3599 3660/4523/3599 3625/4523/3599 3627/4506/3599
f 3680/4487/3600 3678/4488/3600 3598/4488/3600 3596/4487/3600
f 3672/4520/3601 3670/4495/3601 3635/4495/3601 3637/4520/3601
f 3694/4465/3602 3692/4501/3602 3584/4501/3602 3582/4465/3602
f 3708/4528/3603 3706/4524/3603 3570/4524/3603 3709/4528/3603
f 3682/4491/3604 3680/4487/3604 3596/4487/3604 3594/4491/3604
f 3642/4521/3605 3708/4528/3605 3709/4528/3605 3605/4521/3605
f 3648/4511/3606 3646/4469/3606 3611/4469/3606 3613/4511/3606
f 3696/4464/3607 3694/4465/3607 3582/4465/3607 3580/4464/3607
f 3658/4517/3608 3656/4518/3608 3621/4518/3608 3623/4517/3608
f 3668/4496/3609 3666/4508/3609 3631/4508/3609 3633/4496/3609
l 997 999
l 135 167
